Store_id,Operator_id,City_id,Location_latitude,Location_longitude,Contact_email,Contact_mobile,Operating_Hours,Inventory_capacity
1,7,1,19.076463580177847,72.87273495636832,store1@mumbai.com,9697402031,9 AM - 9 PM,86
2,7,1,19.145920416871373,72.90898599072668,store2@mumbai.com,9069668218,9 AM - 9 PM,248
3,7,1,19.04622528457726,72.92893202132562,store3@mumbai.com,9974926694,9 AM - 9 PM,332
4,7,1,19.06417024908753,72.79400558643425,store4@mumbai.com,9530894586,9 AM - 9 PM,239
5,7,1,19.062797328965868,72.8423957753691,store5@mumbai.com,9062473197,9 AM - 9 PM,309
6,7,1,19.076276577375253,72.88418225640332,store6@mumbai.com,9463233143,9 AM - 9 PM,165
7,7,1,19.10824440458472,72.88562159157708,store7@mumbai.com,9965866463,9 AM - 9 PM,103
8,7,1,19.064521303786783,72.95189495701287,store8@mumbai.com,9950141662,9 AM - 9 PM,323
9,7,1,19.050451936480602,72.8729958439062,store9@mumbai.com,9108304210,9 AM - 9 PM,499
10,7,1,19.103163351296793,72.83356551197744,store10@mumbai.com,9112430429,9 AM - 9 PM,473
11,7,1,19.085646091077248,72.88228665242256,store11@mumbai.com,9106304989,9 AM - 9 PM,276
12,7,1,18.997467383421544,72.92413602186294,store12@mumbai.com,9348270727,9 AM - 9 PM,66
13,7,1,19.086639370713215,72.97058346959537,store13@mumbai.com,9924164601,9 AM - 9 PM,398
14,7,1,19.083477808061378,72.8986755205711,store14@mumbai.com,9202676289,9 AM - 9 PM,330
15,7,1,19.03267399598048,72.93503550916068,store15@mumbai.com,9787895586,9 AM - 9 PM,159
16,7,1,19.074626068348604,72.8383563021077,store16@mumbai.com,9851224807,9 AM - 9 PM,94
17,7,1,19.07590932460651,72.87273781694678,store17@mumbai.com,9873522320,9 AM - 9 PM,195
18,7,1,19.125974704615558,72.89720918533418,store18@mumbai.com,9612919702,9 AM - 9 PM,496
19,7,1,19.16376819908289,72.89588680342163,store19@mumbai.com,9872287100,9 AM - 9 PM,318
20,7,1,19.03178423578878,72.8102573672086,store20@mumbai.com,9742130534,9 AM - 9 PM,81
21,7,1,19.03717214651185,72.82875696400868,store21@mumbai.com,9310451532,9 AM - 9 PM,288
22,7,1,19.01124425792779,72.86346134065353,store22@mumbai.com,9594339750,9 AM - 9 PM,389
23,7,1,19.028353010213667,72.85202622512526,store23@mumbai.com,9862278274,9 AM - 9 PM,497
24,7,1,19.078206549884904,72.8778810128835,store24@mumbai.com,9310728416,9 AM - 9 PM,260
25,7,1,19.067124946026453,72.8402878274563,store25@mumbai.com,9131071618,9 AM - 9 PM,220
26,7,1,19.080813956669914,72.88454904425568,store26@mumbai.com,9964623397,9 AM - 9 PM,288
27,7,1,19.0509194217423,72.89469222717538,store27@mumbai.com,9698152211,9 AM - 9 PM,332
28,7,1,19.12832854599833,72.82134008748896,store28@mumbai.com,9402887299,9 AM - 9 PM,491
29,7,1,19.0485347971764,72.82294244026781,store29@mumbai.com,9674042697,9 AM - 9 PM,138
30,7,1,19.124280282786042,72.818243763966,store30@mumbai.com,9686258828,9 AM - 9 PM,91
31,7,1,19.15776105370674,72.85254095095283,store31@mumbai.com,9220365588,9 AM - 9 PM,89
32,7,1,19.09628833133252,72.87852630475263,store32@mumbai.com,9907115382,9 AM - 9 PM,219
33,7,1,19.069061745021788,72.87468357497325,store33@mumbai.com,9775133956,9 AM - 9 PM,253
34,7,1,19.065249406110087,72.88276553580562,store34@mumbai.com,9055894452,9 AM - 9 PM,119
35,7,1,19.071589576548046,72.92960763551076,store35@mumbai.com,9009780871,9 AM - 9 PM,339
36,7,1,19.108441643170917,72.90481094440408,store36@mumbai.com,9571472018,9 AM - 9 PM,188
37,7,1,19.13584037363107,72.86648078463436,store37@mumbai.com,9814356681,9 AM - 9 PM,77
38,7,1,19.081265027550742,72.91850049040058,store38@mumbai.com,9941877722,9 AM - 9 PM,361
39,7,1,19.05819839956242,72.91299749141612,store39@mumbai.com,9525838699,9 AM - 9 PM,116
40,7,1,19.09299438608174,72.86824940307935,store40@mumbai.com,9250483953,9 AM - 9 PM,231
41,7,1,19.105462178159147,72.80748340574407,store41@mumbai.com,9089634934,9 AM - 9 PM,441
42,7,1,19.078550954872846,72.88024872969024,store42@mumbai.com,9622572160,9 AM - 9 PM,263
43,7,1,19.05332015088108,72.87509999323947,store43@mumbai.com,9729738664,9 AM - 9 PM,223
44,7,1,19.11587940753046,72.93130576304895,store44@mumbai.com,9893673860,9 AM - 9 PM,270
45,7,1,19.05530013360055,72.87252050031236,store45@mumbai.com,9867408356,9 AM - 9 PM,151
46,7,1,19.030921483317016,72.93334833282118,store46@mumbai.com,9177132731,9 AM - 9 PM,67
47,7,1,19.043631393163842,72.87716843918956,store47@mumbai.com,9004751863,9 AM - 9 PM,260
48,7,1,19.074928452419012,72.88571986694515,store48@mumbai.com,9132540170,9 AM - 9 PM,287
49,7,1,19.064041467418743,72.87998745135148,store49@mumbai.com,9497459884,9 AM - 9 PM,193
50,7,1,19.144762179712405,72.92840224952745,store50@mumbai.com,9662225957,9 AM - 9 PM,160
51,7,1,19.12781201660942,72.85134253438146,store51@mumbai.com,9035139112,9 AM - 9 PM,400
52,7,1,19.072283957059543,72.93402014638872,store52@mumbai.com,9248994884,9 AM - 9 PM,444
53,7,1,19.083504164234935,72.93019642917625,store53@mumbai.com,9852829558,9 AM - 9 PM,90
54,7,1,19.046122411376707,72.82203877454982,store54@mumbai.com,9744313266,9 AM - 9 PM,289
55,7,1,19.02278313264564,72.88664867879811,store55@mumbai.com,9832356234,9 AM - 9 PM,303
56,7,1,19.03342565159902,72.8601505017373,store56@mumbai.com,9704163640,9 AM - 9 PM,317
57,7,1,19.0748044241018,72.88377839892614,store57@mumbai.com,9042352959,9 AM - 9 PM,428
58,7,1,19.135287154321126,72.87058886476835,store58@mumbai.com,9307116686,9 AM - 9 PM,100
59,7,1,19.0795332164107,72.86979005928605,store59@mumbai.com,9469901138,9 AM - 9 PM,473
60,7,1,19.044601045016005,72.87492146067669,store60@mumbai.com,9036801999,9 AM - 9 PM,325
61,7,1,19.040529230027047,72.85381265752491,store61@mumbai.com,9916258120,9 AM - 9 PM,303
62,7,1,19.064835005654487,72.84959587869027,store62@mumbai.com,9153433199,9 AM - 9 PM,143
63,7,1,19.052824848258272,72.92133770845747,store63@mumbai.com,9133527187,9 AM - 9 PM,223
64,7,1,19.081374415793594,72.84096034652633,store64@mumbai.com,9820409158,9 AM - 9 PM,129
65,7,1,19.018531913724605,72.84469235509484,store65@mumbai.com,9861192610,9 AM - 9 PM,292
66,7,1,19.03337224170334,72.92126330959198,store66@mumbai.com,9146485360,9 AM - 9 PM,449
67,7,1,19.102164005621734,72.86160058995084,store67@mumbai.com,9313035784,9 AM - 9 PM,94
68,7,1,19.00701468965372,72.89434829909199,store68@mumbai.com,9275652540,9 AM - 9 PM,409
69,7,1,19.11024076778186,72.93535475775944,store69@mumbai.com,9147940011,9 AM - 9 PM,252
70,7,1,19.079312657940047,72.87913512054922,store70@mumbai.com,9050437191,9 AM - 9 PM,456
71,7,1,19.047165539605018,72.8873650317863,store71@mumbai.com,9463388491,9 AM - 9 PM,246
72,7,1,19.07662437569104,72.9221894829896,store72@mumbai.com,9971615986,9 AM - 9 PM,152
73,7,1,19.072508911966324,72.9154039481819,store73@mumbai.com,9819214593,9 AM - 9 PM,258
74,7,1,19.096535567086228,72.9497026231541,store74@mumbai.com,9720783513,9 AM - 9 PM,224
75,7,1,19.026321655481972,72.86245727648257,store75@mumbai.com,9305037534,9 AM - 9 PM,247
76,7,1,19.155924577088914,72.87062213547017,store76@mumbai.com,9417748276,9 AM - 9 PM,315
77,7,1,18.99822921209467,72.8514529670541,store77@mumbai.com,9083809308,9 AM - 9 PM,384
78,7,1,19.04673397952179,72.81975664166502,store78@mumbai.com,9435312390,9 AM - 9 PM,198
79,7,1,19.079562059847557,72.9634408710418,store79@mumbai.com,9362839529,9 AM - 9 PM,490
80,7,1,19.079037275380816,72.85903222245452,store80@mumbai.com,9664567073,9 AM - 9 PM,332
81,7,1,19.009434886700806,72.93463438186217,store81@mumbai.com,9174671315,9 AM - 9 PM,209
82,7,1,19.024818644156557,72.87651519999375,store82@mumbai.com,9793919027,9 AM - 9 PM,487
83,7,1,19.11313468038306,72.88768472121781,store83@mumbai.com,9876447611,9 AM - 9 PM,149
84,7,1,19.0625977100106,72.8373522865369,store84@mumbai.com,9290740678,9 AM - 9 PM,72
85,7,1,19.099568770806613,72.86128383961845,store85@mumbai.com,9245573654,9 AM - 9 PM,185
86,7,1,19.155159483651843,72.90929584043623,store86@mumbai.com,9989775436,9 AM - 9 PM,463
87,7,1,19.095754097261953,72.83090719040658,store87@mumbai.com,9199450466,9 AM - 9 PM,417
88,7,1,19.0395630974245,72.9147561655042,store88@mumbai.com,9467546522,9 AM - 9 PM,399
89,7,1,19.00284141655445,72.91365394693983,store89@mumbai.com,9735457389,9 AM - 9 PM,358
90,7,1,19.093952097643577,72.84239757230287,store90@mumbai.com,9893377673,9 AM - 9 PM,381
91,7,1,19.118716521780534,72.93052576565093,store91@mumbai.com,9878008588,9 AM - 9 PM,56
92,7,1,19.129126256690743,72.8804606568369,store92@mumbai.com,9037744120,9 AM - 9 PM,461
93,7,1,19.069747214592365,72.88846123680801,store93@mumbai.com,9431324536,9 AM - 9 PM,300
94,7,1,19.073144187534833,72.88981659005927,store94@mumbai.com,9343251580,9 AM - 9 PM,68
95,7,1,19.107708705932797,72.86316399856894,store95@mumbai.com,9155711519,9 AM - 9 PM,52
96,7,1,19.119824918731233,72.89303808623008,store96@mumbai.com,9304042635,9 AM - 9 PM,122
97,7,1,19.072951026887225,72.79588861182935,store97@mumbai.com,9966077309,9 AM - 9 PM,302
98,7,1,18.996734968842897,72.88033877740928,store98@mumbai.com,9639415540,9 AM - 9 PM,268
99,7,1,19.067629710078553,72.92666496272051,store99@mumbai.com,9002006789,9 AM - 9 PM,237
100,7,1,19.06678090313227,72.85946256737921,store100@mumbai.com,9837390306,9 AM - 9 PM,178
101,2,2,28.734287100134008,77.1482500022977,store101@delhi.com,9333346665,9 AM - 9 PM,359
102,2,2,28.766738983537028,77.13665313917492,store102@delhi.com,9193739558,9 AM - 9 PM,66
103,2,2,28.772519321461623,77.2295003435595,store103@delhi.com,9588385294,9 AM - 9 PM,187
104,2,2,28.700765131410844,77.09119402994936,store104@delhi.com,9610288306,9 AM - 9 PM,101
105,2,2,28.665091434744873,77.23198390414247,store105@delhi.com,9649223480,9 AM - 9 PM,73
106,2,2,28.65334415506483,77.04150379802586,store106@delhi.com,9629387960,9 AM - 9 PM,70
107,2,2,28.705472761660367,77.08359814962381,store107@delhi.com,9855660247,9 AM - 9 PM,254
108,2,2,28.745315008764628,77.08037665987347,store108@delhi.com,9617752497,9 AM - 9 PM,268
109,2,2,28.628753986531507,77.1100954658957,store109@delhi.com,9198398101,9 AM - 9 PM,433
110,2,2,28.588968568397338,77.07037038845716,store110@delhi.com,9253276039,9 AM - 9 PM,374
111,2,2,28.69527551496643,77.2004506771205,store111@delhi.com,9822251606,9 AM - 9 PM,247
112,2,2,28.80471412360823,77.05634587162825,store112@delhi.com,9141679987,9 AM - 9 PM,471
113,2,2,28.73727153569277,77.11921295476337,store113@delhi.com,9672817771,9 AM - 9 PM,412
114,2,2,28.68183768652714,77.18849187628973,store114@delhi.com,9964683041,9 AM - 9 PM,316
115,2,2,28.706327881762096,77.10527592942971,store115@delhi.com,9267003215,9 AM - 9 PM,273
116,2,2,28.71664739719194,77.1501150767924,store116@delhi.com,9899032347,9 AM - 9 PM,310
117,2,2,28.713956922661104,77.09026273633441,store117@delhi.com,9322724384,9 AM - 9 PM,173
118,2,2,28.65392351763205,77.11939708860662,store118@delhi.com,9328372514,9 AM - 9 PM,302
119,2,2,28.707526527449513,77.10516883320659,store119@delhi.com,9454883601,9 AM - 9 PM,475
120,2,2,28.700456546923075,77.11996719525773,store120@delhi.com,9178970327,9 AM - 9 PM,390
121,2,2,28.71406664120341,77.22135403228101,store121@delhi.com,9942923062,9 AM - 9 PM,364
122,2,2,28.657334075311148,77.20762154672094,store122@delhi.com,9918741471,9 AM - 9 PM,292
123,2,2,28.642804655191853,77.14076342018315,store123@delhi.com,9738641662,9 AM - 9 PM,247
124,2,2,28.69785253289845,77.08441347143,store124@delhi.com,9886928214,9 AM - 9 PM,101
125,2,2,28.710065356776717,77.0797458264869,store125@delhi.com,9729007617,9 AM - 9 PM,141
126,2,2,28.670901813077244,77.19084400707553,store126@delhi.com,9969479157,9 AM - 9 PM,290
127,2,2,28.824121587873012,77.15909976631849,store127@delhi.com,9743923642,9 AM - 9 PM,265
128,2,2,28.644965464992826,77.12786176117989,store128@delhi.com,9880312066,9 AM - 9 PM,423
129,2,2,28.689440138836684,77.07822388949535,store129@delhi.com,9206566531,9 AM - 9 PM,219
130,2,2,28.67721546795068,77.1053979500273,store130@delhi.com,9245375481,9 AM - 9 PM,226
131,2,2,28.688958945694303,77.10038600379636,store131@delhi.com,9111157687,9 AM - 9 PM,54
132,2,2,28.622306760150707,76.99718959088213,store132@delhi.com,9908476743,9 AM - 9 PM,217
133,2,2,28.76300551989994,77.09684634369695,store133@delhi.com,9617245274,9 AM - 9 PM,119
134,2,2,28.66477745092034,77.0353697744257,store134@delhi.com,9372737940,9 AM - 9 PM,444
135,2,2,28.728558308962604,77.09026342294268,store135@delhi.com,9939460238,9 AM - 9 PM,108
136,2,2,28.63975189979418,77.09769423758041,store136@delhi.com,9752865999,9 AM - 9 PM,86
137,2,2,28.669845516020438,77.1302124455968,store137@delhi.com,9506814747,9 AM - 9 PM,155
138,2,2,28.691429286095225,77.08316440642635,store138@delhi.com,9828260480,9 AM - 9 PM,161
139,2,2,28.710156633772893,77.14924513758905,store139@delhi.com,9184984458,9 AM - 9 PM,119
140,2,2,28.71765919720822,77.1312189348218,store140@delhi.com,9391125138,9 AM - 9 PM,287
141,2,2,28.71122796065312,76.96566119778834,store141@delhi.com,9008910930,9 AM - 9 PM,83
142,2,2,28.665759387770304,77.08330300151954,store142@delhi.com,9813449008,9 AM - 9 PM,225
143,2,2,28.709759756069637,77.24867284570973,store143@delhi.com,9836274818,9 AM - 9 PM,499
144,2,2,28.79594676448651,77.18816617762681,store144@delhi.com,9934723525,9 AM - 9 PM,482
145,2,2,28.70757562536091,77.0373505845129,store145@delhi.com,9269669117,9 AM - 9 PM,235
146,2,2,28.703652237119382,77.11556589622262,store146@delhi.com,9359686903,9 AM - 9 PM,232
147,2,2,28.80125500870797,77.11972683489554,store147@delhi.com,9007341995,9 AM - 9 PM,333
148,2,2,28.741942866393845,77.08459438245228,store148@delhi.com,9265636419,9 AM - 9 PM,451
149,2,2,28.674074540570928,77.08326161567629,store149@delhi.com,9479289435,9 AM - 9 PM,269
150,2,2,28.675336643810624,77.10238345933509,store150@delhi.com,9083163550,9 AM - 9 PM,317
151,2,2,28.70949964223896,77.0650416091427,store151@delhi.com,9475354566,9 AM - 9 PM,475
152,2,2,28.589629907800536,77.10865860493071,store152@delhi.com,9407294485,9 AM - 9 PM,390
153,2,2,28.663555934735744,76.99906036233043,store153@delhi.com,9639120080,9 AM - 9 PM,467
154,2,2,28.6462813202443,77.04843826366867,store154@delhi.com,9196925804,9 AM - 9 PM,464
155,2,2,28.691461579943297,77.03906049557261,store155@delhi.com,9633391203,9 AM - 9 PM,73
156,2,2,28.669054038181546,77.17128383280728,store156@delhi.com,9869173273,9 AM - 9 PM,379
157,2,2,28.727709404839796,77.02590872005358,store157@delhi.com,9972681839,9 AM - 9 PM,187
158,2,2,28.594447553602905,77.05349739731221,store158@delhi.com,9588878863,9 AM - 9 PM,99
159,2,2,28.71245377631558,77.15722611088941,store159@delhi.com,9882623504,9 AM - 9 PM,251
160,2,2,28.645336737080488,77.17342904400842,store160@delhi.com,9409293648,9 AM - 9 PM,419
161,2,2,28.699553819874446,77.10695673732009,store161@delhi.com,9835379616,9 AM - 9 PM,474
162,2,2,28.738511548360194,77.08438068965822,store162@delhi.com,9329535072,9 AM - 9 PM,490
163,2,2,28.832810071713315,77.1265370723319,store163@delhi.com,9145779462,9 AM - 9 PM,321
164,2,2,28.623081389743753,77.14780094778385,store164@delhi.com,9234060777,9 AM - 9 PM,239
165,2,2,28.633396304100923,77.08485440851828,store165@delhi.com,9106486434,9 AM - 9 PM,61
166,2,2,28.657252084753082,77.10987087805037,store166@delhi.com,9508844136,9 AM - 9 PM,496
167,2,2,28.65542491852688,77.16772880256694,store167@delhi.com,9875266563,9 AM - 9 PM,445
168,2,2,28.728889078779677,77.00185837073629,store168@delhi.com,9831480211,9 AM - 9 PM,241
169,2,2,28.70147607593496,77.10197484026027,store169@delhi.com,9701400524,9 AM - 9 PM,304
170,2,2,28.60036785325948,77.11937740519262,store170@delhi.com,9881135117,9 AM - 9 PM,59
171,2,2,28.662485213869367,77.04607733920105,store171@delhi.com,9402740159,9 AM - 9 PM,377
172,2,2,28.57523361922236,77.09765690073388,store172@delhi.com,9264236905,9 AM - 9 PM,200
173,2,2,28.705079127666266,77.1428026569973,store173@delhi.com,9210181396,9 AM - 9 PM,423
174,2,2,28.825358708264872,77.12401985623474,store174@delhi.com,9354159555,9 AM - 9 PM,340
175,2,2,28.687053268062332,77.18667194743463,store175@delhi.com,9776054632,9 AM - 9 PM,348
176,2,2,28.785465833315055,77.08678999103073,store176@delhi.com,9960512961,9 AM - 9 PM,92
177,2,2,28.718085282656435,77.116911064533,store177@delhi.com,9444059160,9 AM - 9 PM,262
178,2,2,28.737940076758544,77.01702570546789,store178@delhi.com,9248199588,9 AM - 9 PM,463
179,2,2,28.700128174980428,77.09856727602342,store179@delhi.com,9171811069,9 AM - 9 PM,94
180,2,2,28.735384276777815,77.08485911882991,store180@delhi.com,9856590052,9 AM - 9 PM,130
181,2,2,28.726017920449188,77.1286839927741,store181@delhi.com,9290678663,9 AM - 9 PM,364
182,2,2,28.746697499085293,77.20364556745261,store182@delhi.com,9056775642,9 AM - 9 PM,412
183,2,2,28.675598610043323,77.15040075008876,store183@delhi.com,9238127454,9 AM - 9 PM,295
184,2,2,28.707170096682916,77.13349549693137,store184@delhi.com,9267783949,9 AM - 9 PM,335
185,2,2,28.71205858021058,77.17752876658382,store185@delhi.com,9643611741,9 AM - 9 PM,229
186,2,2,28.709831330466752,77.09359082073675,store186@delhi.com,9602811414,9 AM - 9 PM,64
187,2,2,28.76504650825287,77.16091780945933,store187@delhi.com,9271644801,9 AM - 9 PM,72
188,2,2,28.685973976302456,77.10078579190532,store188@delhi.com,9619059841,9 AM - 9 PM,182
189,2,2,28.57845623458748,77.06923308367014,store189@delhi.com,9430635584,9 AM - 9 PM,108
190,2,2,28.677086415384515,77.10784533069527,store190@delhi.com,9340478211,9 AM - 9 PM,207
191,2,2,28.636929086421443,77.18193943367089,store191@delhi.com,9828927736,9 AM - 9 PM,231
192,2,2,28.739103269951464,77.02413079081774,store192@delhi.com,9395191592,9 AM - 9 PM,135
193,2,2,28.724062606119038,77.23749665363277,store193@delhi.com,9795729136,9 AM - 9 PM,193
194,2,2,28.73255054055051,77.10338188679862,store194@delhi.com,9787422023,9 AM - 9 PM,248
195,2,2,28.783894883026313,77.13713787479087,store195@delhi.com,9161389348,9 AM - 9 PM,175
196,2,2,28.764305151824036,77.15611076849875,store196@delhi.com,9345523433,9 AM - 9 PM,183
197,2,2,28.754631951593517,76.97173619373068,store197@delhi.com,9339515795,9 AM - 9 PM,388
198,2,2,28.738811915970487,77.1872042828576,store198@delhi.com,9392976233,9 AM - 9 PM,433
199,2,2,28.725678459455846,77.1209060628752,store199@delhi.com,9495938849,9 AM - 9 PM,484
200,2,2,28.77007726140852,77.03552341657776,store200@delhi.com,9017732304,9 AM - 9 PM,94
201,4,3,12.91382381268932,77.50306706166354,store201@bangalore.com,9190311258,9 AM - 9 PM,449
202,4,3,12.916554557378333,77.55079246108888,store202@bangalore.com,9144284467,9 AM - 9 PM,146
203,4,3,12.899914496850768,77.64484352555384,store203@bangalore.com,9362500491,9 AM - 9 PM,379
204,4,3,12.879739968580026,77.53749346527114,store204@bangalore.com,9762705564,9 AM - 9 PM,130
205,4,3,12.946704858091666,77.57074226537856,store205@bangalore.com,9541320376,9 AM - 9 PM,78
206,4,3,13.013260865086393,77.56176396629495,store206@bangalore.com,9245124227,9 AM - 9 PM,180
207,4,3,13.034233954158315,77.57366756959402,store207@bangalore.com,9260968188,9 AM - 9 PM,78
208,4,3,13.00126533644043,77.61906281162727,store208@bangalore.com,9019864319,9 AM - 9 PM,312
209,4,3,12.938209067224447,77.61727705490378,store209@bangalore.com,9560149933,9 AM - 9 PM,448
210,4,3,12.944789922514675,77.60050808693941,store210@bangalore.com,9213696210,9 AM - 9 PM,383
211,4,3,13.011381909966445,77.63783832185543,store211@bangalore.com,9090960494,9 AM - 9 PM,365
212,4,3,12.964676367043166,77.59666118666416,store212@bangalore.com,9838117338,9 AM - 9 PM,317
213,4,3,13.035747347830162,77.57450117138414,store213@bangalore.com,9568026715,9 AM - 9 PM,396
214,4,3,13.059481623638126,77.63227602781255,store214@bangalore.com,9184415959,9 AM - 9 PM,185
215,4,3,12.937431044666212,77.55963232100123,store215@bangalore.com,9413032735,9 AM - 9 PM,111
216,4,3,12.969968160429513,77.64180981699715,store216@bangalore.com,9447519540,9 AM - 9 PM,491
217,4,3,12.946546949097954,77.6101751246358,store217@bangalore.com,9113079149,9 AM - 9 PM,161
218,4,3,12.956700891545115,77.55981732267854,store218@bangalore.com,9710926977,9 AM - 9 PM,364
219,4,3,12.952726235312698,77.68445662268374,store219@bangalore.com,9636452194,9 AM - 9 PM,339
220,4,3,13.071836326865657,77.6338011241687,store220@bangalore.com,9184707339,9 AM - 9 PM,388
221,4,3,12.952783124487846,77.6308147262936,store221@bangalore.com,9031774293,9 AM - 9 PM,112
222,4,3,13.042443928919527,77.52428164677859,store222@bangalore.com,9824642292,9 AM - 9 PM,329
223,4,3,13.035753946551615,77.60498381094182,store223@bangalore.com,9352196585,9 AM - 9 PM,93
224,4,3,12.98455318845795,77.59167483661656,store224@bangalore.com,9483199245,9 AM - 9 PM,309
225,4,3,12.970618670912181,77.59673294609621,store225@bangalore.com,9206450584,9 AM - 9 PM,362
226,4,3,12.887042725939194,77.59924916208278,store226@bangalore.com,9737912195,9 AM - 9 PM,364
227,4,3,13.014061655903834,77.61880026577117,store227@bangalore.com,9681385080,9 AM - 9 PM,183
228,4,3,12.964844154795724,77.58928419224029,store228@bangalore.com,9669637097,9 AM - 9 PM,391
229,4,3,13.040883567873793,77.52816680193095,store229@bangalore.com,9784834615,9 AM - 9 PM,274
230,4,3,13.009270998033779,77.63989931246623,store230@bangalore.com,9062260333,9 AM - 9 PM,379
231,4,3,12.990099556645292,77.56418391622442,store231@bangalore.com,9880628518,9 AM - 9 PM,449
232,4,3,13.03952529352139,77.55584943992264,store232@bangalore.com,9202141395,9 AM - 9 PM,98
233,4,3,12.971970694375367,77.62843090966933,store233@bangalore.com,9038646954,9 AM - 9 PM,175
234,4,3,13.017848110620065,77.5643236909379,store234@bangalore.com,9895690635,9 AM - 9 PM,328
235,4,3,12.940607896898541,77.62918753121701,store235@bangalore.com,9467758512,9 AM - 9 PM,363
236,4,3,12.978277927713865,77.59867413738941,store236@bangalore.com,9210026844,9 AM - 9 PM,439
237,4,3,13.041632175992692,77.60792231234464,store237@bangalore.com,9005882628,9 AM - 9 PM,363
238,4,3,12.967958310883091,77.63038672869129,store238@bangalore.com,9497080281,9 AM - 9 PM,277
239,4,3,13.029285827701257,77.59177085238835,store239@bangalore.com,9970652860,9 AM - 9 PM,215
240,4,3,12.975832471499848,77.59655658895767,store240@bangalore.com,9189526936,9 AM - 9 PM,251
241,4,3,12.924442748818903,77.64738303395526,store241@bangalore.com,9355377331,9 AM - 9 PM,216
242,4,3,12.978260632594969,77.65978394270228,store242@bangalore.com,9266185697,9 AM - 9 PM,404
243,4,3,12.971606259391047,77.59209987414498,store243@bangalore.com,9792089801,9 AM - 9 PM,83
244,4,3,12.958527761453235,77.5752686638738,store244@bangalore.com,9186972003,9 AM - 9 PM,50
245,4,3,13.054818510669083,77.57899257455313,store245@bangalore.com,9346047693,9 AM - 9 PM,104
246,4,3,12.940007398039954,77.66432781375657,store246@bangalore.com,9193496484,9 AM - 9 PM,312
247,4,3,12.995639457255585,77.5977753830202,store247@bangalore.com,9438083751,9 AM - 9 PM,386
248,4,3,12.969131721593596,77.59447043627326,store248@bangalore.com,9512739462,9 AM - 9 PM,263
249,4,3,12.983435770403656,77.64259399377154,store249@bangalore.com,9443413522,9 AM - 9 PM,445
250,4,3,12.973521781621608,77.5847637913084,store250@bangalore.com,9011171197,9 AM - 9 PM,305
251,4,3,12.966447744087828,77.67969051877347,store251@bangalore.com,9640941186,9 AM - 9 PM,319
252,4,3,12.883247078367956,77.65393973909434,store252@bangalore.com,9908150217,9 AM - 9 PM,76
253,4,3,12.981786750164394,77.59719717292116,store253@bangalore.com,9543703288,9 AM - 9 PM,237
254,4,3,13.033598049649855,77.53088525371109,store254@bangalore.com,9434069755,9 AM - 9 PM,253
255,4,3,13.022990571249945,77.57136685935737,store255@bangalore.com,9791142571,9 AM - 9 PM,318
256,4,3,12.905526358133718,77.56177119292192,store256@bangalore.com,9856562766,9 AM - 9 PM,389
257,4,3,12.959249177229417,77.68446306924245,store257@bangalore.com,9365954962,9 AM - 9 PM,113
258,4,3,13.048213588476798,77.54614267221662,store258@bangalore.com,9133460034,9 AM - 9 PM,155
259,4,3,12.91897162258125,77.54452993976639,store259@bangalore.com,9506453281,9 AM - 9 PM,434
260,4,3,12.905355373278704,77.55658435222169,store260@bangalore.com,9021016837,9 AM - 9 PM,300
261,4,3,12.942752485901522,77.54383434193088,store261@bangalore.com,9480999706,9 AM - 9 PM,488
262,4,3,12.937790720093076,77.62960423281082,store262@bangalore.com,9062348546,9 AM - 9 PM,54
263,4,3,12.980593121031273,77.61786470598739,store263@bangalore.com,9953124462,9 AM - 9 PM,441
264,4,3,13.007730865072537,77.58318437068401,store264@bangalore.com,9603642199,9 AM - 9 PM,214
265,4,3,13.027175569778558,77.5328240817453,store265@bangalore.com,9070873432,9 AM - 9 PM,200
266,4,3,12.924740742924813,77.6335740572685,store266@bangalore.com,9977513763,9 AM - 9 PM,476
267,4,3,12.978123111261144,77.68244222707524,store267@bangalore.com,9796276777,9 AM - 9 PM,421
268,4,3,12.948703822836388,77.59914377395855,store268@bangalore.com,9446117958,9 AM - 9 PM,62
269,4,3,13.003716632118229,77.68391157121877,store269@bangalore.com,9412545323,9 AM - 9 PM,466
270,4,3,13.061280084560725,77.58287506346427,store270@bangalore.com,9055568041,9 AM - 9 PM,140
271,4,3,12.944177685958234,77.57415104531417,store271@bangalore.com,9384851088,9 AM - 9 PM,275
272,4,3,12.932107864374986,77.67609253160126,store272@bangalore.com,9004839156,9 AM - 9 PM,263
273,4,3,13.000123481153963,77.50275292153474,store273@bangalore.com,9243171689,9 AM - 9 PM,431
274,4,3,12.892608976092937,77.56753552172312,store274@bangalore.com,9899340614,9 AM - 9 PM,397
275,4,3,12.997188607079725,77.53607382229731,store275@bangalore.com,9882983783,9 AM - 9 PM,106
276,4,3,12.972126117816368,77.5440139643063,store276@bangalore.com,9804411859,9 AM - 9 PM,390
277,4,3,12.975582700970978,77.63370273910155,store277@bangalore.com,9347855161,9 AM - 9 PM,218
278,4,3,13.020375583486013,77.6548314727265,store278@bangalore.com,9637319486,9 AM - 9 PM,474
279,4,3,12.896286726325545,77.52009622396268,store279@bangalore.com,9529526054,9 AM - 9 PM,103
280,4,3,13.005960217540592,77.62944940964279,store280@bangalore.com,9099126922,9 AM - 9 PM,149
281,4,3,12.980754179270448,77.58900679646736,store281@bangalore.com,9109814182,9 AM - 9 PM,189
282,4,3,12.926289948579212,77.65222168066555,store282@bangalore.com,9234832100,9 AM - 9 PM,468
283,4,3,13.041781801913015,77.52487325194346,store283@bangalore.com,9210445469,9 AM - 9 PM,342
284,4,3,12.965344294512162,77.59469766467367,store284@bangalore.com,9649148968,9 AM - 9 PM,247
285,4,3,13.022790047157423,77.51192050649671,store285@bangalore.com,9956829977,9 AM - 9 PM,167
286,4,3,12.938768369208399,77.66260015836004,store286@bangalore.com,9393093547,9 AM - 9 PM,342
287,4,3,12.90083299550598,77.65322893791671,store287@bangalore.com,9855685823,9 AM - 9 PM,53
288,4,3,12.89520398503186,77.56964250866933,store288@bangalore.com,9563903216,9 AM - 9 PM,458
289,4,3,12.969351105254816,77.59431577199624,store289@bangalore.com,9448596810,9 AM - 9 PM,245
290,4,3,12.924445343016046,77.66860502768039,store290@bangalore.com,9127473713,9 AM - 9 PM,425
291,4,3,12.949341070279743,77.65170352071083,store291@bangalore.com,9833661917,9 AM - 9 PM,477
292,4,3,12.983288095766161,77.59459474412321,store292@bangalore.com,9258301900,9 AM - 9 PM,222
293,4,3,12.991595053219358,77.50370095542128,store293@bangalore.com,9572472571,9 AM - 9 PM,73
294,4,3,12.989435419465666,77.61165702110821,store294@bangalore.com,9173844860,9 AM - 9 PM,166
295,4,3,12.965757616594189,77.59528620085204,store295@bangalore.com,9825064247,9 AM - 9 PM,262
296,4,3,12.906740132589483,77.59517789530767,store296@bangalore.com,9992709632,9 AM - 9 PM,228
297,4,3,12.982511404381945,77.56817804874855,store297@bangalore.com,9377228650,9 AM - 9 PM,456
298,4,3,13.011655088826675,77.58241763826513,store298@bangalore.com,9605832642,9 AM - 9 PM,114
299,4,3,12.967195674421403,77.66302996103259,store299@bangalore.com,9346247371,9 AM - 9 PM,214
300,4,3,13.009184819201758,77.64218085735052,store300@bangalore.com,9960297700,9 AM - 9 PM,86
301,3,4,17.372954132934822,78.3962669452785,store301@hyderabad.com,9284582908,9 AM - 9 PM,243
302,3,4,17.392384790516996,78.4864577134258,store302@hyderabad.com,9619259615,9 AM - 9 PM,409
303,3,4,17.348368964717892,78.40110809160423,store303@hyderabad.com,9034613348,9 AM - 9 PM,132
304,3,4,17.412844620806965,78.5671036626937,store304@hyderabad.com,9482661092,9 AM - 9 PM,489
305,3,4,17.371257845434855,78.46821527361631,store305@hyderabad.com,9496757071,9 AM - 9 PM,182
306,3,4,17.39896296182102,78.50469785455698,store306@hyderabad.com,9849963231,9 AM - 9 PM,251
307,3,4,17.31078846265949,78.52309216654545,store307@hyderabad.com,9479748534,9 AM - 9 PM,192
308,3,4,17.440580280406383,78.43015887780084,store308@hyderabad.com,9120157304,9 AM - 9 PM,442
309,3,4,17.38176982473974,78.48854767240698,store309@hyderabad.com,9718088148,9 AM - 9 PM,410
310,3,4,17.391670777620114,78.45480036841417,store310@hyderabad.com,9182254193,9 AM - 9 PM,355
311,3,4,17.333299150363757,78.47808969132551,store311@hyderabad.com,9041798693,9 AM - 9 PM,170
312,3,4,17.383795301788563,78.57295100044861,store312@hyderabad.com,9096619039,9 AM - 9 PM,324
313,3,4,17.388903755681245,78.50128307609127,store313@hyderabad.com,9387872321,9 AM - 9 PM,83
314,3,4,17.397456861868562,78.56593370224672,store314@hyderabad.com,9130243727,9 AM - 9 PM,204
315,3,4,17.38027443125908,78.53168665401186,store315@hyderabad.com,9999653022,9 AM - 9 PM,299
316,3,4,17.349955008791063,78.44893795454338,store316@hyderabad.com,9344161661,9 AM - 9 PM,217
317,3,4,17.38765543361664,78.5184089985715,store317@hyderabad.com,9968603277,9 AM - 9 PM,190
318,3,4,17.34960356771344,78.5200455951999,store318@hyderabad.com,9773157021,9 AM - 9 PM,221
319,3,4,17.424816770601208,78.44809124996655,store319@hyderabad.com,9452150324,9 AM - 9 PM,461
320,3,4,17.384975377835175,78.48670213230824,store320@hyderabad.com,9161170232,9 AM - 9 PM,338
321,3,4,17.415991700481314,78.47051086796887,store321@hyderabad.com,9216157687,9 AM - 9 PM,487
322,3,4,17.367106637049236,78.44931920812319,store322@hyderabad.com,9767849679,9 AM - 9 PM,139
323,3,4,17.383260929677213,78.40050246376043,store323@hyderabad.com,9075367048,9 AM - 9 PM,403
324,3,4,17.34287432526338,78.48436414176942,store324@hyderabad.com,9145330809,9 AM - 9 PM,167
325,3,4,17.384095392826524,78.48040821894394,store325@hyderabad.com,9455091505,9 AM - 9 PM,81
326,3,4,17.34508831677367,78.47539490121176,store326@hyderabad.com,9595275137,9 AM - 9 PM,292
327,3,4,17.43202377457385,78.52382798603392,store327@hyderabad.com,9771818153,9 AM - 9 PM,469
328,3,4,17.41159601080286,78.4076693218017,store328@hyderabad.com,9707813324,9 AM - 9 PM,115
329,3,4,17.33658235260661,78.4101667699695,store329@hyderabad.com,9697716441,9 AM - 9 PM,375
330,3,4,17.408214284089382,78.40100735702042,store330@hyderabad.com,9806612175,9 AM - 9 PM,453
331,3,4,17.39450023561019,78.47958288980266,store331@hyderabad.com,9979167582,9 AM - 9 PM,224
332,3,4,17.384175113452535,78.48483159272543,store332@hyderabad.com,9833409001,9 AM - 9 PM,157
333,3,4,17.39626135879109,78.47273767371269,store333@hyderabad.com,9176429392,9 AM - 9 PM,278
334,3,4,17.34664394008344,78.5054584169088,store334@hyderabad.com,9163717160,9 AM - 9 PM,453
335,3,4,17.371001826967376,78.40755690318177,store335@hyderabad.com,9789699900,9 AM - 9 PM,308
336,3,4,17.40756306724383,78.44221572606276,store336@hyderabad.com,9373863691,9 AM - 9 PM,382
337,3,4,17.392679396548687,78.48257037700776,store337@hyderabad.com,9692368490,9 AM - 9 PM,152
338,3,4,17.348235871610555,78.4710384993709,store338@hyderabad.com,9342960803,9 AM - 9 PM,69
339,3,4,17.392694258679573,78.51562343378701,store339@hyderabad.com,9076386207,9 AM - 9 PM,275
340,3,4,17.421485453931897,78.52689486213568,store340@hyderabad.com,9473842344,9 AM - 9 PM,484
341,3,4,17.323614874643226,78.52817284357361,store341@hyderabad.com,9922604752,9 AM - 9 PM,258
342,3,4,17.388840982762634,78.48536625675303,store342@hyderabad.com,9604958344,9 AM - 9 PM,186
343,3,4,17.465628994200006,78.47595184793204,store343@hyderabad.com,9720034256,9 AM - 9 PM,262
344,3,4,17.429846673447738,78.44445152468772,store344@hyderabad.com,9351630120,9 AM - 9 PM,403
345,3,4,17.36326123891895,78.47877759749443,store345@hyderabad.com,9348515821,9 AM - 9 PM,431
346,3,4,17.315619842946624,78.53627764301167,store346@hyderabad.com,9562302402,9 AM - 9 PM,165
347,3,4,17.39742893998784,78.50886452390243,store347@hyderabad.com,9977877352,9 AM - 9 PM,341
348,3,4,17.3271830600878,78.41979500480294,store348@hyderabad.com,9351138794,9 AM - 9 PM,254
349,3,4,17.395314486857387,78.49042574815931,store349@hyderabad.com,9610560255,9 AM - 9 PM,497
350,3,4,17.364509664045336,78.48442574136122,store350@hyderabad.com,9143028681,9 AM - 9 PM,446
351,3,4,17.354790011668936,78.51549307773212,store351@hyderabad.com,9753808681,9 AM - 9 PM,288
352,3,4,17.423708658897258,78.48419268069271,store352@hyderabad.com,9966800595,9 AM - 9 PM,230
353,3,4,17.379274070619857,78.5037091536887,store353@hyderabad.com,9304443630,9 AM - 9 PM,275
354,3,4,17.437213257615294,78.52421485221467,store354@hyderabad.com,9517015540,9 AM - 9 PM,267
355,3,4,17.388595589707915,78.5494328856937,store355@hyderabad.com,9674712279,9 AM - 9 PM,224
356,3,4,17.32138087219827,78.48404494147181,store356@hyderabad.com,9549916577,9 AM - 9 PM,173
357,3,4,17.400252606808998,78.51207327952837,store357@hyderabad.com,9762210769,9 AM - 9 PM,480
358,3,4,17.33339116579603,78.42342907409055,store358@hyderabad.com,9405692743,9 AM - 9 PM,242
359,3,4,17.341825175640118,78.5543030128475,store359@hyderabad.com,9098933266,9 AM - 9 PM,85
360,3,4,17.436259109043917,78.43776491664768,store360@hyderabad.com,9843869359,9 AM - 9 PM,339
361,3,4,17.37704495898231,78.48038336942889,store361@hyderabad.com,9569364308,9 AM - 9 PM,94
362,3,4,17.38221688697085,78.45371316497511,store362@hyderabad.com,9896043682,9 AM - 9 PM,332
363,3,4,17.411574037163874,78.4781035611811,store363@hyderabad.com,9146354925,9 AM - 9 PM,337
364,3,4,17.297065914149766,78.50230671461075,store364@hyderabad.com,9751340937,9 AM - 9 PM,312
365,3,4,17.42149206828159,78.44920949818219,store365@hyderabad.com,9334474560,9 AM - 9 PM,427
366,3,4,17.325610094096803,78.50020635530423,store366@hyderabad.com,9679080527,9 AM - 9 PM,103
367,3,4,17.412496476925195,78.43705421578625,store367@hyderabad.com,9974137674,9 AM - 9 PM,74
368,3,4,17.406421678020802,78.44799846998876,store368@hyderabad.com,9386316027,9 AM - 9 PM,373
369,3,4,17.35996936271436,78.48010285786869,store369@hyderabad.com,9314170759,9 AM - 9 PM,285
370,3,4,17.446565393065075,78.51485987523486,store370@hyderabad.com,9951506672,9 AM - 9 PM,95
371,3,4,17.385896774241626,78.48917428289707,store371@hyderabad.com,9451220557,9 AM - 9 PM,149
372,3,4,17.382341228215925,78.55525990180234,store372@hyderabad.com,9307046846,9 AM - 9 PM,333
373,3,4,17.420500415611507,78.50021056833404,store373@hyderabad.com,9724205056,9 AM - 9 PM,294
374,3,4,17.33804961604378,78.40907422995774,store374@hyderabad.com,9205649314,9 AM - 9 PM,188
375,3,4,17.379834599759608,78.50321727178603,store375@hyderabad.com,9207071331,9 AM - 9 PM,452
376,3,4,17.414383572512406,78.49788985575363,store376@hyderabad.com,9246283060,9 AM - 9 PM,357
377,3,4,17.438398404077024,78.5429980144185,store377@hyderabad.com,9734789957,9 AM - 9 PM,224
378,3,4,17.380910516479638,78.47932782046762,store378@hyderabad.com,9144724322,9 AM - 9 PM,496
379,3,4,17.401923188691427,78.52253828034091,store379@hyderabad.com,9586907458,9 AM - 9 PM,493
380,3,4,17.405487475839198,78.51168634538986,store380@hyderabad.com,9640569334,9 AM - 9 PM,442
381,3,4,17.384961483432388,78.48752393516155,store381@hyderabad.com,9277683219,9 AM - 9 PM,195
382,3,4,17.389234798838306,78.54730943218789,store382@hyderabad.com,9814981230,9 AM - 9 PM,149
383,3,4,17.381634064748237,78.4850199119023,store383@hyderabad.com,9514292567,9 AM - 9 PM,385
384,3,4,17.35426913654699,78.40748242335523,store384@hyderabad.com,9583537680,9 AM - 9 PM,108
385,3,4,17.38919180800673,78.50653977610281,store385@hyderabad.com,9193611535,9 AM - 9 PM,450
386,3,4,17.29922232592084,78.46468403659635,store386@hyderabad.com,9131636966,9 AM - 9 PM,377
387,3,4,17.367904554598088,78.4440114302995,store387@hyderabad.com,9772604277,9 AM - 9 PM,121
388,3,4,17.332473176539835,78.50213995011627,store388@hyderabad.com,9408303440,9 AM - 9 PM,426
389,3,4,17.383693847223363,78.48625850956003,store389@hyderabad.com,9049324723,9 AM - 9 PM,438
390,3,4,17.405007619801882,78.51352517031337,store390@hyderabad.com,9057574208,9 AM - 9 PM,378
391,3,4,17.35088763195294,78.42941624543883,store391@hyderabad.com,9761349124,9 AM - 9 PM,106
392,3,4,17.44902819095324,78.48521272119844,store392@hyderabad.com,9158442161,9 AM - 9 PM,144
393,3,4,17.42636193005008,78.45230389014249,store393@hyderabad.com,9855281900,9 AM - 9 PM,168
394,3,4,17.394064242088746,78.49177625565373,store394@hyderabad.com,9417164118,9 AM - 9 PM,363
395,3,4,17.398692328432773,78.53094068297835,store395@hyderabad.com,9772839990,9 AM - 9 PM,136
396,3,4,17.386026497903256,78.50097190793116,store396@hyderabad.com,9938929462,9 AM - 9 PM,173
397,3,4,17.38597238300359,78.48060225271445,store397@hyderabad.com,9095784284,9 AM - 9 PM,442
398,3,4,17.424662268925914,78.46384922959108,store398@hyderabad.com,9663681528,9 AM - 9 PM,234
399,3,4,17.381732932555376,78.5139712776339,store399@hyderabad.com,9773875583,9 AM - 9 PM,314
400,3,4,17.440225947722194,78.4731282117218,store400@hyderabad.com,9415058193,9 AM - 9 PM,424
401,7,5,13.119593972390431,80.33015148054616,store401@chennai.com,9075967817,9 AM - 9 PM,203
402,7,5,13.038691116014528,80.24507830596586,store402@chennai.com,9972959604,9 AM - 9 PM,140
403,7,5,13.013444340584899,80.31505983351892,store403@chennai.com,9208341497,9 AM - 9 PM,468
404,7,5,13.082634377124554,80.27483998709799,store404@chennai.com,9920527245,9 AM - 9 PM,59
405,7,5,13.082563219162891,80.27068456796758,store405@chennai.com,9843083188,9 AM - 9 PM,229
406,7,5,13.086616181912962,80.26429246583196,store406@chennai.com,9609238720,9 AM - 9 PM,308
407,7,5,13.011215585122104,80.27497487954456,store407@chennai.com,9163400157,9 AM - 9 PM,153
408,7,5,13.10902975101212,80.28809229719405,store408@chennai.com,9696978012,9 AM - 9 PM,171
409,7,5,13.03157898191741,80.20392411943499,store409@chennai.com,9165573266,9 AM - 9 PM,96
410,7,5,12.999661603471758,80.27787658671134,store410@chennai.com,9160784861,9 AM - 9 PM,125
411,7,5,13.141994214670776,80.2236521170904,store411@chennai.com,9321515379,9 AM - 9 PM,431
412,7,5,13.04623166001466,80.3219951111085,store412@chennai.com,9431373728,9 AM - 9 PM,103
413,7,5,13.114885267652886,80.26973583612309,store413@chennai.com,9417553394,9 AM - 9 PM,104
414,7,5,13.048822306639025,80.27751764249292,store414@chennai.com,9172568788,9 AM - 9 PM,340
415,7,5,13.110441914993274,80.33084769821299,store415@chennai.com,9463706482,9 AM - 9 PM,108
416,7,5,13.110563950750908,80.2417544465709,store416@chennai.com,9285076661,9 AM - 9 PM,419
417,7,5,13.102792187753833,80.28498614398464,store417@chennai.com,9796843377,9 AM - 9 PM,482
418,7,5,13.085954237780994,80.26963006902798,store418@chennai.com,9077310676,9 AM - 9 PM,181
419,7,5,13.033240684108813,80.24636805135644,store419@chennai.com,9189329051,9 AM - 9 PM,111
420,7,5,13.082680682957692,80.18606354563664,store420@chennai.com,9227979026,9 AM - 9 PM,65
421,7,5,13.066169240527584,80.24737820416166,store421@chennai.com,9712212701,9 AM - 9 PM,386
422,7,5,13.130419880126473,80.21029645691979,store422@chennai.com,9310908770,9 AM - 9 PM,277
423,7,5,13.046872829618248,80.27151368675678,store423@chennai.com,9682155774,9 AM - 9 PM,373
424,7,5,13.089989618554496,80.22260435765594,store424@chennai.com,9768258110,9 AM - 9 PM,214
425,7,5,13.143069204256115,80.22892121440381,store425@chennai.com,9834297184,9 AM - 9 PM,70
426,7,5,13.077316235252512,80.27353415709712,store426@chennai.com,9526890035,9 AM - 9 PM,384
427,7,5,13.089868512576194,80.26480426283658,store427@chennai.com,9383845197,9 AM - 9 PM,193
428,7,5,13.040931267000259,80.32504474243017,store428@chennai.com,9164955815,9 AM - 9 PM,308
429,7,5,13.081911689537183,80.27046924415416,store429@chennai.com,9887162037,9 AM - 9 PM,403
430,7,5,13.068404461371461,80.31790437760905,store430@chennai.com,9217837578,9 AM - 9 PM,329
431,7,5,13.082194483520297,80.33114000903986,store431@chennai.com,9500199416,9 AM - 9 PM,406
432,7,5,13.062876192478916,80.35196923717203,store432@chennai.com,9679010483,9 AM - 9 PM,341
433,7,5,13.149027475271044,80.22253293202951,store433@chennai.com,9829446440,9 AM - 9 PM,67
434,7,5,13.069795402294666,80.23996130553984,store434@chennai.com,9092322737,9 AM - 9 PM,76
435,7,5,13.082198669151433,80.21460145955315,store435@chennai.com,9713703011,9 AM - 9 PM,92
436,7,5,13.121471169691054,80.27083808784138,store436@chennai.com,9870847261,9 AM - 9 PM,491
437,7,5,13.08601828003397,80.26955832988232,store437@chennai.com,9225645379,9 AM - 9 PM,427
438,7,5,12.995505246972137,80.28316497570869,store438@chennai.com,9811047272,9 AM - 9 PM,134
439,7,5,13.032697163699691,80.32298926603004,store439@chennai.com,9135365092,9 AM - 9 PM,492
440,7,5,13.01527423390796,80.24851686991757,store440@chennai.com,9756789279,9 AM - 9 PM,294
441,7,5,13.132789977978815,80.26230686476072,store441@chennai.com,9859104856,9 AM - 9 PM,136
442,7,5,13.082789123082216,80.34105931525959,store442@chennai.com,9217851978,9 AM - 9 PM,491
443,7,5,13.077277076231532,80.26197491317954,store443@chennai.com,9455097487,9 AM - 9 PM,55
444,7,5,13.121423484991393,80.18934013615932,store444@chennai.com,9367244089,9 AM - 9 PM,104
445,7,5,13.132401819233394,80.29543809329849,store445@chennai.com,9473611722,9 AM - 9 PM,177
446,7,5,13.022399662789887,80.21448763850225,store446@chennai.com,9327438552,9 AM - 9 PM,334
447,7,5,13.107561788369592,80.27558989108832,store447@chennai.com,9465012284,9 AM - 9 PM,185
448,7,5,13.03512193012451,80.24332305107583,store448@chennai.com,9393460760,9 AM - 9 PM,455
449,7,5,13.087569792307406,80.27570638808879,store449@chennai.com,9173615870,9 AM - 9 PM,293
450,7,5,13.075318149907682,80.26464139954147,store450@chennai.com,9076552711,9 AM - 9 PM,261
451,7,5,13.105125031077204,80.27751442761368,store451@chennai.com,9577916266,9 AM - 9 PM,197
452,7,5,13.074744608006068,80.29026921596761,store452@chennai.com,9375873164,9 AM - 9 PM,256
453,7,5,13.069785761013833,80.24015769573,store453@chennai.com,9376224687,9 AM - 9 PM,402
454,7,5,13.092602665337415,80.27657964808134,store454@chennai.com,9686978909,9 AM - 9 PM,405
455,7,5,13.142454008018953,80.27210873265312,store455@chennai.com,9334873484,9 AM - 9 PM,233
456,7,5,13.059613690390272,80.3207430143516,store456@chennai.com,9905747846,9 AM - 9 PM,307
457,7,5,13.147494390575602,80.3329383446899,store457@chennai.com,9057814128,9 AM - 9 PM,143
458,7,5,13.080645502863243,80.27581548289285,store458@chennai.com,9955485993,9 AM - 9 PM,392
459,7,5,13.011536985383898,80.23949652959102,store459@chennai.com,9007468730,9 AM - 9 PM,238
460,7,5,13.048396345023297,80.2473199803714,store460@chennai.com,9815885281,9 AM - 9 PM,74
461,7,5,13.084123624157705,80.27039195168241,store461@chennai.com,9316152216,9 AM - 9 PM,281
462,7,5,13.078562576214829,80.27638582544866,store462@chennai.com,9333643375,9 AM - 9 PM,230
463,7,5,13.083921108441036,80.27066513537973,store463@chennai.com,9040134732,9 AM - 9 PM,116
464,7,5,13.073460139019806,80.2289980266222,store464@chennai.com,9519600620,9 AM - 9 PM,89
465,7,5,13.090291333275774,80.27777856338332,store465@chennai.com,9257100740,9 AM - 9 PM,483
466,7,5,13.091116219900137,80.27581136543155,store466@chennai.com,9431750636,9 AM - 9 PM,64
467,7,5,13.059388184806725,80.2214316118188,store467@chennai.com,9514180106,9 AM - 9 PM,125
468,7,5,13.066291780944368,80.20733363172381,store468@chennai.com,9458948080,9 AM - 9 PM,100
469,7,5,13.11682236226413,80.24496121113629,store469@chennai.com,9137597187,9 AM - 9 PM,217
470,7,5,13.029530664705348,80.28413605315694,store470@chennai.com,9527267701,9 AM - 9 PM,173
471,7,5,13.054987430395906,80.24759370257257,store471@chennai.com,9573258871,9 AM - 9 PM,266
472,7,5,13.159334489219699,80.2220098055885,store472@chennai.com,9063493525,9 AM - 9 PM,377
473,7,5,13.08434986196849,80.19818548722006,store473@chennai.com,9252273841,9 AM - 9 PM,94
474,7,5,13.089005783872274,80.30165072069195,store474@chennai.com,9944216218,9 AM - 9 PM,265
475,7,5,13.032598288996343,80.26488922347536,store475@chennai.com,9538701180,9 AM - 9 PM,476
476,7,5,13.05952172994642,80.30964000366055,store476@chennai.com,9429639418,9 AM - 9 PM,249
477,7,5,13.04543908645937,80.25825597787119,store477@chennai.com,9345861398,9 AM - 9 PM,115
478,7,5,13.107649870212347,80.25925231975562,store478@chennai.com,9179997759,9 AM - 9 PM,434
479,7,5,13.061705320259625,80.19631214027204,store479@chennai.com,9027806830,9 AM - 9 PM,215
480,7,5,13.14171964675013,80.2801469501242,store480@chennai.com,9606865169,9 AM - 9 PM,469
481,7,5,13.078954386103744,80.27484110464258,store481@chennai.com,9037392441,9 AM - 9 PM,155
482,7,5,13.088911777184679,80.2747132966483,store482@chennai.com,9782014013,9 AM - 9 PM,449
483,7,5,13.036441436480581,80.2263947009481,store483@chennai.com,9118962210,9 AM - 9 PM,353
484,7,5,13.043949106134281,80.3471731553403,store484@chennai.com,9620969172,9 AM - 9 PM,149
485,7,5,13.08942322666413,80.26379299508613,store485@chennai.com,9328215312,9 AM - 9 PM,308
486,7,5,13.07512739727615,80.2615814526236,store486@chennai.com,9158264135,9 AM - 9 PM,232
487,7,5,13.067470663359813,80.27097446890711,store487@chennai.com,9694868601,9 AM - 9 PM,99
488,7,5,13.114924943750797,80.34209605311516,store488@chennai.com,9051417570,9 AM - 9 PM,92
489,7,5,13.072982527521395,80.26967529238294,store489@chennai.com,9830753449,9 AM - 9 PM,146
490,7,5,13.134055921295788,80.25834148064547,store490@chennai.com,9266394407,9 AM - 9 PM,203
491,7,5,13.016776643322572,80.3034454231615,store491@chennai.com,9118511711,9 AM - 9 PM,117
492,7,5,13.033897338431565,80.24631100768086,store492@chennai.com,9436637919,9 AM - 9 PM,293
493,7,5,13.077855267999642,80.26772782514075,store493@chennai.com,9844827773,9 AM - 9 PM,252
494,7,5,13.0975192841854,80.27008808681994,store494@chennai.com,9089240327,9 AM - 9 PM,495
495,7,5,13.151545565468448,80.27820427138131,store495@chennai.com,9007817913,9 AM - 9 PM,235
496,7,5,13.083494988587272,80.26247570460541,store496@chennai.com,9720711654,9 AM - 9 PM,292
497,7,5,13.143717670661898,80.25795226631031,store497@chennai.com,9677983924,9 AM - 9 PM,356
498,7,5,13.094938343124166,80.33479580762304,store498@chennai.com,9133959284,9 AM - 9 PM,282
499,7,5,13.107848947967144,80.27171001606652,store499@chennai.com,9918536919,9 AM - 9 PM,254
500,7,5,13.082366077880348,80.27179576183545,store500@chennai.com,9127212085,9 AM - 9 PM,303
501,1,6,22.5800203439283,88.32844353062431,store501@kolkata.com,9802355079,9 AM - 9 PM,373
502,1,6,22.633593962264563,88.3388249252704,store502@kolkata.com,9763571701,9 AM - 9 PM,448
503,1,6,22.553643673418186,88.39844328083721,store503@kolkata.com,9912548435,9 AM - 9 PM,250
504,1,6,22.567908672828338,88.3572268414662,store504@kolkata.com,9249062612,9 AM - 9 PM,353
505,1,6,22.565782380473582,88.4174930528166,store505@kolkata.com,9839365350,9 AM - 9 PM,85
506,1,6,22.597202104146184,88.32699676459903,store506@kolkata.com,9935058771,9 AM - 9 PM,400
507,1,6,22.5842269061912,88.37821417833739,store507@kolkata.com,9091558394,9 AM - 9 PM,204
508,1,6,22.59402449557607,88.326283385226,store508@kolkata.com,9198919617,9 AM - 9 PM,435
509,1,6,22.5395056472804,88.37615316048199,store509@kolkata.com,9062362797,9 AM - 9 PM,136
510,1,6,22.530219895875373,88.3552587553049,store510@kolkata.com,9165431403,9 AM - 9 PM,475
511,1,6,22.61259799166575,88.41213980653053,store511@kolkata.com,9808893508,9 AM - 9 PM,169
512,1,6,22.583449861124883,88.33043107706044,store512@kolkata.com,9766522222,9 AM - 9 PM,97
513,1,6,22.573806420226163,88.36932480527335,store513@kolkata.com,9082089780,9 AM - 9 PM,66
514,1,6,22.565265815725407,88.34989699286032,store514@kolkata.com,9592616477,9 AM - 9 PM,438
515,1,6,22.626317812205123,88.39287066557497,store515@kolkata.com,9252297104,9 AM - 9 PM,270
516,1,6,22.619444480828545,88.33608570048389,store516@kolkata.com,9613139825,9 AM - 9 PM,315
517,1,6,22.535290280689125,88.35964417624734,store517@kolkata.com,9300407598,9 AM - 9 PM,319
518,1,6,22.623741546363778,88.37510401036535,store518@kolkata.com,9716144600,9 AM - 9 PM,419
519,1,6,22.61258885045235,88.32704283291669,store519@kolkata.com,9465040181,9 AM - 9 PM,433
520,1,6,22.574883392896066,88.36864218073157,store520@kolkata.com,9018697024,9 AM - 9 PM,222
521,1,6,22.603999133171023,88.29559110658592,store521@kolkata.com,9608980955,9 AM - 9 PM,53
522,1,6,22.539842384365294,88.36022578057919,store522@kolkata.com,9972084808,9 AM - 9 PM,195
523,1,6,22.613704218901532,88.31144196537997,store523@kolkata.com,9927568544,9 AM - 9 PM,85
524,1,6,22.52398174262846,88.37210468518616,store524@kolkata.com,9760774134,9 AM - 9 PM,258
525,1,6,22.58122727446351,88.31681883355488,store525@kolkata.com,9193184936,9 AM - 9 PM,360
526,1,6,22.54799745619686,88.39887404162415,store526@kolkata.com,9528792402,9 AM - 9 PM,494
527,1,6,22.567915421430136,88.36746457792881,store527@kolkata.com,9513303553,9 AM - 9 PM,400
528,1,6,22.621532656421646,88.34220458564359,store528@kolkata.com,9676842546,9 AM - 9 PM,310
529,1,6,22.565359547034035,88.36398008073408,store529@kolkata.com,9358642421,9 AM - 9 PM,448
530,1,6,22.5448084696359,88.32686957892147,store530@kolkata.com,9091601003,9 AM - 9 PM,144
531,1,6,22.631274500302176,88.35384146080975,store531@kolkata.com,9169041140,9 AM - 9 PM,173
532,1,6,22.57826750716088,88.35528286691023,store532@kolkata.com,9189517833,9 AM - 9 PM,484
533,1,6,22.549993223444442,88.35994829466036,store533@kolkata.com,9208713282,9 AM - 9 PM,228
534,1,6,22.548452920565484,88.29899733546604,store534@kolkata.com,9160345898,9 AM - 9 PM,246
535,1,6,22.57205478962713,88.38418284535713,store535@kolkata.com,9587560650,9 AM - 9 PM,494
536,1,6,22.60321694339827,88.39258731711458,store536@kolkata.com,9268379819,9 AM - 9 PM,284
537,1,6,22.579906361309643,88.36237762526369,store537@kolkata.com,9343539865,9 AM - 9 PM,85
538,1,6,22.600863131541907,88.32518744325476,store538@kolkata.com,9323661565,9 AM - 9 PM,145
539,1,6,22.578760209697077,88.37021554669062,store539@kolkata.com,9776999195,9 AM - 9 PM,455
540,1,6,22.559289214104517,88.31422697939132,store540@kolkata.com,9849871306,9 AM - 9 PM,412
541,1,6,22.550635857960433,88.3063107333879,store541@kolkata.com,9180975195,9 AM - 9 PM,120
542,1,6,22.573994795488424,88.38639140499318,store542@kolkata.com,9608738125,9 AM - 9 PM,407
543,1,6,22.532676075315766,88.37590730454832,store543@kolkata.com,9021959057,9 AM - 9 PM,152
544,1,6,22.58758140755684,88.33668790503862,store544@kolkata.com,9128339133,9 AM - 9 PM,231
545,1,6,22.62101795241608,88.37354570611082,store545@kolkata.com,9029533583,9 AM - 9 PM,273
546,1,6,22.5835911298096,88.32324141550842,store546@kolkata.com,9707893760,9 AM - 9 PM,258
547,1,6,22.623681826736775,88.35719037336814,store547@kolkata.com,9170903181,9 AM - 9 PM,267
548,1,6,22.571828602012683,88.36533033209744,store548@kolkata.com,9077387944,9 AM - 9 PM,237
549,1,6,22.580296726760114,88.35621224623794,store549@kolkata.com,9656586787,9 AM - 9 PM,152
550,1,6,22.56463587154512,88.42629464758188,store550@kolkata.com,9453399404,9 AM - 9 PM,219
551,1,6,22.551327585615585,88.37293213101798,store551@kolkata.com,9627168057,9 AM - 9 PM,481
552,1,6,22.580298295971453,88.28771346710408,store552@kolkata.com,9003454110,9 AM - 9 PM,478
553,1,6,22.531417116115435,88.3235069885126,store553@kolkata.com,9979219074,9 AM - 9 PM,252
554,1,6,22.539165005806673,88.31646338195563,store554@kolkata.com,9815565264,9 AM - 9 PM,94
555,1,6,22.56824897016764,88.38486173375753,store555@kolkata.com,9029539991,9 AM - 9 PM,418
556,1,6,22.551787203689624,88.34468468809239,store556@kolkata.com,9325403018,9 AM - 9 PM,297
557,1,6,22.568988733620124,88.34518371630364,store557@kolkata.com,9620258916,9 AM - 9 PM,379
558,1,6,22.62474716487519,88.36481812084354,store558@kolkata.com,9836504528,9 AM - 9 PM,429
559,1,6,22.580021051759253,88.35730455692723,store559@kolkata.com,9941123040,9 AM - 9 PM,385
560,1,6,22.553892281032905,88.35751450589478,store560@kolkata.com,9008308630,9 AM - 9 PM,111
561,1,6,22.593475827032474,88.31660966938036,store561@kolkata.com,9309773036,9 AM - 9 PM,281
562,1,6,22.61887190032165,88.39515078748339,store562@kolkata.com,9182583069,9 AM - 9 PM,68
563,1,6,22.573477910998225,88.3615054021917,store563@kolkata.com,9247109876,9 AM - 9 PM,378
564,1,6,22.550924817094838,88.38375539566222,store564@kolkata.com,9175893570,9 AM - 9 PM,86
565,1,6,22.582704166952755,88.36514734630215,store565@kolkata.com,9911946196,9 AM - 9 PM,481
566,1,6,22.595672397437475,88.38689329424793,store566@kolkata.com,9614194252,9 AM - 9 PM,65
567,1,6,22.58076725690898,88.34611276689428,store567@kolkata.com,9635653249,9 AM - 9 PM,75
568,1,6,22.57987935023562,88.40946504259342,store568@kolkata.com,9520010107,9 AM - 9 PM,131
569,1,6,22.551993854074894,88.38530795411022,store569@kolkata.com,9523798738,9 AM - 9 PM,295
570,1,6,22.553038117504354,88.3543800863244,store570@kolkata.com,9220149261,9 AM - 9 PM,340
571,1,6,22.597441121792915,88.30699810062153,store571@kolkata.com,9982407628,9 AM - 9 PM,461
572,1,6,22.519485170573684,88.36212298427552,store572@kolkata.com,9358139423,9 AM - 9 PM,410
573,1,6,22.562160801583403,88.34867223030162,store573@kolkata.com,9695277582,9 AM - 9 PM,262
574,1,6,22.57070499413957,88.30196226776175,store574@kolkata.com,9019657466,9 AM - 9 PM,322
575,1,6,22.588896967019906,88.36593182180373,store575@kolkata.com,9728952475,9 AM - 9 PM,261
576,1,6,22.628666552571712,88.3534082065702,store576@kolkata.com,9339468584,9 AM - 9 PM,282
577,1,6,22.577353974005046,88.35143105565298,store577@kolkata.com,9382519779,9 AM - 9 PM,482
578,1,6,22.573415311901613,88.3650419608246,store578@kolkata.com,9505202202,9 AM - 9 PM,466
579,1,6,22.577647232405305,88.37277620551642,store579@kolkata.com,9105471663,9 AM - 9 PM,313
580,1,6,22.563078231679043,88.40460648433091,store580@kolkata.com,9610750505,9 AM - 9 PM,158
581,1,6,22.608250260672015,88.38822813700484,store581@kolkata.com,9898320766,9 AM - 9 PM,87
582,1,6,22.61248705157805,88.41981923624675,store582@kolkata.com,9933937838,9 AM - 9 PM,183
583,1,6,22.574317430705772,88.38341151946723,store583@kolkata.com,9024886987,9 AM - 9 PM,136
584,1,6,22.5514425714282,88.37622878020308,store584@kolkata.com,9644864406,9 AM - 9 PM,65
585,1,6,22.60367836953976,88.31921207704588,store585@kolkata.com,9663345838,9 AM - 9 PM,413
586,1,6,22.51707612175343,88.36865164877148,store586@kolkata.com,9342124837,9 AM - 9 PM,363
587,1,6,22.55408162363297,88.34636868190931,store587@kolkata.com,9722097712,9 AM - 9 PM,167
588,1,6,22.60596003020298,88.32277877836104,store588@kolkata.com,9877731543,9 AM - 9 PM,334
589,1,6,22.634675315119637,88.32652065639786,store589@kolkata.com,9073181080,9 AM - 9 PM,404
590,1,6,22.551393605574475,88.33006538126918,store590@kolkata.com,9260196329,9 AM - 9 PM,321
591,1,6,22.555436398320346,88.32206081780684,store591@kolkata.com,9463023503,9 AM - 9 PM,421
592,1,6,22.522682945562206,88.34532509749482,store592@kolkata.com,9179105277,9 AM - 9 PM,134
593,1,6,22.560400599409263,88.40614062965437,store593@kolkata.com,9008152466,9 AM - 9 PM,52
594,1,6,22.50469882202604,88.33788494337566,store594@kolkata.com,9719917798,9 AM - 9 PM,70
595,1,6,22.559881309304025,88.34079064514383,store595@kolkata.com,9166487356,9 AM - 9 PM,425
596,1,6,22.533147679766582,88.31370316374895,store596@kolkata.com,9787096259,9 AM - 9 PM,112
597,1,6,22.573608380765975,88.38829453176878,store597@kolkata.com,9372088905,9 AM - 9 PM,438
598,1,6,22.55566242158204,88.37126979082132,store598@kolkata.com,9979769682,9 AM - 9 PM,116
599,1,6,22.606426945267124,88.35671218866267,store599@kolkata.com,9316479388,9 AM - 9 PM,407
600,1,6,22.51899677465948,88.38810507450705,store600@kolkata.com,9444202730,9 AM - 9 PM,113
601,7,7,22.981734508023745,72.61951158101067,store601@ahmedabad.com,9094609125,9 AM - 9 PM,458
602,7,7,23.068957821944384,72.57287509642833,store602@ahmedabad.com,9596594809,9 AM - 9 PM,482
603,7,7,23.045200287672998,72.55888954463066,store603@ahmedabad.com,9770443103,9 AM - 9 PM,259
604,7,7,23.014777918107335,72.59299352591202,store604@ahmedabad.com,9007432981,9 AM - 9 PM,83
605,7,7,23.038369166482713,72.59740156031948,store605@ahmedabad.com,9260503207,9 AM - 9 PM,372
606,7,7,23.070301486040698,72.61941444001438,store606@ahmedabad.com,9881169616,9 AM - 9 PM,397
607,7,7,22.97519486778337,72.55839593885382,store607@ahmedabad.com,9242487834,9 AM - 9 PM,303
608,7,7,22.989182994254545,72.56990098270614,store608@ahmedabad.com,9192042244,9 AM - 9 PM,115
609,7,7,23.091447053329706,72.54222803744241,store609@ahmedabad.com,9986950734,9 AM - 9 PM,82
610,7,7,23.01331858391062,72.58740957237917,store610@ahmedabad.com,9076089105,9 AM - 9 PM,443
611,7,7,23.066995612250395,72.54400298756076,store611@ahmedabad.com,9205943230,9 AM - 9 PM,281
612,7,7,23.044195001603164,72.6253040133577,store612@ahmedabad.com,9796506124,9 AM - 9 PM,179
613,7,7,22.954081671931128,72.56501131919578,store613@ahmedabad.com,9155025628,9 AM - 9 PM,198
614,7,7,22.97681042324688,72.53479616293656,store614@ahmedabad.com,9645768444,9 AM - 9 PM,94
615,7,7,22.942687919719805,72.5995943523084,store615@ahmedabad.com,9968592375,9 AM - 9 PM,428
616,7,7,22.964096442843196,72.60096690132708,store616@ahmedabad.com,9945566524,9 AM - 9 PM,231
617,7,7,23.005880815923714,72.54297171512152,store617@ahmedabad.com,9970892799,9 AM - 9 PM,111
618,7,7,22.980845796692222,72.50739353287261,store618@ahmedabad.com,9990778352,9 AM - 9 PM,142
619,7,7,22.984243655307655,72.51410573659834,store619@ahmedabad.com,9499792461,9 AM - 9 PM,330
620,7,7,23.019096201415508,72.5550915790567,store620@ahmedabad.com,9160332065,9 AM - 9 PM,353
621,7,7,23.102787457866206,72.59602451675381,store621@ahmedabad.com,9983357854,9 AM - 9 PM,394
622,7,7,23.02310382593041,72.57197794896118,store622@ahmedabad.com,9721518989,9 AM - 9 PM,296
623,7,7,23.027159636249138,72.56938342872732,store623@ahmedabad.com,9059466504,9 AM - 9 PM,130
624,7,7,23.032144911010256,72.56824089766258,store624@ahmedabad.com,9634633205,9 AM - 9 PM,326
625,7,7,23.062016867692083,72.51787292071805,store625@ahmedabad.com,9276447086,9 AM - 9 PM,163
626,7,7,23.02413315676415,72.56057319078397,store626@ahmedabad.com,9050536920,9 AM - 9 PM,260
627,7,7,23.02570110781736,72.54535462731347,store627@ahmedabad.com,9692464637,9 AM - 9 PM,292
628,7,7,23.073943924107585,72.5126353504187,store628@ahmedabad.com,9439032029,9 AM - 9 PM,245
629,7,7,22.99159104774065,72.64444757049701,store629@ahmedabad.com,9512572559,9 AM - 9 PM,437
630,7,7,23.023335616678104,72.57269558346029,store630@ahmedabad.com,9826595380,9 AM - 9 PM,240
631,7,7,23.013122186159137,72.57336878241198,store631@ahmedabad.com,9556792601,9 AM - 9 PM,376
632,7,7,23.022338045006617,72.57110851546605,store632@ahmedabad.com,9234311313,9 AM - 9 PM,94
633,7,7,23.031139710050432,72.56264087930843,store633@ahmedabad.com,9889908384,9 AM - 9 PM,156
634,7,7,23.049027154507,72.57690404757648,store634@ahmedabad.com,9229181965,9 AM - 9 PM,94
635,7,7,23.017590295979538,72.55419226554146,store635@ahmedabad.com,9030804980,9 AM - 9 PM,390
636,7,7,22.999018422338636,72.6034199861166,store636@ahmedabad.com,9539360850,9 AM - 9 PM,118
637,7,7,23.08468673617697,72.55098694743631,store637@ahmedabad.com,9511811803,9 AM - 9 PM,165
638,7,7,22.961806778629352,72.51861020330881,store638@ahmedabad.com,9228351169,9 AM - 9 PM,191
639,7,7,23.068864211342383,72.48878749617668,store639@ahmedabad.com,9975623115,9 AM - 9 PM,257
640,7,7,23.039785470197376,72.53601530473848,store640@ahmedabad.com,9733255597,9 AM - 9 PM,298
641,7,7,23.047621659565042,72.58697826971388,store641@ahmedabad.com,9906829352,9 AM - 9 PM,58
642,7,7,23.003512068495553,72.60155543423865,store642@ahmedabad.com,9357846798,9 AM - 9 PM,404
643,7,7,23.02578484394915,72.66193070844022,store643@ahmedabad.com,9238661376,9 AM - 9 PM,479
644,7,7,23.08597184386303,72.5657754237575,store644@ahmedabad.com,9807882833,9 AM - 9 PM,315
645,7,7,23.025730530751606,72.56410396966008,store645@ahmedabad.com,9821685195,9 AM - 9 PM,152
646,7,7,23.05197528235246,72.57332221478582,store646@ahmedabad.com,9669045654,9 AM - 9 PM,233
647,7,7,23.0111491065415,72.54360246894409,store647@ahmedabad.com,9355931330,9 AM - 9 PM,289
648,7,7,23.043723340432127,72.66176289580257,store648@ahmedabad.com,9350955976,9 AM - 9 PM,124
649,7,7,23.015553436398342,72.53056322165892,store649@ahmedabad.com,9976603277,9 AM - 9 PM,467
650,7,7,23.057077214467295,72.64092957609466,store650@ahmedabad.com,9120076421,9 AM - 9 PM,495
651,7,7,23.020622989609766,72.59588344924995,store651@ahmedabad.com,9300750361,9 AM - 9 PM,136
652,7,7,23.106453504878374,72.54964331228001,store652@ahmedabad.com,9381328360,9 AM - 9 PM,447
653,7,7,23.02482520340843,72.5994840996974,store653@ahmedabad.com,9862426495,9 AM - 9 PM,421
654,7,7,23.06784769303546,72.59888193652723,store654@ahmedabad.com,9011335292,9 AM - 9 PM,206
655,7,7,23.022897344327905,72.58974930216763,store655@ahmedabad.com,9070240028,9 AM - 9 PM,80
656,7,7,22.958494142417177,72.62438149505901,store656@ahmedabad.com,9665513491,9 AM - 9 PM,241
657,7,7,23.00415628642702,72.58370552254446,store657@ahmedabad.com,9850875307,9 AM - 9 PM,63
658,7,7,23.026465648473888,72.5679981109239,store658@ahmedabad.com,9965451082,9 AM - 9 PM,70
659,7,7,23.00218966343877,72.61309365211115,store659@ahmedabad.com,9567738807,9 AM - 9 PM,432
660,7,7,22.986193407802695,72.56577477943596,store660@ahmedabad.com,9410572518,9 AM - 9 PM,255
661,7,7,23.056047221372364,72.53427969565965,store661@ahmedabad.com,9307624427,9 AM - 9 PM,340
662,7,7,23.03977526612588,72.66332019492145,store662@ahmedabad.com,9883663263,9 AM - 9 PM,260
663,7,7,23.033060027542323,72.60525871415592,store663@ahmedabad.com,9760231639,9 AM - 9 PM,165
664,7,7,23.020266039255105,72.57116036840699,store664@ahmedabad.com,9315136666,9 AM - 9 PM,101
665,7,7,22.95190026287545,72.51595551757727,store665@ahmedabad.com,9098749754,9 AM - 9 PM,79
666,7,7,23.022924342029523,72.64996066384718,store666@ahmedabad.com,9879512710,9 AM - 9 PM,289
667,7,7,23.05493092801713,72.55445340592486,store667@ahmedabad.com,9155788948,9 AM - 9 PM,389
668,7,7,23.013784494967986,72.59693008850006,store668@ahmedabad.com,9347502631,9 AM - 9 PM,176
669,7,7,23.095157787247185,72.56341884166474,store669@ahmedabad.com,9084683535,9 AM - 9 PM,475
670,7,7,23.01643898088627,72.5405959288544,store670@ahmedabad.com,9494278656,9 AM - 9 PM,222
671,7,7,22.974756292900313,72.55305124539622,store671@ahmedabad.com,9394571475,9 AM - 9 PM,128
672,7,7,23.033899915014786,72.57562093330824,store672@ahmedabad.com,9853391816,9 AM - 9 PM,225
673,7,7,22.99306375723152,72.55191094620197,store673@ahmedabad.com,9727767610,9 AM - 9 PM,63
674,7,7,23.04660955829573,72.56417215927999,store674@ahmedabad.com,9278479645,9 AM - 9 PM,148
675,7,7,22.987957430116357,72.60727895490096,store675@ahmedabad.com,9620934624,9 AM - 9 PM,498
676,7,7,22.968273283328426,72.52768188358253,store676@ahmedabad.com,9044643148,9 AM - 9 PM,468
677,7,7,23.074724237859588,72.50955491396807,store677@ahmedabad.com,9776015802,9 AM - 9 PM,484
678,7,7,23.007339194794827,72.60043655668778,store678@ahmedabad.com,9491444657,9 AM - 9 PM,386
679,7,7,23.025802015705413,72.59886211334211,store679@ahmedabad.com,9176269441,9 AM - 9 PM,426
680,7,7,22.987062241469484,72.48663897652446,store680@ahmedabad.com,9583317386,9 AM - 9 PM,122
681,7,7,23.00733575198495,72.52335295689664,store681@ahmedabad.com,9316951039,9 AM - 9 PM,240
682,7,7,22.950287371418057,72.53083658017212,store682@ahmedabad.com,9182033692,9 AM - 9 PM,389
683,7,7,23.082500513897404,72.55835762779328,store683@ahmedabad.com,9556973116,9 AM - 9 PM,436
684,7,7,23.038590756174365,72.51712526524929,store684@ahmedabad.com,9657561134,9 AM - 9 PM,232
685,7,7,23.00698999096839,72.48624930296197,store685@ahmedabad.com,9298959561,9 AM - 9 PM,346
686,7,7,22.982086543404872,72.57769217504261,store686@ahmedabad.com,9652517983,9 AM - 9 PM,341
687,7,7,22.958890923607605,72.57472373883999,store687@ahmedabad.com,9928005843,9 AM - 9 PM,116
688,7,7,23.06292077000001,72.61989002170718,store688@ahmedabad.com,9808718228,9 AM - 9 PM,308
689,7,7,22.973684483855717,72.63475616853553,store689@ahmedabad.com,9008205262,9 AM - 9 PM,268
690,7,7,23.080073305061216,72.60522127342203,store690@ahmedabad.com,9198826101,9 AM - 9 PM,267
691,7,7,22.97238113231037,72.57502992481457,store691@ahmedabad.com,9052646762,9 AM - 9 PM,496
692,7,7,23.01298003277169,72.59148617876838,store692@ahmedabad.com,9623522374,9 AM - 9 PM,266
693,7,7,23.03866738321471,72.56966497197894,store693@ahmedabad.com,9261279105,9 AM - 9 PM,262
694,7,7,23.01427373268528,72.53420135266252,store694@ahmedabad.com,9359554146,9 AM - 9 PM,67
695,7,7,23.06059800836001,72.53360195760347,store695@ahmedabad.com,9318168068,9 AM - 9 PM,71
696,7,7,23.022484947244777,72.57133625122016,store696@ahmedabad.com,9732262380,9 AM - 9 PM,299
697,7,7,22.99376373284071,72.57448326946992,store697@ahmedabad.com,9363360334,9 AM - 9 PM,74
698,7,7,22.96745192768249,72.53178961500058,store698@ahmedabad.com,9340081585,9 AM - 9 PM,410
699,7,7,22.98770539558303,72.56467765416274,store699@ahmedabad.com,9697188900,9 AM - 9 PM,449
700,7,7,22.946154133554952,72.60881674503091,store700@ahmedabad.com,9899193522,9 AM - 9 PM,470
701,3,8,18.553576589526855,73.9389879202696,store701@pune.com,9845722600,9 AM - 9 PM,163
702,3,8,18.558561317425408,73.85528141451397,store702@pune.com,9898981378,9 AM - 9 PM,197
703,3,8,18.51667501978848,73.84938183476947,store703@pune.com,9592079853,9 AM - 9 PM,75
704,3,8,18.4701501590323,73.86495576611672,store704@pune.com,9411002630,9 AM - 9 PM,445
705,3,8,18.46080162227232,73.85005316448144,store705@pune.com,9578386571,9 AM - 9 PM,257
706,3,8,18.472222848345787,73.90211634976558,store706@pune.com,9226197717,9 AM - 9 PM,294
707,3,8,18.513827084326298,73.86811565444924,store707@pune.com,9314477779,9 AM - 9 PM,385
708,3,8,18.516467242257306,73.86466644012829,store708@pune.com,9541428960,9 AM - 9 PM,212
709,3,8,18.521387234317103,73.90877915744883,store709@pune.com,9810308797,9 AM - 9 PM,96
710,3,8,18.49180864746083,73.86830986247571,store710@pune.com,9467440113,9 AM - 9 PM,154
711,3,8,18.50909045297921,73.86061691579854,store711@pune.com,9342839288,9 AM - 9 PM,296
712,3,8,18.57146687524081,73.92146209310219,store712@pune.com,9576519044,9 AM - 9 PM,71
713,3,8,18.587217276697405,73.85519585103923,store713@pune.com,9294243477,9 AM - 9 PM,489
714,3,8,18.479690959950773,73.85768108838062,store714@pune.com,9252862702,9 AM - 9 PM,128
715,3,8,18.56073382937731,73.84729659789546,store715@pune.com,9459386680,9 AM - 9 PM,410
716,3,8,18.534639799961763,73.84250865795336,store716@pune.com,9904332228,9 AM - 9 PM,454
717,3,8,18.545686032499702,73.90458822099104,store717@pune.com,9279399986,9 AM - 9 PM,295
718,3,8,18.550069535187724,73.88056581754851,store718@pune.com,9647269710,9 AM - 9 PM,249
719,3,8,18.446166634164804,73.82601910026895,store719@pune.com,9933639484,9 AM - 9 PM,377
720,3,8,18.529780769654227,73.86848427565138,store720@pune.com,9395572706,9 AM - 9 PM,168
721,3,8,18.496449068421036,73.78774139694984,store721@pune.com,9985169918,9 AM - 9 PM,447
722,3,8,18.533985036042722,73.85014601713047,store722@pune.com,9113034842,9 AM - 9 PM,418
723,3,8,18.510699045082774,73.85629345503273,store723@pune.com,9590385601,9 AM - 9 PM,360
724,3,8,18.55703929759145,73.79095730869793,store724@pune.com,9837721458,9 AM - 9 PM,238
725,3,8,18.59140032012447,73.8372909865301,store725@pune.com,9393494738,9 AM - 9 PM,213
726,3,8,18.513412272529614,73.8490197902482,store726@pune.com,9799384916,9 AM - 9 PM,478
727,3,8,18.572139886041104,73.86310652425843,store727@pune.com,9690560414,9 AM - 9 PM,106
728,3,8,18.49371496652855,73.88128642579848,store728@pune.com,9653758726,9 AM - 9 PM,385
729,3,8,18.49813807701336,73.85435732257778,store729@pune.com,9861992336,9 AM - 9 PM,149
730,3,8,18.533005703657608,73.93609232313105,store730@pune.com,9592219454,9 AM - 9 PM,273
731,3,8,18.46603015338831,73.81909587929941,store731@pune.com,9904904141,9 AM - 9 PM,314
732,3,8,18.584255205942764,73.87366167104764,store732@pune.com,9803525008,9 AM - 9 PM,70
733,3,8,18.55080141282213,73.92066590396817,store733@pune.com,9853998462,9 AM - 9 PM,133
734,3,8,18.56637863578978,73.83498969988729,store734@pune.com,9229153896,9 AM - 9 PM,204
735,3,8,18.53896725073077,73.93622012195331,store735@pune.com,9422070372,9 AM - 9 PM,350
736,3,8,18.53133543906519,73.7975957762907,store736@pune.com,9190722929,9 AM - 9 PM,135
737,3,8,18.51976448561177,73.85752338858462,store737@pune.com,9492916117,9 AM - 9 PM,109
738,3,8,18.48951992959306,73.8598117237409,store738@pune.com,9506917683,9 AM - 9 PM,172
739,3,8,18.530999091702327,73.87736314231037,store739@pune.com,9213167866,9 AM - 9 PM,431
740,3,8,18.582353422851213,73.79580965850603,store740@pune.com,9189443141,9 AM - 9 PM,216
741,3,8,18.57922710605812,73.8014500396272,store741@pune.com,9566153520,9 AM - 9 PM,288
742,3,8,18.514734010354548,73.80390947468487,store742@pune.com,9740211954,9 AM - 9 PM,101
743,3,8,18.523863849481586,73.85723081673736,store743@pune.com,9260020800,9 AM - 9 PM,378
744,3,8,18.530704590311142,73.86968873145031,store744@pune.com,9347832657,9 AM - 9 PM,495
745,3,8,18.541499397033924,73.87396750166587,store745@pune.com,9637188716,9 AM - 9 PM,246
746,3,8,18.543496246253362,73.83324114400874,store746@pune.com,9312076651,9 AM - 9 PM,381
747,3,8,18.529276064069954,73.85345308998717,store747@pune.com,9275938788,9 AM - 9 PM,359
748,3,8,18.444512336428307,73.89505821481737,store748@pune.com,9776061908,9 AM - 9 PM,334
749,3,8,18.55059779078294,73.8670104850164,store749@pune.com,9162971562,9 AM - 9 PM,376
750,3,8,18.50565800196078,73.81698129016874,store750@pune.com,9744070176,9 AM - 9 PM,394
751,3,8,18.52578603308118,73.85204707135274,store751@pune.com,9763049076,9 AM - 9 PM,126
752,3,8,18.57860519221274,73.9142815263144,store752@pune.com,9319643390,9 AM - 9 PM,128
753,3,8,18.55238508966282,73.87133631132994,store753@pune.com,9744372463,9 AM - 9 PM,349
754,3,8,18.54875639339954,73.84501194747476,store754@pune.com,9782335717,9 AM - 9 PM,350
755,3,8,18.501303782150572,73.76888287383734,store755@pune.com,9316544374,9 AM - 9 PM,307
756,3,8,18.45053207029761,73.89432505212504,store756@pune.com,9786225363,9 AM - 9 PM,174
757,3,8,18.511100892387137,73.85362197198818,store757@pune.com,9149469112,9 AM - 9 PM,409
758,3,8,18.56301241925776,73.79205786843724,store758@pune.com,9006044939,9 AM - 9 PM,426
759,3,8,18.51272796722812,73.85935695699689,store759@pune.com,9928857976,9 AM - 9 PM,394
760,3,8,18.514828024988354,73.84130239997721,store760@pune.com,9163273312,9 AM - 9 PM,219
761,3,8,18.518754360142132,73.85023719112691,store761@pune.com,9883413451,9 AM - 9 PM,368
762,3,8,18.497428916316817,73.80254576525927,store762@pune.com,9412018255,9 AM - 9 PM,128
763,3,8,18.592940776726863,73.88218421836903,store763@pune.com,9559542096,9 AM - 9 PM,59
764,3,8,18.572602888561985,73.79645179997686,store764@pune.com,9303887630,9 AM - 9 PM,375
765,3,8,18.585265158379418,73.80655761467742,store765@pune.com,9950682963,9 AM - 9 PM,283
766,3,8,18.512264773402702,73.89416483524946,store766@pune.com,9317234418,9 AM - 9 PM,365
767,3,8,18.520472839757147,73.8569720031033,store767@pune.com,9438666194,9 AM - 9 PM,137
768,3,8,18.489007501227128,73.87725426043647,store768@pune.com,9043384312,9 AM - 9 PM,189
769,3,8,18.501336814436073,73.83751406968396,store769@pune.com,9716436678,9 AM - 9 PM,192
770,3,8,18.5198598577899,73.86342887707774,store770@pune.com,9604835443,9 AM - 9 PM,120
771,3,8,18.439184790071582,73.85931706222985,store771@pune.com,9258438539,9 AM - 9 PM,294
772,3,8,18.545732576880514,73.8684988376194,store772@pune.com,9965297738,9 AM - 9 PM,446
773,3,8,18.47225369567156,73.8889094970012,store773@pune.com,9652426463,9 AM - 9 PM,411
774,3,8,18.45558676328288,73.86105166007802,store774@pune.com,9989036061,9 AM - 9 PM,315
775,3,8,18.53055498700159,73.92810992521682,store775@pune.com,9501004029,9 AM - 9 PM,166
776,3,8,18.522007198754665,73.84810746619412,store776@pune.com,9422517309,9 AM - 9 PM,289
777,3,8,18.53041302144149,73.83702769968423,store777@pune.com,9486831905,9 AM - 9 PM,410
778,3,8,18.493879237143375,73.84538099472678,store778@pune.com,9393093960,9 AM - 9 PM,452
779,3,8,18.59949557008195,73.81181278130504,store779@pune.com,9457521062,9 AM - 9 PM,190
780,3,8,18.48587761098927,73.86168778601134,store780@pune.com,9964435605,9 AM - 9 PM,364
781,3,8,18.474856690508062,73.91981667549415,store781@pune.com,9520249454,9 AM - 9 PM,149
782,3,8,18.536401719813153,73.93277987515846,store782@pune.com,9206088709,9 AM - 9 PM,99
783,3,8,18.449324160643922,73.84513682767138,store783@pune.com,9882097591,9 AM - 9 PM,163
784,3,8,18.520299758776428,73.85527501643476,store784@pune.com,9721059773,9 AM - 9 PM,238
785,3,8,18.51841756985726,73.855971471356,store785@pune.com,9641846534,9 AM - 9 PM,114
786,3,8,18.468694401054297,73.87176137811795,store786@pune.com,9950169893,9 AM - 9 PM,249
787,3,8,18.53510675213649,73.91957467412522,store787@pune.com,9169931939,9 AM - 9 PM,467
788,3,8,18.521698711846092,73.85930457064333,store788@pune.com,9516121990,9 AM - 9 PM,143
789,3,8,18.569620279639892,73.89406181796275,store789@pune.com,9499537910,9 AM - 9 PM,166
790,3,8,18.49414353152695,73.82930982782015,store790@pune.com,9414118892,9 AM - 9 PM,219
791,3,8,18.554854158937584,73.79295373210171,store791@pune.com,9200703350,9 AM - 9 PM,152
792,3,8,18.54122977582496,73.89346984120279,store792@pune.com,9062308415,9 AM - 9 PM,483
793,3,8,18.56275020109301,73.85109065890796,store793@pune.com,9421690164,9 AM - 9 PM,306
794,3,8,18.511315034747316,73.9171318063253,store794@pune.com,9950445525,9 AM - 9 PM,238
795,3,8,18.581087028212828,73.80971912077122,store795@pune.com,9511669413,9 AM - 9 PM,318
796,3,8,18.490578821445794,73.92972357417908,store796@pune.com,9769391780,9 AM - 9 PM,354
797,3,8,18.5261006824919,73.85402558633433,store797@pune.com,9231175461,9 AM - 9 PM,108
798,3,8,18.433866189198486,73.84477106851531,store798@pune.com,9762358214,9 AM - 9 PM,324
799,3,8,18.519152500507023,73.86012425769803,store799@pune.com,9234859536,9 AM - 9 PM,279
800,3,8,18.539634787815764,73.93989306496734,store800@pune.com,9756505283,9 AM - 9 PM,289
801,2,9,26.933583408222727,75.86736662370741,store801@jaipur.com,9801738182,9 AM - 9 PM,442
802,2,9,26.963473648374336,75.83198818878631,store802@jaipur.com,9213802153,9 AM - 9 PM,101
803,2,9,26.839742717070912,75.8601359310506,store803@jaipur.com,9767766600,9 AM - 9 PM,376
804,2,9,26.957061287297048,75.82342714751779,store804@jaipur.com,9317114265,9 AM - 9 PM,420
805,2,9,27.01366972426876,75.81212753097651,store805@jaipur.com,9625865695,9 AM - 9 PM,322
806,2,9,26.90231430264051,75.89740714191015,store806@jaipur.com,9870287817,9 AM - 9 PM,324
807,2,9,26.946690996920363,75.75416542243634,store807@jaipur.com,9450312149,9 AM - 9 PM,361
808,2,9,26.9627641067969,75.82270381309704,store808@jaipur.com,9404148057,9 AM - 9 PM,203
809,2,9,26.858437649617766,75.88844799348517,store809@jaipur.com,9683234658,9 AM - 9 PM,186
810,2,9,26.912403040808663,75.79679906556142,store810@jaipur.com,9451711432,9 AM - 9 PM,330
811,2,9,26.896898608951606,75.78494088126601,store811@jaipur.com,9712097584,9 AM - 9 PM,457
812,2,9,26.911590431050715,75.81306823034159,store812@jaipur.com,9640056190,9 AM - 9 PM,268
813,2,9,26.92306403738281,75.78889670239188,store813@jaipur.com,9215149400,9 AM - 9 PM,150
814,2,9,26.968144633483234,75.88428393029197,store814@jaipur.com,9601227535,9 AM - 9 PM,237
815,2,9,26.91860077098188,75.7917475654319,store815@jaipur.com,9790049595,9 AM - 9 PM,123
816,2,9,26.9917874367538,75.77174949351023,store816@jaipur.com,9209446450,9 AM - 9 PM,241
817,2,9,26.881304828018738,75.77433763991768,store817@jaipur.com,9927458646,9 AM - 9 PM,481
818,2,9,27.003662583039944,75.85007689576477,store818@jaipur.com,9115535569,9 AM - 9 PM,404
819,2,9,26.903887888440522,75.84353640639046,store819@jaipur.com,9148137042,9 AM - 9 PM,99
820,2,9,26.912514364013283,75.81150011278247,store820@jaipur.com,9120150973,9 AM - 9 PM,335
821,2,9,26.88298692915978,75.69607121110408,store821@jaipur.com,9277679446,9 AM - 9 PM,56
822,2,9,26.908043640062616,75.87565773086284,store822@jaipur.com,9270246509,9 AM - 9 PM,467
823,2,9,26.896042749395306,75.7922202902122,store823@jaipur.com,9525042155,9 AM - 9 PM,243
824,2,9,26.938203952764948,75.8627140295578,store824@jaipur.com,9767254044,9 AM - 9 PM,441
825,2,9,26.92168033799406,75.78856280796701,store825@jaipur.com,9820849639,9 AM - 9 PM,324
826,2,9,26.83164780693465,75.81121875386152,store826@jaipur.com,9279752102,9 AM - 9 PM,461
827,2,9,26.85634977107905,75.85711515773912,store827@jaipur.com,9685350584,9 AM - 9 PM,331
828,2,9,26.828772919407463,75.86052326408212,store828@jaipur.com,9647754711,9 AM - 9 PM,417
829,2,9,26.890849757295523,75.80091210252294,store829@jaipur.com,9347580365,9 AM - 9 PM,427
830,2,9,26.929444864940557,75.79447957547102,store830@jaipur.com,9310006928,9 AM - 9 PM,499
831,2,9,26.902620823743316,75.77957869926048,store831@jaipur.com,9146342889,9 AM - 9 PM,266
832,2,9,26.914855967801504,75.80554636491294,store832@jaipur.com,9841970367,9 AM - 9 PM,168
833,2,9,26.87485527965058,75.68346323771353,store833@jaipur.com,9605589009,9 AM - 9 PM,170
834,2,9,26.923097930885927,75.8062829345527,store834@jaipur.com,9537970808,9 AM - 9 PM,199
835,2,9,26.876566324058846,75.80644567901805,store835@jaipur.com,9029904503,9 AM - 9 PM,67
836,2,9,26.990200215459936,75.81274964369564,store836@jaipur.com,9823633842,9 AM - 9 PM,241
837,2,9,26.881898754708438,75.79715631612412,store837@jaipur.com,9868509028,9 AM - 9 PM,187
838,2,9,26.911722743616462,75.76536050737552,store838@jaipur.com,9358134530,9 AM - 9 PM,130
839,2,9,26.90259921258391,75.75832498007658,store839@jaipur.com,9348630700,9 AM - 9 PM,388
840,2,9,26.93792073513999,75.78685572703307,store840@jaipur.com,9206628848,9 AM - 9 PM,213
841,2,9,27.012020636166998,75.74922102591252,store841@jaipur.com,9119100441,9 AM - 9 PM,354
842,2,9,26.98840314107604,75.83374154510658,store842@jaipur.com,9537200465,9 AM - 9 PM,85
843,2,9,26.869010275267048,75.76516426912107,store843@jaipur.com,9617104564,9 AM - 9 PM,235
844,2,9,26.918859034052605,75.81227803678762,store844@jaipur.com,9121344574,9 AM - 9 PM,422
845,2,9,27.011557173668194,75.80223780253122,store845@jaipur.com,9539222348,9 AM - 9 PM,100
846,2,9,26.91431233868087,75.7219033287493,store846@jaipur.com,9554358354,9 AM - 9 PM,434
847,2,9,26.89118557159292,75.77758413182671,store847@jaipur.com,9112463309,9 AM - 9 PM,494
848,2,9,26.913973641209868,75.78157831933268,store848@jaipur.com,9757288738,9 AM - 9 PM,349
849,2,9,26.910631905377517,75.78716916776362,store849@jaipur.com,9895111792,9 AM - 9 PM,324
850,2,9,26.98135731886701,75.79401582414883,store850@jaipur.com,9970871147,9 AM - 9 PM,499
851,2,9,26.86935528547809,75.8594223756837,store851@jaipur.com,9404147714,9 AM - 9 PM,84
852,2,9,26.894428940509552,75.80527544195522,store852@jaipur.com,9716905817,9 AM - 9 PM,424
853,2,9,26.89631232396681,75.77231447180678,store853@jaipur.com,9370359119,9 AM - 9 PM,465
854,2,9,26.90681999281046,75.89862349565064,store854@jaipur.com,9467763371,9 AM - 9 PM,372
855,2,9,26.97460318437449,75.86523299642792,store855@jaipur.com,9789080641,9 AM - 9 PM,371
856,2,9,26.926375599991808,75.72302070031017,store856@jaipur.com,9494065857,9 AM - 9 PM,55
857,2,9,26.921459206420842,75.78972520142156,store857@jaipur.com,9348564080,9 AM - 9 PM,125
858,2,9,26.98853597395694,75.80707816759536,store858@jaipur.com,9681588502,9 AM - 9 PM,202
859,2,9,26.913922452794466,75.77794745975052,store859@jaipur.com,9773603192,9 AM - 9 PM,484
860,2,9,26.985269909062893,75.73451809585234,store860@jaipur.com,9691261934,9 AM - 9 PM,416
861,2,9,26.816228877784123,75.82570164793673,store861@jaipur.com,9524013284,9 AM - 9 PM,172
862,2,9,26.895292971052257,75.8441554281493,store862@jaipur.com,9669096422,9 AM - 9 PM,351
863,2,9,26.96517109083406,75.7668685929595,store863@jaipur.com,9423503317,9 AM - 9 PM,210
864,2,9,26.925479364526055,75.72146585742168,store864@jaipur.com,9969960669,9 AM - 9 PM,190
865,2,9,26.9014614814314,75.78911106888144,store865@jaipur.com,9598229171,9 AM - 9 PM,142
866,2,9,26.94008278189443,75.77404746449446,store866@jaipur.com,9991670050,9 AM - 9 PM,385
867,2,9,26.912723136380603,75.81521865454745,store867@jaipur.com,9758348072,9 AM - 9 PM,108
868,2,9,26.921628228923627,75.70509737850364,store868@jaipur.com,9205796509,9 AM - 9 PM,385
869,2,9,26.925062208190898,75.71078679653884,store869@jaipur.com,9507245540,9 AM - 9 PM,146
870,2,9,27.015920254629386,75.78494131876165,store870@jaipur.com,9363674962,9 AM - 9 PM,142
871,2,9,26.91134701201086,75.76721979572011,store871@jaipur.com,9752643675,9 AM - 9 PM,261
872,2,9,26.923216009249476,75.7427246186417,store872@jaipur.com,9125962580,9 AM - 9 PM,481
873,2,9,26.90960218463024,75.79006389235305,store873@jaipur.com,9521844147,9 AM - 9 PM,484
874,2,9,26.90767908049903,75.78605395771832,store874@jaipur.com,9807245330,9 AM - 9 PM,261
875,2,9,26.925543302712157,75.67747627689577,store875@jaipur.com,9652898214,9 AM - 9 PM,131
876,2,9,26.90016485078461,75.87359919545125,store876@jaipur.com,9155224003,9 AM - 9 PM,463
877,2,9,26.853577487310886,75.82704014677017,store877@jaipur.com,9485813030,9 AM - 9 PM,413
878,2,9,26.885898753494207,75.86830250290404,store878@jaipur.com,9435737594,9 AM - 9 PM,499
879,2,9,26.90789280212562,75.80738115571094,store879@jaipur.com,9303718132,9 AM - 9 PM,295
880,2,9,26.93918088410074,75.85544903192186,store880@jaipur.com,9359851420,9 AM - 9 PM,470
881,2,9,26.912954312523848,75.76422024650074,store881@jaipur.com,9707443956,9 AM - 9 PM,183
882,2,9,26.934043543542913,75.77690892698966,store882@jaipur.com,9675992977,9 AM - 9 PM,336
883,2,9,26.875893600908814,75.79471558222825,store883@jaipur.com,9356080586,9 AM - 9 PM,358
884,2,9,26.943446791218605,75.73410660251402,store884@jaipur.com,9082072472,9 AM - 9 PM,270
885,2,9,26.894812411411134,75.78063816108471,store885@jaipur.com,9009718875,9 AM - 9 PM,456
886,2,9,26.84621535130289,75.8471296072894,store886@jaipur.com,9805166319,9 AM - 9 PM,314
887,2,9,26.81544431477239,75.7376677269177,store887@jaipur.com,9050935280,9 AM - 9 PM,429
888,2,9,26.983215265256145,75.842846039601,store888@jaipur.com,9952833639,9 AM - 9 PM,389
889,2,9,26.808682126239205,75.78086046495255,store889@jaipur.com,9751621519,9 AM - 9 PM,467
890,2,9,26.893011949967754,75.90442706367136,store890@jaipur.com,9989898694,9 AM - 9 PM,306
891,2,9,26.897629306593082,75.80187088777447,store891@jaipur.com,9988646959,9 AM - 9 PM,394
892,2,9,26.958450509766493,75.74548036046876,store892@jaipur.com,9095916076,9 AM - 9 PM,203
893,2,9,26.83397796906147,75.70853384918281,store893@jaipur.com,9044893844,9 AM - 9 PM,399
894,2,9,26.907725900660335,75.74970566233958,store894@jaipur.com,9776590265,9 AM - 9 PM,92
895,2,9,26.943698698331215,75.79330733268026,store895@jaipur.com,9932926897,9 AM - 9 PM,261
896,2,9,26.93037771095255,75.67700156031145,store896@jaipur.com,9788638161,9 AM - 9 PM,238
897,2,9,26.857638174558062,75.7916534238328,store897@jaipur.com,9392891817,9 AM - 9 PM,149
898,2,9,26.948256643610513,75.8065059230602,store898@jaipur.com,9312611148,9 AM - 9 PM,142
899,2,9,26.93261735922885,75.73732648305767,store899@jaipur.com,9409808360,9 AM - 9 PM,326
900,2,9,26.913367309006837,75.79505799394863,store900@jaipur.com,9814850306,9 AM - 9 PM,114
901,7,10,26.869326473739374,80.97628630676104,store901@lucknow.com,9145261849,9 AM - 9 PM,120
902,7,10,26.858325620974878,80.84699565393335,store902@lucknow.com,9313127432,9 AM - 9 PM,119
903,7,10,26.80800800687053,81.01904249852085,store903@lucknow.com,9992741650,9 AM - 9 PM,136
904,7,10,26.83232639102706,80.87899989766252,store904@lucknow.com,9677779578,9 AM - 9 PM,57
905,7,10,26.826862754045084,80.92956444637895,store905@lucknow.com,9532582449,9 AM - 9 PM,483
906,7,10,26.853694883880035,80.974538642491,store906@lucknow.com,9205369056,9 AM - 9 PM,214
907,7,10,26.81951275997398,80.97200003338303,store907@lucknow.com,9780321369,9 AM - 9 PM,288
908,7,10,26.83229336668654,80.92705987636572,store908@lucknow.com,9672564649,9 AM - 9 PM,350
909,7,10,26.9252226113663,80.99429976544826,store909@lucknow.com,9406982574,9 AM - 9 PM,182
910,7,10,26.825688496041543,80.97553094281731,store910@lucknow.com,9659535944,9 AM - 9 PM,124
911,7,10,26.8485753019479,80.95988331948233,store911@lucknow.com,9551073173,9 AM - 9 PM,442
912,7,10,26.842191250146694,80.96080215134815,store912@lucknow.com,9070198554,9 AM - 9 PM,199
913,7,10,26.84624204696155,80.94644591279524,store913@lucknow.com,9272778068,9 AM - 9 PM,237
914,7,10,26.836555389215796,80.90899375031093,store914@lucknow.com,9858458166,9 AM - 9 PM,255
915,7,10,26.84389894507324,81.03878046139653,store915@lucknow.com,9887992457,9 AM - 9 PM,369
916,7,10,26.84367097164707,80.93541102949541,store916@lucknow.com,9233010282,9 AM - 9 PM,347
917,7,10,26.879552919325185,80.98270453973069,store917@lucknow.com,9708539758,9 AM - 9 PM,415
918,7,10,26.78153739011449,80.98002256193571,store918@lucknow.com,9114332135,9 AM - 9 PM,215
919,7,10,26.87622334939432,80.92274602885644,store919@lucknow.com,9160341040,9 AM - 9 PM,201
920,7,10,26.82662647432572,80.93419297702825,store920@lucknow.com,9269176605,9 AM - 9 PM,301
921,7,10,26.874943519897702,80.90879100141444,store921@lucknow.com,9673759943,9 AM - 9 PM,434
922,7,10,26.828835736348434,80.9698245756358,store922@lucknow.com,9486577124,9 AM - 9 PM,318
923,7,10,26.78027375273809,80.91070835080782,store923@lucknow.com,9572048168,9 AM - 9 PM,432
924,7,10,26.859080050203044,80.88395497950413,store924@lucknow.com,9707645321,9 AM - 9 PM,349
925,7,10,26.826934569974725,80.91127430886725,store925@lucknow.com,9264411904,9 AM - 9 PM,467
926,7,10,26.840431288476804,81.03286952749914,store926@lucknow.com,9634927669,9 AM - 9 PM,358
927,7,10,26.85417725930493,80.88549167823884,store927@lucknow.com,9472916658,9 AM - 9 PM,395
928,7,10,26.863996223430032,80.91091446330437,store928@lucknow.com,9179651240,9 AM - 9 PM,349
929,7,10,26.84651414794912,80.94696014550712,store929@lucknow.com,9303320417,9 AM - 9 PM,110
930,7,10,26.885508408958973,80.99162264586968,store930@lucknow.com,9160761679,9 AM - 9 PM,417
931,7,10,26.87670442028484,80.98305812799362,store931@lucknow.com,9330795555,9 AM - 9 PM,302
932,7,10,26.835074484061423,80.89813051309464,store932@lucknow.com,9600666280,9 AM - 9 PM,132
933,7,10,26.846171656489062,81.03676102397485,store933@lucknow.com,9833298417,9 AM - 9 PM,449
934,7,10,26.82243600765935,80.96734671687085,store934@lucknow.com,9525813400,9 AM - 9 PM,79
935,7,10,26.84660860415938,80.91812485103102,store935@lucknow.com,9147285952,9 AM - 9 PM,373
936,7,10,26.84707264649335,80.9456254348843,store936@lucknow.com,9937071976,9 AM - 9 PM,425
937,7,10,26.80150306298219,80.96429339110796,store937@lucknow.com,9239839780,9 AM - 9 PM,162
938,7,10,26.9060143420907,80.93210784205192,store938@lucknow.com,9934808729,9 AM - 9 PM,419
939,7,10,26.833638464976534,80.93892604289675,store939@lucknow.com,9669760199,9 AM - 9 PM,225
940,7,10,26.757589747959486,80.93120948163262,store940@lucknow.com,9526118718,9 AM - 9 PM,270
941,7,10,26.798238034784976,80.94592680360728,store941@lucknow.com,9879620516,9 AM - 9 PM,187
942,7,10,26.829061998293643,80.97367090478919,store942@lucknow.com,9724408674,9 AM - 9 PM,116
943,7,10,26.793164948025044,80.9857007887242,store943@lucknow.com,9093414509,9 AM - 9 PM,247
944,7,10,26.85295903735425,80.91000771244146,store944@lucknow.com,9597582154,9 AM - 9 PM,171
945,7,10,26.924566044121413,80.99065504522645,store945@lucknow.com,9576293651,9 AM - 9 PM,208
946,7,10,26.797867094176485,80.8990833261419,store946@lucknow.com,9155470560,9 AM - 9 PM,250
947,7,10,26.849508595275637,81.01613476205729,store947@lucknow.com,9500525889,9 AM - 9 PM,346
948,7,10,26.86140742515527,81.01983637402925,store948@lucknow.com,9609544962,9 AM - 9 PM,166
949,7,10,26.85574872265265,81.03397465823262,store949@lucknow.com,9156854684,9 AM - 9 PM,318
950,7,10,26.790424077017462,80.96051776538307,store950@lucknow.com,9297115007,9 AM - 9 PM,129
951,7,10,26.768243768530237,80.95125410165001,store951@lucknow.com,9059334131,9 AM - 9 PM,151
952,7,10,26.82105830767695,80.94168776233538,store952@lucknow.com,9733906554,9 AM - 9 PM,202
953,7,10,26.843591188823435,80.94420026730735,store953@lucknow.com,9242129986,9 AM - 9 PM,264
954,7,10,26.899699489695514,81.00803456161061,store954@lucknow.com,9487534794,9 AM - 9 PM,363
955,7,10,26.85874798187238,80.96664186320169,store955@lucknow.com,9252166637,9 AM - 9 PM,483
956,7,10,26.768934195119883,80.99135923634473,store956@lucknow.com,9909051383,9 AM - 9 PM,475
957,7,10,26.863574779865917,81.02409283533783,store957@lucknow.com,9511076871,9 AM - 9 PM,346
958,7,10,26.903057483763728,80.95269868166687,store958@lucknow.com,9857433593,9 AM - 9 PM,186
959,7,10,26.844716410985235,80.94960578652338,store959@lucknow.com,9985276828,9 AM - 9 PM,390
960,7,10,26.907385361322778,80.89611296598852,store960@lucknow.com,9297619598,9 AM - 9 PM,128
961,7,10,26.924035008657025,80.95283541073965,store961@lucknow.com,9651456079,9 AM - 9 PM,359
962,7,10,26.91142385813806,80.88972166266139,store962@lucknow.com,9590236241,9 AM - 9 PM,268
963,7,10,26.79830708828852,81.0204903367048,store963@lucknow.com,9089486129,9 AM - 9 PM,56
964,7,10,26.816510525035635,80.94396903029524,store964@lucknow.com,9730818578,9 AM - 9 PM,323
965,7,10,26.848177687665128,80.96154784858957,store965@lucknow.com,9294224850,9 AM - 9 PM,55
966,7,10,26.846879733804556,80.99859109782514,store966@lucknow.com,9804496568,9 AM - 9 PM,256
967,7,10,26.91190834266373,80.88331378373717,store967@lucknow.com,9172300236,9 AM - 9 PM,466
968,7,10,26.89679954453302,80.91798736886038,store968@lucknow.com,9694741661,9 AM - 9 PM,81
969,7,10,26.83927952049875,80.94677360434227,store969@lucknow.com,9718274087,9 AM - 9 PM,305
970,7,10,26.846610757928804,80.94890559163896,store970@lucknow.com,9410951814,9 AM - 9 PM,161
971,7,10,26.850554873077115,80.93705636033285,store971@lucknow.com,9945041942,9 AM - 9 PM,326
972,7,10,26.816967570961108,80.91711533730198,store972@lucknow.com,9410063791,9 AM - 9 PM,331
973,7,10,26.85051355996409,80.98648500912202,store973@lucknow.com,9286121272,9 AM - 9 PM,277
974,7,10,26.86715526661494,80.96768675104457,store974@lucknow.com,9844268305,9 AM - 9 PM,352
975,7,10,26.82830272187324,80.98911978193827,store975@lucknow.com,9784863395,9 AM - 9 PM,399
976,7,10,26.83429808035673,80.95939044180338,store976@lucknow.com,9503897227,9 AM - 9 PM,287
977,7,10,26.824733035602073,80.97305222794543,store977@lucknow.com,9340610017,9 AM - 9 PM,389
978,7,10,26.829471088144107,80.98528675072991,store978@lucknow.com,9783463827,9 AM - 9 PM,334
979,7,10,26.888494737350914,80.92278662754413,store979@lucknow.com,9287670324,9 AM - 9 PM,426
980,7,10,26.848253799217357,80.94830671321755,store980@lucknow.com,9729747166,9 AM - 9 PM,460
981,7,10,26.780125274159122,80.91363802726902,store981@lucknow.com,9679577748,9 AM - 9 PM,357
982,7,10,26.847509166265795,80.94750008145702,store982@lucknow.com,9621682218,9 AM - 9 PM,50
983,7,10,26.878885009267652,80.91548952112923,store983@lucknow.com,9544382667,9 AM - 9 PM,81
984,7,10,26.84850089214096,80.92988628231524,store984@lucknow.com,9726802807,9 AM - 9 PM,247
985,7,10,26.842375135338365,80.9555442507584,store985@lucknow.com,9561427298,9 AM - 9 PM,65
986,7,10,26.841050404722775,80.9456130889246,store986@lucknow.com,9925580917,9 AM - 9 PM,413
987,7,10,26.840930932007684,80.89386876184024,store987@lucknow.com,9950308967,9 AM - 9 PM,206
988,7,10,26.861667942105672,80.93104509717557,store988@lucknow.com,9444616922,9 AM - 9 PM,270
989,7,10,26.796834190797185,81.0056687449163,store989@lucknow.com,9003849277,9 AM - 9 PM,298
990,7,10,26.814466622218163,80.8933475318466,store990@lucknow.com,9680763373,9 AM - 9 PM,353
991,7,10,26.832947312668537,80.9804254358005,store991@lucknow.com,9193510164,9 AM - 9 PM,499
992,7,10,26.793821262433447,80.94112637887038,store992@lucknow.com,9361339799,9 AM - 9 PM,441
993,7,10,26.815079113858836,80.93673393800778,store993@lucknow.com,9395767383,9 AM - 9 PM,439
994,7,10,26.858695781125785,80.9262865671904,store994@lucknow.com,9029602503,9 AM - 9 PM,471
995,7,10,26.865980624916727,80.96108302675827,store995@lucknow.com,9955132032,9 AM - 9 PM,126
996,7,10,26.840211214253422,80.92914941826686,store996@lucknow.com,9935819584,9 AM - 9 PM,224
997,7,10,26.847574035902895,80.98595450073843,store997@lucknow.com,9174217999,9 AM - 9 PM,123
998,7,10,26.846651030709364,80.94630065052925,store998@lucknow.com,9400405241,9 AM - 9 PM,396
999,7,10,26.899297571195532,81.00473226044872,store999@lucknow.com,9897176984,9 AM - 9 PM,259
1000,7,10,26.857060861560885,80.96816134093935,store1000@lucknow.com,9634393950,9 AM - 9 PM,129
