,store_id,operator_id,city_id,location_latitude,location_longitude,contact_email,contact_mobile,start_time,end_time,inventory_capacity
0,1,1,9,20.71427958329162,76.99668574194357,store1@akola.com,9980838361,2024-09-21 09:00:00,2024-09-21 21:00:00,1387
1,2,1,9,20.624933481532572,77.01202609564331,store2@akola.com,9021501248,2024-09-21 09:00:00,2024-09-21 21:00:00,4915
2,3,1,9,20.69411960735633,76.9233128155065,store3@akola.com,9444298851,2024-09-21 09:00:00,2024-09-21 21:00:00,1676
3,4,1,9,20.713054411298344,76.98879330107158,store4@akola.com,9612795232,2024-09-21 09:00:00,2024-09-21 21:00:00,1133
4,5,1,9,20.702617190771683,77.03338934290664,store5@akola.com,9018570502,2024-09-21 09:00:00,2024-09-21 21:00:00,1547
5,6,1,9,20.739929021765814,77.00388485989521,store6@akola.com,9081084606,2024-09-21 09:00:00,2024-09-21 21:00:00,4294
6,7,1,9,20.723388851508542,76.93734660509944,store7@akola.com,9338880863,2024-09-21 09:00:00,2024-09-21 21:00:00,1206
7,8,1,9,20.69316361200524,76.99492804540638,store8@akola.com,9695545290,2024-09-21 09:00:00,2024-09-21 21:00:00,1620
8,9,1,9,20.643973287245405,77.00194121538016,store9@akola.com,9779663934,2024-09-21 09:00:00,2024-09-21 21:00:00,2634
9,10,1,9,20.792240430187757,76.96964370032272,store10@akola.com,9577455542,2024-09-21 09:00:00,2024-09-21 21:00:00,1631
10,1,1,1,30.180216993591085,74.30344361049869,store1@abohar.com,9885057020,2024-09-21 09:00:00,2024-09-21 21:00:00,3922
11,2,1,1,30.018076276109113,74.22551539109372,store2@abohar.com,9413299444,2024-09-21 09:00:00,2024-09-21 21:00:00,4452
12,3,1,1,30.156335642419116,74.20226658362242,store3@abohar.com,9663203426,2024-09-21 09:00:00,2024-09-21 21:00:00,2076
13,4,1,1,30.090458382545194,74.20036311472201,store4@abohar.com,9750150085,2024-09-21 09:00:00,2024-09-21 21:00:00,2215
14,5,1,1,30.270888434054317,74.23828185807108,store5@abohar.com,9916449997,2024-09-21 09:00:00,2024-09-21 21:00:00,3699
15,6,1,1,30.211809274711218,73.98895013415266,store6@abohar.com,9449905201,2024-09-21 09:00:00,2024-09-21 21:00:00,2190
16,7,1,1,30.092256634606567,74.41846446378308,store7@abohar.com,9887780325,2024-09-21 09:00:00,2024-09-21 21:00:00,4091
17,8,1,1,30.075046115073096,73.97228767160901,store8@abohar.com,9845576635,2024-09-21 09:00:00,2024-09-21 21:00:00,1934
18,9,1,1,30.043557745515326,74.35115097391416,store9@abohar.com,9704396034,2024-09-21 09:00:00,2024-09-21 21:00:00,1909
19,10,1,1,30.14719878046504,74.16523258016164,store10@abohar.com,9350951731,2024-09-21 09:00:00,2024-09-21 21:00:00,1741
20,1,1,7,23.84730293846183,92.82450603887956,store1@aizawl  .com,9863770708,2024-09-21 09:00:00,2024-09-21 21:00:00,2793
21,2,1,7,23.684547066872344,92.57995137422718,store2@aizawl  .com,9703014440,2024-09-21 09:00:00,2024-09-21 21:00:00,3155
22,3,1,7,23.70385516285225,92.7139609460503,store3@aizawl  .com,9785614352,2024-09-21 09:00:00,2024-09-21 21:00:00,4664
23,4,1,7,23.73683255310096,92.7146297478332,store4@aizawl  .com,9679539290,2024-09-21 09:00:00,2024-09-21 21:00:00,4981
24,5,1,7,23.863836787062514,92.75215484868168,store5@aizawl  .com,9383478764,2024-09-21 09:00:00,2024-09-21 21:00:00,3635
25,6,1,7,23.788583238603724,92.79659591578579,store6@aizawl  .com,9149620433,2024-09-21 09:00:00,2024-09-21 21:00:00,3557
26,7,1,7,23.783146223946357,92.77051743640133,store7@aizawl  .com,9991881378,2024-09-21 09:00:00,2024-09-21 21:00:00,1485
27,8,1,7,23.878805957340383,92.77787074612444,store8@aizawl  .com,9368861841,2024-09-21 09:00:00,2024-09-21 21:00:00,1767
28,9,1,7,23.707784538104974,92.80495557837192,store9@aizawl  .com,9125220233,2024-09-21 09:00:00,2024-09-21 21:00:00,3693
29,10,1,7,23.722002834056834,92.70016980721168,store10@aizawl  .com,9929956463,2024-09-21 09:00:00,2024-09-21 21:00:00,4646
30,1,1,3,23.856323297642742,91.12615975455384,store1@agartala.com,9427775290,2024-09-21 09:00:00,2024-09-21 21:00:00,2928
31,2,1,3,23.891152527178946,91.24563192259271,store2@agartala.com,9955810702,2024-09-21 09:00:00,2024-09-21 21:00:00,3117
32,3,1,3,23.86766988874962,91.24044280039561,store3@agartala.com,9471400232,2024-09-21 09:00:00,2024-09-21 21:00:00,3516
33,4,1,3,23.827755098109932,91.27596100705988,store4@agartala.com,9365546110,2024-09-21 09:00:00,2024-09-21 21:00:00,2583
34,5,1,3,23.837215901421413,91.22424690108544,store5@agartala.com,9621438743,2024-09-21 09:00:00,2024-09-21 21:00:00,4257
35,6,1,3,23.740100071144234,91.16500651405131,store6@agartala.com,9583340012,2024-09-21 09:00:00,2024-09-21 21:00:00,1042
36,7,1,3,23.801054566073386,91.21742550580721,store7@agartala.com,9635240530,2024-09-21 09:00:00,2024-09-21 21:00:00,2843
37,8,1,3,23.81756607957361,91.29517554413873,store8@agartala.com,9012135323,2024-09-21 09:00:00,2024-09-21 21:00:00,1095
38,9,1,3,23.86417265268297,91.30446712391834,store9@agartala.com,9800653260,2024-09-21 09:00:00,2024-09-21 21:00:00,3745
39,10,1,3,23.95807280059171,91.33891003692669,store10@agartala.com,9357288265,2024-09-21 09:00:00,2024-09-21 21:00:00,3575
40,1,1,8,26.515542539612607,74.66232278818266,store1@ajmer.com,9428265866,2024-09-21 09:00:00,2024-09-21 21:00:00,3053
41,2,1,8,26.443309085484167,74.6286001792856,store2@ajmer.com,9476008968,2024-09-21 09:00:00,2024-09-21 21:00:00,4678
42,3,1,8,26.423017422061978,74.46753829938034,store3@ajmer.com,9360937051,2024-09-21 09:00:00,2024-09-21 21:00:00,1870
43,4,1,8,26.46180122702018,74.6643377821624,store4@ajmer.com,9172148208,2024-09-21 09:00:00,2024-09-21 21:00:00,2635
44,5,1,8,26.378886937086108,74.64476938692192,store5@ajmer.com,9129803927,2024-09-21 09:00:00,2024-09-21 21:00:00,1014
45,6,1,8,26.297266869660856,74.6601674633589,store6@ajmer.com,9888196720,2024-09-21 09:00:00,2024-09-21 21:00:00,2939
46,7,1,8,26.431376220433553,74.78966843542587,store7@ajmer.com,9735324988,2024-09-21 09:00:00,2024-09-21 21:00:00,3445
47,8,1,8,26.414565470367613,74.4702439975579,store8@ajmer.com,9232431582,2024-09-21 09:00:00,2024-09-21 21:00:00,3536
48,9,1,8,26.525629096242362,74.66338855821533,store9@ajmer.com,9942668041,2024-09-21 09:00:00,2024-09-21 21:00:00,2366
49,10,1,8,26.434708132829435,74.56183226873455,store10@ajmer.com,9122858507,2024-09-21 09:00:00,2024-09-21 21:00:00,2233
50,11,2,5,19.03000569317967,74.80346097145095,store11@ahmadnagar.com,9158640406,2024-09-21 09:00:00,2024-09-21 21:00:00,1932
51,12,2,5,19.284958455867773,74.69582597343111,store12@ahmadnagar.com,9193936746,2024-09-21 09:00:00,2024-09-21 21:00:00,1129
52,13,2,5,19.194693188421862,74.86111905771213,store13@ahmadnagar.com,9155833730,2024-09-21 09:00:00,2024-09-21 21:00:00,1010
53,14,2,5,19.12590914368279,74.53580145132361,store14@ahmadnagar.com,9879326295,2024-09-21 09:00:00,2024-09-21 21:00:00,2577
54,15,2,5,19.10080988350898,74.55441300596577,store15@ahmadnagar.com,9686440134,2024-09-21 09:00:00,2024-09-21 21:00:00,2352
55,16,2,5,19.01550722211941,74.74126789184459,store16@ahmadnagar.com,9695315438,2024-09-21 09:00:00,2024-09-21 21:00:00,1800
56,17,2,5,19.110202201990298,74.81753005490599,store17@ahmadnagar.com,9492809234,2024-09-21 09:00:00,2024-09-21 21:00:00,2952
57,18,2,5,19.168639993850675,74.77246213190249,store18@ahmadnagar.com,9797046903,2024-09-21 09:00:00,2024-09-21 21:00:00,1411
58,19,2,5,19.136683221712698,74.71507690716267,store19@ahmadnagar.com,9958945352,2024-09-21 09:00:00,2024-09-21 21:00:00,1189
59,20,2,5,18.9999105520975,74.68595851822488,store20@ahmadnagar.com,9941195810,2024-09-21 09:00:00,2024-09-21 21:00:00,1911
60,11,2,1,30.11878369070545,74.34117949776635,store11@abohar.com,9358030017,2024-09-21 09:00:00,2024-09-21 21:00:00,3440
61,12,2,1,30.106460010566657,74.19528831925047,store12@abohar.com,9916556172,2024-09-21 09:00:00,2024-09-21 21:00:00,4201
62,13,2,1,30.320285860337012,74.29878429821659,store13@abohar.com,9849727615,2024-09-21 09:00:00,2024-09-21 21:00:00,1277
63,14,2,1,30.146201002278406,74.06987502839027,store14@abohar.com,9250928610,2024-09-21 09:00:00,2024-09-21 21:00:00,2977
64,15,2,1,30.0839440362001,74.08330886479494,store15@abohar.com,9888227324,2024-09-21 09:00:00,2024-09-21 21:00:00,2294
65,16,2,1,30.140954316976398,74.22990770139091,store16@abohar.com,9249239804,2024-09-21 09:00:00,2024-09-21 21:00:00,1026
66,17,2,1,30.124615125460636,74.29461311532206,store17@abohar.com,9150343551,2024-09-21 09:00:00,2024-09-21 21:00:00,3651
67,18,2,1,30.245372928317156,74.11781266877183,store18@abohar.com,9003520436,2024-09-21 09:00:00,2024-09-21 21:00:00,2644
68,19,2,1,30.017648527599356,74.27418907416559,store19@abohar.com,9051572008,2024-09-21 09:00:00,2024-09-21 21:00:00,3313
69,20,2,1,30.028802916737856,74.08946468929268,store20@abohar.com,9473815437,2024-09-21 09:00:00,2024-09-21 21:00:00,1816
70,11,2,9,20.626209909601886,76.9245411880453,store11@akola.com,9217357849,2024-09-21 09:00:00,2024-09-21 21:00:00,4925
71,12,2,9,20.699187030227527,76.95146043538196,store12@akola.com,9985351416,2024-09-21 09:00:00,2024-09-21 21:00:00,3469
72,13,2,9,20.758766281326576,77.0269694960195,store13@akola.com,9203847838,2024-09-21 09:00:00,2024-09-21 21:00:00,1229
73,14,2,9,20.660442338961346,77.09952144817434,store14@akola.com,9455915570,2024-09-21 09:00:00,2024-09-21 21:00:00,4820
74,15,2,9,20.747535340180303,77.01776048230136,store15@akola.com,9225122072,2024-09-21 09:00:00,2024-09-21 21:00:00,1503
75,16,2,9,20.704718260914685,76.94476946599708,store16@akola.com,9269497532,2024-09-21 09:00:00,2024-09-21 21:00:00,4392
76,17,2,9,20.7869634724849,77.05995146016762,store17@akola.com,9007551226,2024-09-21 09:00:00,2024-09-21 21:00:00,3197
77,18,2,9,20.753032900006847,76.992423191,store18@akola.com,9122797173,2024-09-21 09:00:00,2024-09-21 21:00:00,1560
78,19,2,9,20.669423421346917,77.02907531879679,store19@akola.com,9402433365,2024-09-21 09:00:00,2024-09-21 21:00:00,3688
79,20,2,9,20.715561438834126,76.98563476294137,store20@akola.com,9834635737,2024-09-21 09:00:00,2024-09-21 21:00:00,2779
80,21,3,5,19.08506735439893,74.73930434279816,store21@ahmadnagar.com,9084823090,2024-09-21 09:00:00,2024-09-21 21:00:00,4682
81,22,3,5,19.102422972416562,74.75521970110486,store22@ahmadnagar.com,9031712177,2024-09-21 09:00:00,2024-09-21 21:00:00,4547
82,23,3,5,19.088887752954413,74.75303294020536,store23@ahmadnagar.com,9679211416,2024-09-21 09:00:00,2024-09-21 21:00:00,2689
83,24,3,5,18.96237944288414,74.66244459378228,store24@ahmadnagar.com,9885199942,2024-09-21 09:00:00,2024-09-21 21:00:00,1095
84,25,3,5,19.162209437392924,74.79752673544183,store25@ahmadnagar.com,9419703663,2024-09-21 09:00:00,2024-09-21 21:00:00,3212
85,26,3,5,19.162565004782945,74.79856418269232,store26@ahmadnagar.com,9442792832,2024-09-21 09:00:00,2024-09-21 21:00:00,4996
86,27,3,5,19.089777802043223,74.74098180757306,store27@ahmadnagar.com,9123161054,2024-09-21 09:00:00,2024-09-21 21:00:00,2827
87,28,3,5,18.992487955210862,74.81226417354753,store28@ahmadnagar.com,9084681502,2024-09-21 09:00:00,2024-09-21 21:00:00,1343
88,29,3,5,19.011055001720564,74.89786017325106,store29@ahmadnagar.com,9969506884,2024-09-21 09:00:00,2024-09-21 21:00:00,1745
89,30,3,5,18.996668344573873,74.68671309850279,store30@ahmadnagar.com,9250062939,2024-09-21 09:00:00,2024-09-21 21:00:00,4152
90,21,3,9,20.661116300130065,76.93801073925177,store21@akola.com,9691719368,2024-09-21 09:00:00,2024-09-21 21:00:00,2218
91,22,3,9,20.735543909890602,77.01746338218707,store22@akola.com,9900440161,2024-09-21 09:00:00,2024-09-21 21:00:00,3195
92,23,3,9,20.7753558514033,77.00880964945435,store23@akola.com,9364361957,2024-09-21 09:00:00,2024-09-21 21:00:00,3104
93,24,3,9,20.71395427392372,76.99512876350991,store24@akola.com,9288028227,2024-09-21 09:00:00,2024-09-21 21:00:00,1241
94,25,3,9,20.719551187724175,76.92751638191243,store25@akola.com,9917386844,2024-09-21 09:00:00,2024-09-21 21:00:00,1659
95,26,3,9,20.712867136423213,77.00332940851749,store26@akola.com,9333554769,2024-09-21 09:00:00,2024-09-21 21:00:00,1262
96,27,3,9,20.702371663692734,76.99777855714642,store27@akola.com,9319609535,2024-09-21 09:00:00,2024-09-21 21:00:00,3128
97,28,3,9,20.688004690358586,76.97434574431703,store28@akola.com,9173229772,2024-09-21 09:00:00,2024-09-21 21:00:00,1500
98,29,3,9,20.63361491943756,77.0675201010797,store29@akola.com,9768921103,2024-09-21 09:00:00,2024-09-21 21:00:00,3555
99,30,3,9,20.693757315728607,76.96053573192401,store30@akola.com,9594780531,2024-09-21 09:00:00,2024-09-21 21:00:00,1997
100,21,3,6,23.006635165953472,72.5932181971702,store21@ahmedabad.com,9856042831,2024-09-21 09:00:00,2024-09-21 21:00:00,3207
101,22,3,6,23.051560402956387,72.50638839717955,store22@ahmedabad.com,9557329595,2024-09-21 09:00:00,2024-09-21 21:00:00,4992
102,23,3,6,22.966292111054138,72.63871582854965,store23@ahmedabad.com,9312586809,2024-09-21 09:00:00,2024-09-21 21:00:00,2577
103,24,3,6,22.935367734660424,72.59342050739004,store24@ahmedabad.com,9292695390,2024-09-21 09:00:00,2024-09-21 21:00:00,1418
104,25,3,6,23.033033465617997,72.58590679203765,store25@ahmedabad.com,9780922610,2024-09-21 09:00:00,2024-09-21 21:00:00,1840
105,26,3,6,23.03195321714266,72.58380219860241,store26@ahmedabad.com,9888452031,2024-09-21 09:00:00,2024-09-21 21:00:00,2458
106,27,3,6,23.019787527067674,72.60665410332953,store27@ahmedabad.com,9921380335,2024-09-21 09:00:00,2024-09-21 21:00:00,2062
107,28,3,6,22.992335150979883,72.61900845899663,store28@ahmedabad.com,9324292528,2024-09-21 09:00:00,2024-09-21 21:00:00,2343
108,29,3,6,23.021533727211434,72.57636201500547,store29@ahmedabad.com,9207971413,2024-09-21 09:00:00,2024-09-21 21:00:00,4268
109,30,3,6,23.0881713301353,72.70021375147884,store30@ahmedabad.com,9151958651,2024-09-21 09:00:00,2024-09-21 21:00:00,3822
110,21,3,8,26.528765728964306,74.59443757564613,store21@ajmer.com,9636299873,2024-09-21 09:00:00,2024-09-21 21:00:00,1497
111,22,3,8,26.476621519149862,74.63397070216443,store22@ajmer.com,9164087132,2024-09-21 09:00:00,2024-09-21 21:00:00,1242
112,23,3,8,26.393348342506986,74.77455757198193,store23@ajmer.com,9093134420,2024-09-21 09:00:00,2024-09-21 21:00:00,1294
113,24,3,8,26.325983242308176,74.52962290600924,store24@ajmer.com,9865379218,2024-09-21 09:00:00,2024-09-21 21:00:00,3519
114,25,3,8,26.31988572412068,74.62033330052213,store25@ajmer.com,9479301470,2024-09-21 09:00:00,2024-09-21 21:00:00,3701
115,26,3,8,26.466289315918726,74.71952449868446,store26@ajmer.com,9475621523,2024-09-21 09:00:00,2024-09-21 21:00:00,1588
116,27,3,8,26.54848051992533,74.60979745624292,store27@ajmer.com,9902238903,2024-09-21 09:00:00,2024-09-21 21:00:00,3887
117,28,3,8,26.47427102072286,74.57258046743463,store28@ajmer.com,9702417790,2024-09-21 09:00:00,2024-09-21 21:00:00,4410
118,29,3,8,26.51372385654459,74.62228801543979,store29@ajmer.com,9452346392,2024-09-21 09:00:00,2024-09-21 21:00:00,1825
119,30,3,8,26.416911223299593,74.56504074952922,store30@ajmer.com,9842942995,2024-09-21 09:00:00,2024-09-21 21:00:00,4411
120,31,4,7,23.699565054614677,92.75514466603948,store31@aizawl  .com,9189149952,2024-09-21 09:00:00,2024-09-21 21:00:00,4311
121,32,4,7,23.729290800982877,92.71570906239857,store32@aizawl  .com,9482106099,2024-09-21 09:00:00,2024-09-21 21:00:00,2682
122,33,4,7,23.731798273785117,92.7436216045517,store33@aizawl  .com,9902046366,2024-09-21 09:00:00,2024-09-21 21:00:00,2317
123,34,4,7,23.736819612285135,92.71320253042165,store34@aizawl  .com,9349567348,2024-09-21 09:00:00,2024-09-21 21:00:00,4195
124,35,4,7,23.687663619032868,92.64694069533257,store35@aizawl  .com,9427973239,2024-09-21 09:00:00,2024-09-21 21:00:00,2471
125,36,4,7,23.706691755205032,92.74738400137838,store36@aizawl  .com,9734612194,2024-09-21 09:00:00,2024-09-21 21:00:00,3734
126,37,4,7,23.743749029223057,92.83816954896122,store37@aizawl  .com,9275023659,2024-09-21 09:00:00,2024-09-21 21:00:00,3434
127,38,4,7,23.736080840374886,92.71515789228803,store38@aizawl  .com,9133979358,2024-09-21 09:00:00,2024-09-21 21:00:00,4030
128,39,4,7,23.776332863220883,92.70457011670175,store39@aizawl  .com,9053625963,2024-09-21 09:00:00,2024-09-21 21:00:00,2336
129,40,4,7,23.767308613840715,92.83698958184635,store40@aizawl  .com,9457239222,2024-09-21 09:00:00,2024-09-21 21:00:00,2247
130,31,4,9,20.69481061442537,77.0127104167458,store31@akola.com,9340144751,2024-09-21 09:00:00,2024-09-21 21:00:00,2994
131,32,4,9,20.80735753592652,76.9511662190574,store32@akola.com,9020076012,2024-09-21 09:00:00,2024-09-21 21:00:00,3637
132,33,4,9,20.624963457962103,76.99343071389782,store33@akola.com,9014045962,2024-09-21 09:00:00,2024-09-21 21:00:00,2606
133,34,4,9,20.664790508623117,77.05743267724718,store34@akola.com,9777631484,2024-09-21 09:00:00,2024-09-21 21:00:00,1147
134,35,4,9,20.675900828217785,77.01219579056826,store35@akola.com,9576019675,2024-09-21 09:00:00,2024-09-21 21:00:00,4820
135,36,4,9,20.664887584023425,76.98316137380495,store36@akola.com,9226255223,2024-09-21 09:00:00,2024-09-21 21:00:00,1174
136,37,4,9,20.725331796764895,76.98575288959454,store37@akola.com,9396087099,2024-09-21 09:00:00,2024-09-21 21:00:00,3321
137,38,4,9,20.649592031540887,77.0245191667124,store38@akola.com,9724224834,2024-09-21 09:00:00,2024-09-21 21:00:00,1892
138,39,4,9,20.684333703689614,76.90798408352927,store39@akola.com,9399616981,2024-09-21 09:00:00,2024-09-21 21:00:00,3148
139,40,4,9,20.643362465722753,77.01913203295938,store40@akola.com,9853022408,2024-09-21 09:00:00,2024-09-21 21:00:00,1630
140,31,4,6,22.98048024731729,72.50585544419192,store31@ahmedabad.com,9951713226,2024-09-21 09:00:00,2024-09-21 21:00:00,4828
141,32,4,6,23.03480574569728,72.62618605851019,store32@ahmedabad.com,9439829702,2024-09-21 09:00:00,2024-09-21 21:00:00,3040
142,33,4,6,22.9996302805806,72.57214015035808,store33@ahmedabad.com,9456955450,2024-09-21 09:00:00,2024-09-21 21:00:00,1889
143,34,4,6,23.027792634576254,72.61151255571694,store34@ahmedabad.com,9496080362,2024-09-21 09:00:00,2024-09-21 21:00:00,2988
144,35,4,6,23.0207993175835,72.58599571514254,store35@ahmedabad.com,9543543101,2024-09-21 09:00:00,2024-09-21 21:00:00,3435
145,36,4,6,23.133717721291426,72.50589089708181,store36@ahmedabad.com,9735437959,2024-09-21 09:00:00,2024-09-21 21:00:00,1399
146,37,4,6,23.040908894354686,72.52935207381779,store37@ahmedabad.com,9647401946,2024-09-21 09:00:00,2024-09-21 21:00:00,1198
147,38,4,6,23.03052140390324,72.6007977448985,store38@ahmedabad.com,9373103976,2024-09-21 09:00:00,2024-09-21 21:00:00,3601
148,39,4,6,23.045488986088674,72.47955651231378,store39@ahmedabad.com,9670982420,2024-09-21 09:00:00,2024-09-21 21:00:00,2292
149,40,4,6,23.045150047463817,72.64621645789649,store40@ahmedabad.com,9349781449,2024-09-21 09:00:00,2024-09-21 21:00:00,2728
150,31,4,4,27.16679143475976,77.97112496504637,store31@agra.com,9345288395,2024-09-21 09:00:00,2024-09-21 21:00:00,2771
151,32,4,4,27.182736384021606,78.01005696976505,store32@agra.com,9278066445,2024-09-21 09:00:00,2024-09-21 21:00:00,2414
152,33,4,4,27.170222898973996,78.03503095344665,store33@agra.com,9468260720,2024-09-21 09:00:00,2024-09-21 21:00:00,4056
153,34,4,4,27.249037024810107,78.18576713698121,store34@agra.com,9239176110,2024-09-21 09:00:00,2024-09-21 21:00:00,1789
154,35,4,4,27.13714168955504,77.99418946707345,store35@agra.com,9881166142,2024-09-21 09:00:00,2024-09-21 21:00:00,1339
155,36,4,4,27.2865512328036,78.021674087045,store36@agra.com,9730204172,2024-09-21 09:00:00,2024-09-21 21:00:00,2845
156,37,4,4,27.18468341989944,77.99929823653483,store37@agra.com,9678756443,2024-09-21 09:00:00,2024-09-21 21:00:00,4544
157,38,4,4,27.20968163736567,77.86197042115737,store38@agra.com,9102043561,2024-09-21 09:00:00,2024-09-21 21:00:00,2881
158,39,4,4,27.21895486148262,77.95486233415652,store39@agra.com,9090542231,2024-09-21 09:00:00,2024-09-21 21:00:00,2365
159,40,4,4,27.23699516428597,77.87077230805646,store40@agra.com,9095962771,2024-09-21 09:00:00,2024-09-21 21:00:00,4427
160,41,5,4,27.17453825918429,78.0275114323592,store41@agra.com,9904881712,2024-09-21 09:00:00,2024-09-21 21:00:00,1067
161,42,5,4,27.201201360127303,77.99468117442014,store42@agra.com,9397335761,2024-09-21 09:00:00,2024-09-21 21:00:00,4446
162,43,5,4,27.161565450740913,77.95437664541082,store43@agra.com,9077816468,2024-09-21 09:00:00,2024-09-21 21:00:00,3768
163,44,5,4,27.120107887456395,78.15538284157407,store44@agra.com,9252901569,2024-09-21 09:00:00,2024-09-21 21:00:00,3103
164,45,5,4,27.2268270727281,77.98049052557117,store45@agra.com,9500112789,2024-09-21 09:00:00,2024-09-21 21:00:00,2621
165,46,5,4,27.14085930412122,77.9467035162997,store46@agra.com,9883363760,2024-09-21 09:00:00,2024-09-21 21:00:00,1886
166,47,5,4,27.101324517392815,78.01813001170767,store47@agra.com,9084864877,2024-09-21 09:00:00,2024-09-21 21:00:00,2070
167,48,5,4,27.232029831936966,77.90624688876416,store48@agra.com,9644275799,2024-09-21 09:00:00,2024-09-21 21:00:00,4538
168,49,5,4,27.153473853756022,77.98719134384896,store49@agra.com,9052660173,2024-09-21 09:00:00,2024-09-21 21:00:00,2665
169,50,5,4,27.24720592371761,77.93369883582793,store50@agra.com,9047342478,2024-09-21 09:00:00,2024-09-21 21:00:00,2633
170,41,5,3,23.828496019614253,91.25286542242412,store41@agartala.com,9358177428,2024-09-21 09:00:00,2024-09-21 21:00:00,3798
171,42,5,3,23.764217064633648,91.22757350515464,store42@agartala.com,9915828501,2024-09-21 09:00:00,2024-09-21 21:00:00,3565
172,43,5,3,23.743121225798735,91.31623326164929,store43@agartala.com,9836729652,2024-09-21 09:00:00,2024-09-21 21:00:00,3915
173,44,5,3,23.77455353214062,91.23322994383994,store44@agartala.com,9974855281,2024-09-21 09:00:00,2024-09-21 21:00:00,1091
174,45,5,3,23.767226509336005,91.41480636676158,store45@agartala.com,9212111232,2024-09-21 09:00:00,2024-09-21 21:00:00,1594
175,46,5,3,23.705178798731666,91.22504829789698,store46@agartala.com,9709524378,2024-09-21 09:00:00,2024-09-21 21:00:00,1985
176,47,5,3,23.937127822064657,91.3366505896553,store47@agartala.com,9736353957,2024-09-21 09:00:00,2024-09-21 21:00:00,1332
177,48,5,3,23.861643951716065,91.18638160169186,store48@agartala.com,9714748627,2024-09-21 09:00:00,2024-09-21 21:00:00,3153
178,49,5,3,23.83686637846967,91.27999232750881,store49@agartala.com,9471000154,2024-09-21 09:00:00,2024-09-21 21:00:00,2926
179,50,5,3,23.825918954536622,91.23869969560211,store50@agartala.com,9689968840,2024-09-21 09:00:00,2024-09-21 21:00:00,4396
180,41,5,8,26.31101536240997,74.59132786578019,store41@ajmer.com,9428412377,2024-09-21 09:00:00,2024-09-21 21:00:00,1244
181,42,5,8,26.552618385367573,74.63077362029406,store42@ajmer.com,9431763516,2024-09-21 09:00:00,2024-09-21 21:00:00,4014
182,43,5,8,26.458222107558687,74.80453866630873,store43@ajmer.com,9779673230,2024-09-21 09:00:00,2024-09-21 21:00:00,2879
183,44,5,8,26.4825087177707,74.60421340111883,store44@ajmer.com,9683868932,2024-09-21 09:00:00,2024-09-21 21:00:00,2004
184,45,5,8,26.512061983436844,74.55324457893276,store45@ajmer.com,9000193415,2024-09-21 09:00:00,2024-09-21 21:00:00,1566
185,46,5,8,26.444121762205437,74.63857623270579,store46@ajmer.com,9134519398,2024-09-21 09:00:00,2024-09-21 21:00:00,3171
186,47,5,8,26.472160648759754,74.73886977406568,store47@ajmer.com,9441040436,2024-09-21 09:00:00,2024-09-21 21:00:00,3459
187,48,5,8,26.468642679613815,74.68500025364389,store48@ajmer.com,9423277655,2024-09-21 09:00:00,2024-09-21 21:00:00,2045
188,49,5,8,26.487443186860833,74.75933557008234,store49@ajmer.com,9900138586,2024-09-21 09:00:00,2024-09-21 21:00:00,2219
189,50,5,8,26.592963359491716,74.59387098618814,store50@ajmer.com,9268558366,2024-09-21 09:00:00,2024-09-21 21:00:00,1032
190,51,6,6,22.978708046209935,72.69954234151339,store51@ahmedabad.com,9924404598,2024-09-21 09:00:00,2024-09-21 21:00:00,1594
191,52,6,6,23.06664375528051,72.54467415268944,store52@ahmedabad.com,9079914149,2024-09-21 09:00:00,2024-09-21 21:00:00,1686
192,53,6,6,22.97759173979753,72.64194153524468,store53@ahmedabad.com,9953857183,2024-09-21 09:00:00,2024-09-21 21:00:00,4733
193,54,6,6,22.989112303648728,72.53293060091387,store54@ahmedabad.com,9622659944,2024-09-21 09:00:00,2024-09-21 21:00:00,3718
194,55,6,6,22.934878856998473,72.67775315298103,store55@ahmedabad.com,9010731726,2024-09-21 09:00:00,2024-09-21 21:00:00,4918
195,56,6,6,23.001349281239207,72.60851294966612,store56@ahmedabad.com,9535114999,2024-09-21 09:00:00,2024-09-21 21:00:00,3921
196,57,6,6,23.03993271054336,72.60021419527914,store57@ahmedabad.com,9867002463,2024-09-21 09:00:00,2024-09-21 21:00:00,3393
197,58,6,6,23.134687298965567,72.67015820334814,store58@ahmedabad.com,9586471418,2024-09-21 09:00:00,2024-09-21 21:00:00,2006
198,59,6,6,22.913828995198465,72.63554299658092,store59@ahmedabad.com,9525438403,2024-09-21 09:00:00,2024-09-21 21:00:00,4577
199,60,6,6,23.096764759482873,72.59322865348642,store60@ahmedabad.com,9057738651,2024-09-21 09:00:00,2024-09-21 21:00:00,3919
200,51,6,1,30.233214414379635,74.28675408243907,store51@abohar.com,9489992944,2024-09-21 09:00:00,2024-09-21 21:00:00,3805
201,52,6,1,30.143694151672673,74.19753177163436,store52@abohar.com,9668829760,2024-09-21 09:00:00,2024-09-21 21:00:00,4730
202,53,6,1,30.206964198154086,74.16765086809205,store53@abohar.com,9644043422,2024-09-21 09:00:00,2024-09-21 21:00:00,1324
203,54,6,1,29.993470362750223,74.21810772786131,store54@abohar.com,9550964743,2024-09-21 09:00:00,2024-09-21 21:00:00,1695
204,55,6,1,30.002280532922455,74.33080902391768,store55@abohar.com,9692579561,2024-09-21 09:00:00,2024-09-21 21:00:00,4481
205,56,6,1,30.14150596488991,74.17237730716535,store56@abohar.com,9264601606,2024-09-21 09:00:00,2024-09-21 21:00:00,2832
206,57,6,1,30.16079866650468,74.27283092986931,store57@abohar.com,9238692160,2024-09-21 09:00:00,2024-09-21 21:00:00,4611
207,58,6,1,30.064803474274637,74.15000220200993,store58@abohar.com,9541565180,2024-09-21 09:00:00,2024-09-21 21:00:00,4233
208,59,6,1,30.177251628375007,74.25080964865937,store59@abohar.com,9963373539,2024-09-21 09:00:00,2024-09-21 21:00:00,3092
209,60,6,1,30.118241415962355,74.40960287527984,store60@abohar.com,9734752257,2024-09-21 09:00:00,2024-09-21 21:00:00,1705
210,51,6,2,19.404738958179365,78.32099140822403,store51@adilabad.com,9955746184,2024-09-21 09:00:00,2024-09-21 21:00:00,3641
211,52,6,2,19.396389856435658,78.2980809352379,store52@adilabad.com,9349604529,2024-09-21 09:00:00,2024-09-21 21:00:00,3494
212,53,6,2,19.410497121746776,78.26627034730002,store53@adilabad.com,9743934177,2024-09-21 09:00:00,2024-09-21 21:00:00,4056
213,54,6,2,19.405603493258127,78.32977699720854,store54@adilabad.com,9427926022,2024-09-21 09:00:00,2024-09-21 21:00:00,3921
214,55,6,2,19.394508311559647,78.22699577853989,store55@adilabad.com,9452542913,2024-09-21 09:00:00,2024-09-21 21:00:00,1873
215,56,6,2,19.421363664004282,78.36891974015528,store56@adilabad.com,9401926278,2024-09-21 09:00:00,2024-09-21 21:00:00,4856
216,57,6,2,19.4109269202029,78.3696940323088,store57@adilabad.com,9374142955,2024-09-21 09:00:00,2024-09-21 21:00:00,4374
217,58,6,2,19.403576646522165,78.2838299348451,store58@adilabad.com,9570186797,2024-09-21 09:00:00,2024-09-21 21:00:00,3198
218,59,6,2,19.40916209665464,78.35691986021982,store59@adilabad.com,9501650334,2024-09-21 09:00:00,2024-09-21 21:00:00,4771
219,60,6,2,19.37371314199777,78.39774821337915,store60@adilabad.com,9430886904,2024-09-21 09:00:00,2024-09-21 21:00:00,2865
220,51,6,7,23.787479565751944,92.64078935391534,store51@aizawl  .com,9116173423,2024-09-21 09:00:00,2024-09-21 21:00:00,1628
221,52,6,7,23.775409528769867,92.61910615424978,store52@aizawl  .com,9636190230,2024-09-21 09:00:00,2024-09-21 21:00:00,3890
222,53,6,7,23.735847966431376,92.76229679930762,store53@aizawl  .com,9691730012,2024-09-21 09:00:00,2024-09-21 21:00:00,3480
223,54,6,7,23.72025522110113,92.79800322442519,store54@aizawl  .com,9018073143,2024-09-21 09:00:00,2024-09-21 21:00:00,1253
224,55,6,7,23.679043682025696,92.63493117537337,store55@aizawl  .com,9167438896,2024-09-21 09:00:00,2024-09-21 21:00:00,3124
225,56,6,7,23.815461113655115,92.6333980946036,store56@aizawl  .com,9479066276,2024-09-21 09:00:00,2024-09-21 21:00:00,2019
226,57,6,7,23.67428687736724,92.81549333689613,store57@aizawl  .com,9091749598,2024-09-21 09:00:00,2024-09-21 21:00:00,3133
227,58,6,7,23.58915555591001,92.72445669117265,store58@aizawl  .com,9891387095,2024-09-21 09:00:00,2024-09-21 21:00:00,1387
228,59,6,7,23.660356160268666,92.71784364086716,store59@aizawl  .com,9871925438,2024-09-21 09:00:00,2024-09-21 21:00:00,4104
229,60,6,7,23.861809550926083,92.72254978757009,store60@aizawl  .com,9398020787,2024-09-21 09:00:00,2024-09-21 21:00:00,4412
230,51,6,4,27.222537700367763,78.06635977671472,store51@agra.com,9601280803,2024-09-21 09:00:00,2024-09-21 21:00:00,4303
231,52,6,4,27.234928018261748,78.18204621052209,store52@agra.com,9610547370,2024-09-21 09:00:00,2024-09-21 21:00:00,2200
232,53,6,4,27.252111786690424,77.82125183114023,store53@agra.com,9161480200,2024-09-21 09:00:00,2024-09-21 21:00:00,1377
233,54,6,4,27.06332038351479,78.04876921882781,store54@agra.com,9306868065,2024-09-21 09:00:00,2024-09-21 21:00:00,3955
234,55,6,4,27.280431048833254,77.97704845118456,store55@agra.com,9275850471,2024-09-21 09:00:00,2024-09-21 21:00:00,1156
235,56,6,4,27.264745851384987,77.8279739908693,store56@agra.com,9433929831,2024-09-21 09:00:00,2024-09-21 21:00:00,3575
236,57,6,4,27.27917344649178,77.95348608438132,store57@agra.com,9895799788,2024-09-21 09:00:00,2024-09-21 21:00:00,3336
237,58,6,4,27.13285026457665,77.92472841420994,store58@agra.com,9497577214,2024-09-21 09:00:00,2024-09-21 21:00:00,2041
238,59,6,4,27.232494026364407,78.16524507682163,store59@agra.com,9934748606,2024-09-21 09:00:00,2024-09-21 21:00:00,2371
239,60,6,4,27.111180415903636,77.9765556408176,store60@agra.com,9146844476,2024-09-21 09:00:00,2024-09-21 21:00:00,4099
240,61,7,5,19.11266716533813,74.5287867738822,store61@ahmadnagar.com,9381645207,2024-09-21 09:00:00,2024-09-21 21:00:00,1794
241,62,7,5,19.1247004618584,74.65989200133342,store62@ahmadnagar.com,9839759807,2024-09-21 09:00:00,2024-09-21 21:00:00,4211
242,63,7,5,19.0671100731986,74.76397620646233,store63@ahmadnagar.com,9600261333,2024-09-21 09:00:00,2024-09-21 21:00:00,4318
243,64,7,5,19.159757804075706,74.65396921313231,store64@ahmadnagar.com,9748580600,2024-09-21 09:00:00,2024-09-21 21:00:00,3819
244,65,7,5,19.09927837248383,74.54546917776868,store65@ahmadnagar.com,9149194376,2024-09-21 09:00:00,2024-09-21 21:00:00,3592
245,66,7,5,19.184618773933874,74.70808548595997,store66@ahmadnagar.com,9943077156,2024-09-21 09:00:00,2024-09-21 21:00:00,1018
246,67,7,5,19.037492279776075,74.82201240028914,store67@ahmadnagar.com,9926683186,2024-09-21 09:00:00,2024-09-21 21:00:00,4856
247,68,7,5,19.10277879498443,74.84285370388855,store68@ahmadnagar.com,9469450281,2024-09-21 09:00:00,2024-09-21 21:00:00,2207
248,69,7,5,19.101748103257528,74.6924549046395,store69@ahmadnagar.com,9889501241,2024-09-21 09:00:00,2024-09-21 21:00:00,4015
249,70,7,5,18.948109540531643,74.85842311870869,store70@ahmadnagar.com,9254682402,2024-09-21 09:00:00,2024-09-21 21:00:00,1130
250,61,7,6,23.104679814614954,72.5445183178529,store61@ahmedabad.com,9897884800,2024-09-21 09:00:00,2024-09-21 21:00:00,4472
251,62,7,6,23.008846920541465,72.57976754267321,store62@ahmedabad.com,9717629848,2024-09-21 09:00:00,2024-09-21 21:00:00,4640
252,63,7,6,23.109789658121482,72.51307630642695,store63@ahmedabad.com,9829248736,2024-09-21 09:00:00,2024-09-21 21:00:00,1433
253,64,7,6,23.075642917879954,72.5991483663683,store64@ahmedabad.com,9277977770,2024-09-21 09:00:00,2024-09-21 21:00:00,1519
254,65,7,6,23.057773987061978,72.62093408857126,store65@ahmedabad.com,9561926916,2024-09-21 09:00:00,2024-09-21 21:00:00,4716
255,66,7,6,23.069592523110437,72.63530796100747,store66@ahmedabad.com,9256168039,2024-09-21 09:00:00,2024-09-21 21:00:00,1718
256,67,7,6,22.98834858133906,72.55270654835473,store67@ahmedabad.com,9853781018,2024-09-21 09:00:00,2024-09-21 21:00:00,4708
257,68,7,6,23.0224761522449,72.61308842268915,store68@ahmedabad.com,9424499912,2024-09-21 09:00:00,2024-09-21 21:00:00,1941
258,69,7,6,23.091125665659025,72.68491768239525,store69@ahmedabad.com,9618483673,2024-09-21 09:00:00,2024-09-21 21:00:00,3137
259,70,7,6,23.05492068396672,72.53196893661628,store70@ahmedabad.com,9388986515,2024-09-21 09:00:00,2024-09-21 21:00:00,4091
260,61,7,3,23.861244458326382,91.26578005475533,store61@agartala.com,9643118017,2024-09-21 09:00:00,2024-09-21 21:00:00,2356
261,62,7,3,23.819750731805836,91.3558029810241,store62@agartala.com,9645689809,2024-09-21 09:00:00,2024-09-21 21:00:00,1994
262,63,7,3,23.90666948347403,91.14499398905299,store63@agartala.com,9679217639,2024-09-21 09:00:00,2024-09-21 21:00:00,4563
263,64,7,3,23.840248377251292,91.17710508312466,store64@agartala.com,9442049326,2024-09-21 09:00:00,2024-09-21 21:00:00,2853
264,65,7,3,23.810253084041427,91.19920954708998,store65@agartala.com,9339059934,2024-09-21 09:00:00,2024-09-21 21:00:00,3139
265,66,7,3,23.81075641275891,91.39540068636894,store66@agartala.com,9591062504,2024-09-21 09:00:00,2024-09-21 21:00:00,2428
266,67,7,3,23.78294506622736,91.27725191132656,store67@agartala.com,9100399965,2024-09-21 09:00:00,2024-09-21 21:00:00,4695
267,68,7,3,23.920797180758843,91.2893580949182,store68@agartala.com,9468874127,2024-09-21 09:00:00,2024-09-21 21:00:00,3984
268,69,7,3,23.8376955129771,91.28431167672566,store69@agartala.com,9285139254,2024-09-21 09:00:00,2024-09-21 21:00:00,2306
269,70,7,3,23.755167689450367,91.33216719290903,store70@agartala.com,9958128923,2024-09-21 09:00:00,2024-09-21 21:00:00,1357
270,61,7,1,30.108558115061435,74.09359215466377,store61@abohar.com,9213747957,2024-09-21 09:00:00,2024-09-21 21:00:00,2616
271,62,7,1,30.18932807994328,74.22349169765039,store62@abohar.com,9224577600,2024-09-21 09:00:00,2024-09-21 21:00:00,1775
272,63,7,1,30.163344847598697,74.19972462038974,store63@abohar.com,9864048171,2024-09-21 09:00:00,2024-09-21 21:00:00,1724
273,64,7,1,30.135873724794315,74.21654632031104,store64@abohar.com,9151268077,2024-09-21 09:00:00,2024-09-21 21:00:00,4671
274,65,7,1,30.25658278898538,74.05611786387836,store65@abohar.com,9906968694,2024-09-21 09:00:00,2024-09-21 21:00:00,1853
275,66,7,1,30.094868243148106,74.10524457367227,store66@abohar.com,9633696151,2024-09-21 09:00:00,2024-09-21 21:00:00,1076
276,67,7,1,30.099302893274697,74.24631559175258,store67@abohar.com,9568518425,2024-09-21 09:00:00,2024-09-21 21:00:00,4996
277,68,7,1,30.16803430950303,74.19922927685079,store68@abohar.com,9405066957,2024-09-21 09:00:00,2024-09-21 21:00:00,1793
278,69,7,1,30.147072003000034,74.24874803003989,store69@abohar.com,9526799667,2024-09-21 09:00:00,2024-09-21 21:00:00,4873
279,70,7,1,30.168485420047272,74.0693361148619,store70@abohar.com,9077287283,2024-09-21 09:00:00,2024-09-21 21:00:00,4186
280,71,8,9,20.7266199946189,77.07060041738428,store71@akola.com,9896589486,2024-09-21 09:00:00,2024-09-21 21:00:00,1545
281,72,8,9,20.73634251482503,76.97223007793905,store72@akola.com,9239309061,2024-09-21 09:00:00,2024-09-21 21:00:00,3448
282,73,8,9,20.72503080439409,77.03150600320994,store73@akola.com,9797344087,2024-09-21 09:00:00,2024-09-21 21:00:00,2591
283,74,8,9,20.725618423645287,77.06352394861746,store74@akola.com,9287523625,2024-09-21 09:00:00,2024-09-21 21:00:00,1828
284,75,8,9,20.72302120684185,77.08566661148494,store75@akola.com,9764690722,2024-09-21 09:00:00,2024-09-21 21:00:00,4183
285,76,8,9,20.739777714483047,76.99666147325344,store76@akola.com,9910926826,2024-09-21 09:00:00,2024-09-21 21:00:00,1036
286,77,8,9,20.7100060967883,76.9459972307696,store77@akola.com,9149390705,2024-09-21 09:00:00,2024-09-21 21:00:00,2129
287,78,8,9,20.71962996016685,77.0015626932063,store78@akola.com,9522399848,2024-09-21 09:00:00,2024-09-21 21:00:00,3222
288,79,8,9,20.692656457324247,76.947501728872,store79@akola.com,9766448682,2024-09-21 09:00:00,2024-09-21 21:00:00,1872
289,80,8,9,20.730488684945904,76.97372858969393,store80@akola.com,9483777409,2024-09-21 09:00:00,2024-09-21 21:00:00,4209
290,71,8,4,27.361138787832715,78.01036074218169,store71@agra.com,9094327227,2024-09-21 09:00:00,2024-09-21 21:00:00,4225
291,72,8,4,27.30667329931285,78.02751652527597,store72@agra.com,9212934941,2024-09-21 09:00:00,2024-09-21 21:00:00,1615
292,73,8,4,27.19049400368042,78.00310867981966,store73@agra.com,9257455047,2024-09-21 09:00:00,2024-09-21 21:00:00,4823
293,74,8,4,27.19937726309439,78.01378241231471,store74@agra.com,9043019642,2024-09-21 09:00:00,2024-09-21 21:00:00,4656
294,75,8,4,27.242198203182955,77.97177846125724,store75@agra.com,9902893229,2024-09-21 09:00:00,2024-09-21 21:00:00,3617
295,76,8,4,27.21956812569495,77.97642327655025,store76@agra.com,9250613119,2024-09-21 09:00:00,2024-09-21 21:00:00,4693
296,77,8,4,27.201708894800458,78.01458046686489,store77@agra.com,9801764458,2024-09-21 09:00:00,2024-09-21 21:00:00,3148
297,78,8,4,27.289407516442285,78.14694505934327,store78@agra.com,9174672643,2024-09-21 09:00:00,2024-09-21 21:00:00,4740
298,79,8,4,27.185172247317986,77.99944207242497,store79@agra.com,9985825325,2024-09-21 09:00:00,2024-09-21 21:00:00,4211
299,80,8,4,27.28779806083495,78.0643720932112,store80@agra.com,9622838532,2024-09-21 09:00:00,2024-09-21 21:00:00,1051
300,71,8,6,23.00917242213659,72.47566461028325,store71@ahmedabad.com,9311133266,2024-09-21 09:00:00,2024-09-21 21:00:00,4169
301,72,8,6,23.150650265087762,72.5695364153406,store72@ahmedabad.com,9880757775,2024-09-21 09:00:00,2024-09-21 21:00:00,4023
302,73,8,6,22.992205937262895,72.72307340732424,store73@ahmedabad.com,9467570281,2024-09-21 09:00:00,2024-09-21 21:00:00,1509
303,74,8,6,22.999598743149125,72.62522507865918,store74@ahmedabad.com,9710035175,2024-09-21 09:00:00,2024-09-21 21:00:00,4454
304,75,8,6,23.0322255186558,72.65033389539816,store75@ahmedabad.com,9082844725,2024-09-21 09:00:00,2024-09-21 21:00:00,3930
305,76,8,6,23.14599795193474,72.63525597702888,store76@ahmedabad.com,9404197067,2024-09-21 09:00:00,2024-09-21 21:00:00,2335
306,77,8,6,23.008469502688428,72.55266165378806,store77@ahmedabad.com,9078002758,2024-09-21 09:00:00,2024-09-21 21:00:00,1092
307,78,8,6,23.044015179133144,72.63218987250164,store78@ahmedabad.com,9350112070,2024-09-21 09:00:00,2024-09-21 21:00:00,1127
308,79,8,6,22.922357813730724,72.65495898846976,store79@ahmedabad.com,9729089151,2024-09-21 09:00:00,2024-09-21 21:00:00,4724
309,80,8,6,23.034713266728172,72.5685970048383,store80@ahmedabad.com,9925530491,2024-09-21 09:00:00,2024-09-21 21:00:00,1224
310,71,8,8,26.474026537405287,74.72516276325891,store71@ajmer.com,9079233785,2024-09-21 09:00:00,2024-09-21 21:00:00,2692
311,72,8,8,26.44264425213686,74.66920548969254,store72@ajmer.com,9653068580,2024-09-21 09:00:00,2024-09-21 21:00:00,4018
312,73,8,8,26.416908104173938,74.58520492838815,store73@ajmer.com,9266790737,2024-09-21 09:00:00,2024-09-21 21:00:00,4816
313,74,8,8,26.458372862043365,74.63193865986538,store74@ajmer.com,9383112086,2024-09-21 09:00:00,2024-09-21 21:00:00,4174
314,75,8,8,26.576681428326722,74.54349963860439,store75@ajmer.com,9222413774,2024-09-21 09:00:00,2024-09-21 21:00:00,1742
315,76,8,8,26.446595466622618,74.60834399696195,store76@ajmer.com,9179602324,2024-09-21 09:00:00,2024-09-21 21:00:00,1137
316,77,8,8,26.512668686113155,74.56707229226558,store77@ajmer.com,9784483103,2024-09-21 09:00:00,2024-09-21 21:00:00,1763
317,78,8,8,26.441812013939394,74.64376829916088,store78@ajmer.com,9553424568,2024-09-21 09:00:00,2024-09-21 21:00:00,2534
318,79,8,8,26.425267110892463,74.65034679563588,store79@ajmer.com,9228854219,2024-09-21 09:00:00,2024-09-21 21:00:00,4020
319,80,8,8,26.40471096973543,74.60168557139023,store80@ajmer.com,9555288828,2024-09-21 09:00:00,2024-09-21 21:00:00,2045
320,71,8,7,23.710413020670664,92.61749019160294,store71@aizawl  .com,9872106189,2024-09-21 09:00:00,2024-09-21 21:00:00,4525
321,72,8,7,23.64282389006398,92.78588192923483,store72@aizawl  .com,9518002683,2024-09-21 09:00:00,2024-09-21 21:00:00,4994
322,73,8,7,23.60721733326079,92.70915642859306,store73@aizawl  .com,9481021406,2024-09-21 09:00:00,2024-09-21 21:00:00,2379
323,74,8,7,23.662019716261366,92.62598752658278,store74@aizawl  .com,9505296613,2024-09-21 09:00:00,2024-09-21 21:00:00,3825
324,75,8,7,23.68442132399941,92.68787888662402,store75@aizawl  .com,9421057127,2024-09-21 09:00:00,2024-09-21 21:00:00,1852
325,76,8,7,23.732747559764977,92.7006278975229,store76@aizawl  .com,9933207640,2024-09-21 09:00:00,2024-09-21 21:00:00,2030
326,77,8,7,23.822535354779,92.61056925457842,store77@aizawl  .com,9269747893,2024-09-21 09:00:00,2024-09-21 21:00:00,4003
327,78,8,7,23.708634131481798,92.64704826407417,store78@aizawl  .com,9603636559,2024-09-21 09:00:00,2024-09-21 21:00:00,3099
328,79,8,7,23.69924696333883,92.66383755832175,store79@aizawl  .com,9855481296,2024-09-21 09:00:00,2024-09-21 21:00:00,2015
329,80,8,7,23.76883610212248,92.66375000790165,store80@aizawl  .com,9526079439,2024-09-21 09:00:00,2024-09-21 21:00:00,1378
330,81,9,5,19.098256269158863,74.93298329316572,store81@ahmadnagar.com,9367951491,2024-09-21 09:00:00,2024-09-21 21:00:00,1236
331,82,9,5,19.152125821159853,74.62606641835009,store82@ahmadnagar.com,9748868630,2024-09-21 09:00:00,2024-09-21 21:00:00,4891
332,83,9,5,19.20767195681574,74.82822946306192,store83@ahmadnagar.com,9027263108,2024-09-21 09:00:00,2024-09-21 21:00:00,3585
333,84,9,5,19.021489254613293,74.60019300032381,store84@ahmadnagar.com,9697107507,2024-09-21 09:00:00,2024-09-21 21:00:00,3879
334,85,9,5,19.112752365116368,74.74499742014449,store85@ahmadnagar.com,9391825621,2024-09-21 09:00:00,2024-09-21 21:00:00,1242
335,86,9,5,19.058987762597027,74.72691974178198,store86@ahmadnagar.com,9895172218,2024-09-21 09:00:00,2024-09-21 21:00:00,2634
336,87,9,5,19.079934755933593,74.7504784917256,store87@ahmadnagar.com,9324256807,2024-09-21 09:00:00,2024-09-21 21:00:00,1931
337,88,9,5,19.097883965145044,74.73428405206458,store88@ahmadnagar.com,9932334150,2024-09-21 09:00:00,2024-09-21 21:00:00,2983
338,89,9,5,18.956981873764555,74.6632626195386,store89@ahmadnagar.com,9139965574,2024-09-21 09:00:00,2024-09-21 21:00:00,4730
339,90,9,5,19.27467595130053,74.66331035077933,store90@ahmadnagar.com,9614667834,2024-09-21 09:00:00,2024-09-21 21:00:00,4269
340,81,9,7,23.75982305941465,92.68456122081916,store81@aizawl  .com,9279466065,2024-09-21 09:00:00,2024-09-21 21:00:00,4905
341,82,9,7,23.643713805529085,92.77833984505413,store82@aizawl  .com,9604788964,2024-09-21 09:00:00,2024-09-21 21:00:00,4408
342,83,9,7,23.687698482641785,92.79802364637655,store83@aizawl  .com,9875270907,2024-09-21 09:00:00,2024-09-21 21:00:00,1569
343,84,9,7,23.679882672063385,92.67108419575096,store84@aizawl  .com,9586728355,2024-09-21 09:00:00,2024-09-21 21:00:00,3495
344,85,9,7,23.67905812351805,92.74409180198228,store85@aizawl  .com,9545049347,2024-09-21 09:00:00,2024-09-21 21:00:00,1887
345,86,9,7,23.80351613628268,92.64233589544192,store86@aizawl  .com,9946976646,2024-09-21 09:00:00,2024-09-21 21:00:00,2116
346,87,9,7,23.68125232450262,92.57757563620761,store87@aizawl  .com,9751345950,2024-09-21 09:00:00,2024-09-21 21:00:00,2873
347,88,9,7,23.730535932271682,92.77772583642863,store88@aizawl  .com,9051875911,2024-09-21 09:00:00,2024-09-21 21:00:00,4074
348,89,9,7,23.734131203990728,92.72075863462089,store89@aizawl  .com,9126030986,2024-09-21 09:00:00,2024-09-21 21:00:00,2473
349,90,9,7,23.675080506300723,92.80120986901753,store90@aizawl  .com,9494560813,2024-09-21 09:00:00,2024-09-21 21:00:00,1534
350,81,9,6,23.057571932613143,72.7116783819137,store81@ahmedabad.com,9262559525,2024-09-21 09:00:00,2024-09-21 21:00:00,2649
351,82,9,6,23.019484845230817,72.55281502919968,store82@ahmedabad.com,9990079612,2024-09-21 09:00:00,2024-09-21 21:00:00,1433
352,83,9,6,23.107952735016916,72.50837286822998,store83@ahmedabad.com,9398012810,2024-09-21 09:00:00,2024-09-21 21:00:00,2845
353,84,9,6,23.070046918520728,72.52783663545715,store84@ahmedabad.com,9744198809,2024-09-21 09:00:00,2024-09-21 21:00:00,4576
354,85,9,6,23.12308093040626,72.5429121412163,store85@ahmedabad.com,9460439860,2024-09-21 09:00:00,2024-09-21 21:00:00,4352
355,86,9,6,23.00205829909893,72.56551301400896,store86@ahmedabad.com,9878896462,2024-09-21 09:00:00,2024-09-21 21:00:00,4347
356,87,9,6,23.003095500169493,72.51975781026835,store87@ahmedabad.com,9241473658,2024-09-21 09:00:00,2024-09-21 21:00:00,1225
357,88,9,6,23.051125744397243,72.58163780563379,store88@ahmedabad.com,9334895566,2024-09-21 09:00:00,2024-09-21 21:00:00,2393
358,89,9,6,23.01499798207878,72.61433232697807,store89@ahmedabad.com,9992623856,2024-09-21 09:00:00,2024-09-21 21:00:00,3294
359,90,9,6,22.984790079202266,72.6157234444311,store90@ahmedabad.com,9724715266,2024-09-21 09:00:00,2024-09-21 21:00:00,2071
360,91,10,7,23.617337101515623,92.63528292169828,store91@aizawl  .com,9540393431,2024-09-21 09:00:00,2024-09-21 21:00:00,1991
361,92,10,7,23.802718918830553,92.69716142103917,store92@aizawl  .com,9716914803,2024-09-21 09:00:00,2024-09-21 21:00:00,4640
362,93,10,7,23.593150450473114,92.68575209368652,store93@aizawl  .com,9415127483,2024-09-21 09:00:00,2024-09-21 21:00:00,2219
363,94,10,7,23.596640740743357,92.77834664225206,store94@aizawl  .com,9860560872,2024-09-21 09:00:00,2024-09-21 21:00:00,4732
364,95,10,7,23.731359867424455,92.80393137490832,store95@aizawl  .com,9307686813,2024-09-21 09:00:00,2024-09-21 21:00:00,1656
365,96,10,7,23.792965992975954,92.83703608261456,store96@aizawl  .com,9026909638,2024-09-21 09:00:00,2024-09-21 21:00:00,4694
366,97,10,7,23.749616504185035,92.7338419413093,store97@aizawl  .com,9924612757,2024-09-21 09:00:00,2024-09-21 21:00:00,1261
367,98,10,7,23.68197910829999,92.67280544060827,store98@aizawl  .com,9205255865,2024-09-21 09:00:00,2024-09-21 21:00:00,1600
368,99,10,7,23.75532536352955,92.79471316721748,store99@aizawl  .com,9045539515,2024-09-21 09:00:00,2024-09-21 21:00:00,4135
369,100,10,7,23.76428566737625,92.73399529288463,store100@aizawl  .com,9350011898,2024-09-21 09:00:00,2024-09-21 21:00:00,1453
370,91,10,5,19.10430728341864,74.84091923162914,store91@ahmadnagar.com,9231807039,2024-09-21 09:00:00,2024-09-21 21:00:00,2762
371,92,10,5,19.092519888556122,74.86052285266649,store92@ahmadnagar.com,9556825916,2024-09-21 09:00:00,2024-09-21 21:00:00,1835
372,93,10,5,19.065338750061155,74.8736387427719,store93@ahmadnagar.com,9561605328,2024-09-21 09:00:00,2024-09-21 21:00:00,4712
373,94,10,5,19.103460174913895,74.72451945421786,store94@ahmadnagar.com,9926395212,2024-09-21 09:00:00,2024-09-21 21:00:00,4780
374,95,10,5,18.989979599026476,74.70869392976141,store95@ahmadnagar.com,9844418232,2024-09-21 09:00:00,2024-09-21 21:00:00,4845
375,96,10,5,19.104892352339238,74.73737688323877,store96@ahmadnagar.com,9203947462,2024-09-21 09:00:00,2024-09-21 21:00:00,3485
376,97,10,5,19.048036560177334,74.85091202194525,store97@ahmadnagar.com,9501749313,2024-09-21 09:00:00,2024-09-21 21:00:00,3022
377,98,10,5,19.051559241734708,74.88210120265016,store98@ahmadnagar.com,9762477650,2024-09-21 09:00:00,2024-09-21 21:00:00,2037
378,99,10,5,19.043052718844542,74.85016816806188,store99@ahmadnagar.com,9488889758,2024-09-21 09:00:00,2024-09-21 21:00:00,2066
379,100,10,5,19.143538841335694,74.88031106716859,store100@ahmadnagar.com,9255589998,2024-09-21 09:00:00,2024-09-21 21:00:00,1862
380,91,10,3,23.835781116940446,91.41874198541691,store91@agartala.com,9415945302,2024-09-21 09:00:00,2024-09-21 21:00:00,2834
381,92,10,3,23.92359315543595,91.26025563760771,store92@agartala.com,9213133431,2024-09-21 09:00:00,2024-09-21 21:00:00,4055
382,93,10,3,23.761038738180932,91.15022073658706,store93@agartala.com,9353382035,2024-09-21 09:00:00,2024-09-21 21:00:00,1640
383,94,10,3,23.760130924278666,91.1995681696695,store94@agartala.com,9759829854,2024-09-21 09:00:00,2024-09-21 21:00:00,2145
384,95,10,3,23.89445213614844,91.23931243438707,store95@agartala.com,9634812241,2024-09-21 09:00:00,2024-09-21 21:00:00,1540
385,96,10,3,23.851020366242235,91.39340836865378,store96@agartala.com,9564459122,2024-09-21 09:00:00,2024-09-21 21:00:00,1394
386,97,10,3,23.782123546939832,91.34693221057937,store97@agartala.com,9174964896,2024-09-21 09:00:00,2024-09-21 21:00:00,2901
387,98,10,3,23.852564260381538,91.35613080937426,store98@agartala.com,9153806756,2024-09-21 09:00:00,2024-09-21 21:00:00,1822
388,99,10,3,23.7934227801694,91.31327335063978,store99@agartala.com,9033896224,2024-09-21 09:00:00,2024-09-21 21:00:00,2518
389,100,10,3,23.907883160642196,91.18167440819641,store100@agartala.com,9250839175,2024-09-21 09:00:00,2024-09-21 21:00:00,1863
390,91,10,1,29.99630675907974,74.11815031929162,store91@abohar.com,9466099309,2024-09-21 09:00:00,2024-09-21 21:00:00,2697
391,92,10,1,30.11634354702202,74.15167310540949,store92@abohar.com,9505065633,2024-09-21 09:00:00,2024-09-21 21:00:00,3398
392,93,10,1,30.173195344359407,74.3391963349287,store93@abohar.com,9452771762,2024-09-21 09:00:00,2024-09-21 21:00:00,2940
393,94,10,1,30.037548613226402,74.26254028634791,store94@abohar.com,9335574736,2024-09-21 09:00:00,2024-09-21 21:00:00,3472
394,95,10,1,30.170326914475854,74.24093522488766,store95@abohar.com,9404735376,2024-09-21 09:00:00,2024-09-21 21:00:00,4620
395,96,10,1,30.281879508323893,74.1727502785203,store96@abohar.com,9993862733,2024-09-21 09:00:00,2024-09-21 21:00:00,2326
396,97,10,1,30.012942438175397,74.05646938532283,store97@abohar.com,9390978622,2024-09-21 09:00:00,2024-09-21 21:00:00,2186
397,98,10,1,30.05532260767999,74.04493123172323,store98@abohar.com,9360386060,2024-09-21 09:00:00,2024-09-21 21:00:00,2731
398,99,10,1,30.140293960713343,74.26110382496832,store99@abohar.com,9219311385,2024-09-21 09:00:00,2024-09-21 21:00:00,3106
399,100,10,1,30.173443937487622,74.18440147766782,store100@abohar.com,9004294085,2024-09-21 09:00:00,2024-09-21 21:00:00,3731
