id,List_of_items,number_of_items_per_type,total_number_of_items,store_id,operator_id,city_id
1,"[1, 2, 3, 4, 5, 6, 7, 8, 9, 10]","[60, 53, 21, 60, 26, 84, 76, 96, 71, 26]",573,1,1,12
2,"[1, 2, 3, 4, 5, 6, 7, 8, 9, 10]","[66, 52, 74, 52, 55, 86, 85, 87, 80, 43]",680,2,1,12
3,"[1, 2, 3, 4, 5, 6, 7, 8, 9, 10]","[12, 93, 76, 77, 26, 97, 10, 82, 17, 86]",576,3,1,12
4,"[1, 2, 3, 4, 5, 6, 7, 8, 9, 10]","[36, 66, 30, 14, 19, 86, 61, 90, 93, 44]",539,4,1,12
5,"[1, 2, 3, 4, 5, 6, 7, 8, 9, 10]","[76, 63, 45, 88, 18, 69, 26, 83, 48, 36]",552,5,1,12
6,"[1, 2, 3, 4, 5, 6, 7, 8, 9, 10]","[25, 66, 96, 50, 51, 99, 44, 47, 67, 62]",607,6,1,12
7,"[1, 2, 3, 4, 5, 6, 7, 8, 9, 10]","[38, 37, 53, 84, 49, 79, 77, 95, 15, 33]",560,7,1,12
8,"[1, 2, 3, 4, 5, 6, 7, 8, 9, 10]","[55, 95, 95, 96, 23, 72, 52, 34, 84, 78]",684,8,1,12
9,"[1, 2, 3, 4, 5, 6, 7, 8, 9, 10]","[84, 48, 71, 37, 59, 87, 72, 79, 47, 27]",611,9,1,12
10,"[1, 2, 3, 4, 5, 6, 7, 8, 9, 10]","[11, 37, 64, 98, 79, 93, 33, 62, 51, 97]",625,10,1,12
11,"[1, 2, 3, 4, 5, 6, 7, 8, 9, 10]","[72, 12, 30, 20, 22, 40, 42, 43, 61, 80]",422,11,1,23
12,"[1, 2, 3, 4, 5, 6, 7, 8, 9, 10]","[33, 28, 37, 49, 14, 61, 19, 50, 89, 74]",454,12,1,23
13,"[1, 2, 3, 4, 5, 6, 7, 8, 9, 10]","[87, 54, 16, 99, 39, 41, 51, 82, 32, 43]",544,13,1,23
14,"[1, 2, 3, 4, 5, 6, 7, 8, 9, 10]","[47, 33, 95, 95, 48, 64, 16, 86, 30, 87]",601,14,1,23
15,"[1, 2, 3, 4, 5, 6, 7, 8, 9, 10]","[29, 46, 49, 78, 98, 46, 69, 21, 32, 39]",507,15,1,23
16,"[1, 2, 3, 4, 5, 6, 7, 8, 9, 10]","[17, 78, 99, 71, 57, 87, 44, 49, 18, 46]",566,16,1,23
17,"[1, 2, 3, 4, 5, 6, 7, 8, 9, 10]","[26, 44, 94, 80, 44, 95, 59, 42, 90, 71]",645,17,1,23
18,"[1, 2, 3, 4, 5, 6, 7, 8, 9, 10]","[72, 80, 87, 37, 26, 61, 64, 35, 79, 72]",613,18,1,23
19,"[1, 2, 3, 4, 5, 6, 7, 8, 9, 10]","[74, 39, 27, 11, 12, 84, 72, 79, 20, 17]",435,19,1,23
20,"[1, 2, 3, 4, 5, 6, 7, 8, 9, 10]","[36, 21, 35, 100, 23, 97, 36, 76, 68, 65]",557,20,1,23
21,"[1, 2, 3, 4, 5, 6, 7, 8, 9, 10]","[38, 60, 82, 82, 15, 84, 85, 83, 64, 92]",685,21,1,11
22,"[1, 2, 3, 4, 5, 6, 7, 8, 9, 10]","[69, 26, 23, 43, 38, 12, 48, 90, 76, 96]",521,22,1,11
23,"[1, 2, 3, 4, 5, 6, 7, 8, 9, 10]","[54, 87, 47, 27, 58, 62, 19, 26, 79, 82]",541,23,1,11
24,"[1, 2, 3, 4, 5, 6, 7, 8, 9, 10]","[57, 58, 40, 38, 55, 38, 90, 88, 29, 81]",574,24,1,11
25,"[1, 2, 3, 4, 5, 6, 7, 8, 9, 10]","[20, 94, 92, 32, 61, 16, 76, 34, 26, 38]",489,25,1,11
26,"[1, 2, 3, 4, 5, 6, 7, 8, 9, 10]","[96, 66, 39, 74, 79, 85, 79, 76, 40, 85]",719,26,1,11
27,"[1, 2, 3, 4, 5, 6, 7, 8, 9, 10]","[95, 35, 79, 73, 47, 96, 31, 32, 10, 89]",587,27,1,11
28,"[1, 2, 3, 4, 5, 6, 7, 8, 9, 10]","[38, 62, 54, 38, 48, 38, 82, 78, 98, 88]",624,28,1,11
29,"[1, 2, 3, 4, 5, 6, 7, 8, 9, 10]","[66, 50, 89, 83, 50, 77, 74, 73, 99, 62]",723,29,1,11
30,"[1, 2, 3, 4, 5, 6, 7, 8, 9, 10]","[94, 86, 21, 71, 10, 72, 36, 40, 61, 85]",576,30,1,11
31,"[1, 2, 3, 4, 5, 6, 7, 8, 9, 10]","[10, 77, 14, 33, 39, 30, 69, 10, 66, 100]",448,31,1,2
32,"[1, 2, 3, 4, 5, 6, 7, 8, 9, 10]","[61, 16, 42, 55, 34, 87, 57, 30, 98, 28]",508,32,1,2
33,"[1, 2, 3, 4, 5, 6, 7, 8, 9, 10]","[47, 11, 97, 100, 45, 64, 56, 18, 25, 53]",516,33,1,2
34,"[1, 2, 3, 4, 5, 6, 7, 8, 9, 10]","[18, 15, 47, 86, 23, 91, 60, 73, 85, 67]",565,34,1,2
35,"[1, 2, 3, 4, 5, 6, 7, 8, 9, 10]","[93, 38, 33, 51, 93, 11, 26, 95, 15, 61]",516,35,1,2
36,"[1, 2, 3, 4, 5, 6, 7, 8, 9, 10]","[100, 94, 65, 59, 78, 41, 94, 80, 39, 94]",744,36,1,2
37,"[1, 2, 3, 4, 5, 6, 7, 8, 9, 10]","[81, 44, 44, 19, 49, 11, 46, 76, 13, 89]",472,37,1,2
38,"[1, 2, 3, 4, 5, 6, 7, 8, 9, 10]","[36, 21, 51, 97, 71, 78, 85, 49, 23, 88]",599,38,1,2
39,"[1, 2, 3, 4, 5, 6, 7, 8, 9, 10]","[94, 60, 31, 48, 22, 12, 26, 49, 20, 60]",422,39,1,2
40,"[1, 2, 3, 4, 5, 6, 7, 8, 9, 10]","[40, 99, 90, 38, 32, 17, 92, 59, 67, 98]",632,40,1,2
41,"[1, 2, 3, 4, 5, 6, 7, 8, 9, 10]","[46, 44, 50, 98, 45, 15, 69, 30, 14, 32]",443,41,1,19
42,"[1, 2, 3, 4, 5, 6, 7, 8, 9, 10]","[96, 26, 41, 72, 44, 78, 29, 71, 82, 40]",579,42,1,19
43,"[1, 2, 3, 4, 5, 6, 7, 8, 9, 10]","[74, 82, 45, 55, 70, 65, 26, 79, 39, 56]",591,43,1,19
44,"[1, 2, 3, 4, 5, 6, 7, 8, 9, 10]","[63, 48, 60, 48, 51, 76, 28, 84, 20, 45]",523,44,1,19
45,"[1, 2, 3, 4, 5, 6, 7, 8, 9, 10]","[61, 81, 27, 60, 98, 54, 92, 14, 38, 61]",586,45,1,19
46,"[1, 2, 3, 4, 5, 6, 7, 8, 9, 10]","[88, 42, 23, 23, 70, 44, 97, 61, 25, 83]",556,46,1,19
47,"[1, 2, 3, 4, 5, 6, 7, 8, 9, 10]","[80, 18, 87, 54, 100, 40, 58, 83, 59, 59]",638,47,1,19
48,"[1, 2, 3, 4, 5, 6, 7, 8, 9, 10]","[33, 35, 42, 23, 96, 47, 79, 98, 25, 26]",504,48,1,19
49,"[1, 2, 3, 4, 5, 6, 7, 8, 9, 10]","[78, 44, 30, 61, 14, 98, 21, 53, 21, 18]",438,49,1,19
50,"[1, 2, 3, 4, 5, 6, 7, 8, 9, 10]","[97, 72, 17, 70, 60, 49, 10, 96, 70, 59]",600,50,1,19
51,"[1, 2, 3, 4, 5, 6, 7, 8, 9, 10]","[32, 38, 32, 17, 17, 51, 76, 21, 45, 32]",361,51,1,4
52,"[1, 2, 3, 4, 5, 6, 7, 8, 9, 10]","[81, 34, 77, 72, 79, 100, 80, 48, 52, 89]",712,52,1,4
53,"[1, 2, 3, 4, 5, 6, 7, 8, 9, 10]","[71, 10, 36, 68, 82, 46, 29, 78, 95, 18]",533,53,1,4
54,"[1, 2, 3, 4, 5, 6, 7, 8, 9, 10]","[40, 18, 18, 96, 69, 48, 20, 46, 28, 44]",427,54,1,4
55,"[1, 2, 3, 4, 5, 6, 7, 8, 9, 10]","[97, 98, 45, 71, 73, 89, 78, 90, 25, 55]",721,55,1,4
56,"[1, 2, 3, 4, 5, 6, 7, 8, 9, 10]","[61, 28, 73, 49, 93, 71, 48, 34, 51, 52]",560,56,1,4
57,"[1, 2, 3, 4, 5, 6, 7, 8, 9, 10]","[37, 53, 59, 51, 28, 68, 92, 50, 68, 97]",603,57,1,4
58,"[1, 2, 3, 4, 5, 6, 7, 8, 9, 10]","[85, 95, 74, 42, 66, 99, 21, 66, 72, 47]",667,58,1,4
59,"[1, 2, 3, 4, 5, 6, 7, 8, 9, 10]","[42, 11, 99, 18, 62, 88, 16, 32, 53, 17]",438,59,1,4
60,"[1, 2, 3, 4, 5, 6, 7, 8, 9, 10]","[48, 27, 43, 59, 89, 66, 96, 86, 30, 82]",626,60,1,4
61,"[1, 2, 3, 4, 5, 6, 7, 8, 9, 10]","[63, 42, 83, 67, 49, 22, 29, 80, 91, 31]",557,61,1,24
62,"[1, 2, 3, 4, 5, 6, 7, 8, 9, 10]","[12, 17, 50, 98, 21, 24, 20, 87, 78, 36]",443,62,1,24
63,"[1, 2, 3, 4, 5, 6, 7, 8, 9, 10]","[45, 28, 70, 65, 94, 40, 13, 64, 20, 27]",466,63,1,24
64,"[1, 2, 3, 4, 5, 6, 7, 8, 9, 10]","[12, 76, 63, 68, 54, 80, 85, 24, 94, 11]",567,64,1,24
65,"[1, 2, 3, 4, 5, 6, 7, 8, 9, 10]","[10, 84, 56, 89, 71, 62, 15, 59, 84, 87]",617,65,1,24
66,"[1, 2, 3, 4, 5, 6, 7, 8, 9, 10]","[76, 63, 69, 77, 22, 76, 82, 12, 42, 53]",572,66,1,24
67,"[1, 2, 3, 4, 5, 6, 7, 8, 9, 10]","[15, 58, 92, 46, 89, 64, 76, 17, 49, 63]",569,67,1,24
68,"[1, 2, 3, 4, 5, 6, 7, 8, 9, 10]","[56, 55, 42, 41, 96, 65, 41, 79, 74, 70]",619,68,1,24
69,"[1, 2, 3, 4, 5, 6, 7, 8, 9, 10]","[32, 41, 47, 61, 95, 82, 15, 80, 29, 40]",522,69,1,24
70,"[1, 2, 3, 4, 5, 6, 7, 8, 9, 10]","[55, 29, 32, 11, 94, 56, 63, 50, 99, 56]",545,70,1,24
71,"[1, 2, 3, 4, 5, 6, 7, 8, 9, 10]","[14, 10, 42, 50, 59, 83, 60, 99, 57, 83]",557,71,1,13
72,"[1, 2, 3, 4, 5, 6, 7, 8, 9, 10]","[62, 50, 14, 56, 88, 80, 90, 92, 77, 86]",695,72,1,13
73,"[1, 2, 3, 4, 5, 6, 7, 8, 9, 10]","[26, 76, 45, 44, 74, 74, 60, 56, 27, 59]",541,73,1,13
74,"[1, 2, 3, 4, 5, 6, 7, 8, 9, 10]","[42, 35, 81, 55, 92, 37, 22, 100, 26, 67]",557,74,1,13
75,"[1, 2, 3, 4, 5, 6, 7, 8, 9, 10]","[94, 98, 55, 39, 93, 29, 23, 17, 66, 86]",600,75,1,13
76,"[1, 2, 3, 4, 5, 6, 7, 8, 9, 10]","[86, 68, 16, 87, 72, 99, 85, 24, 99, 94]",730,76,1,13
77,"[1, 2, 3, 4, 5, 6, 7, 8, 9, 10]","[93, 65, 23, 86, 88, 72, 56, 53, 37, 22]",595,77,1,13
78,"[1, 2, 3, 4, 5, 6, 7, 8, 9, 10]","[18, 24, 64, 55, 42, 45, 69, 93, 83, 83]",576,78,1,13
79,"[1, 2, 3, 4, 5, 6, 7, 8, 9, 10]","[65, 11, 40, 75, 41, 11, 60, 85, 87, 35]",510,79,1,13
80,"[1, 2, 3, 4, 5, 6, 7, 8, 9, 10]","[28, 24, 45, 68, 100, 18, 71, 83, 96, 65]",598,80,1,13
81,"[1, 2, 3, 4, 5, 6, 7, 8, 9, 10]","[66, 45, 71, 46, 13, 37, 79, 92, 44, 32]",525,81,1,10
82,"[1, 2, 3, 4, 5, 6, 7, 8, 9, 10]","[13, 54, 37, 65, 58, 67, 88, 37, 42, 84]",545,82,1,10
83,"[1, 2, 3, 4, 5, 6, 7, 8, 9, 10]","[78, 79, 38, 88, 71, 50, 66, 99, 58, 52]",679,83,1,10
84,"[1, 2, 3, 4, 5, 6, 7, 8, 9, 10]","[76, 12, 65, 63, 19, 88, 28, 53, 19, 89]",512,84,1,10
85,"[1, 2, 3, 4, 5, 6, 7, 8, 9, 10]","[19, 17, 14, 28, 46, 59, 35, 16, 23, 19]",276,85,1,10
86,"[1, 2, 3, 4, 5, 6, 7, 8, 9, 10]","[11, 68, 22, 67, 23, 16, 73, 22, 30, 14]",346,86,1,10
87,"[1, 2, 3, 4, 5, 6, 7, 8, 9, 10]","[96, 21, 82, 29, 83, 64, 98, 71, 55, 73]",672,87,1,10
88,"[1, 2, 3, 4, 5, 6, 7, 8, 9, 10]","[31, 88, 38, 80, 53, 51, 24, 69, 28, 29]",491,88,1,10
89,"[1, 2, 3, 4, 5, 6, 7, 8, 9, 10]","[99, 32, 59, 26, 21, 14, 46, 47, 65, 27]",436,89,1,10
90,"[1, 2, 3, 4, 5, 6, 7, 8, 9, 10]","[56, 14, 22, 39, 55, 49, 10, 11, 78, 96]",430,90,1,10
91,"[1, 2, 3, 4, 5, 6, 7, 8, 9, 10]","[59, 32, 77, 94, 69, 28, 60, 70, 72, 39]",600,91,1,9
92,"[1, 2, 3, 4, 5, 6, 7, 8, 9, 10]","[48, 56, 87, 44, 90, 65, 82, 87, 77, 33]",669,92,1,9
93,"[1, 2, 3, 4, 5, 6, 7, 8, 9, 10]","[16, 70, 88, 82, 12, 52, 62, 82, 94, 19]",577,93,1,9
94,"[1, 2, 3, 4, 5, 6, 7, 8, 9, 10]","[15, 81, 50, 67, 69, 52, 87, 32, 23, 78]",554,94,1,9
95,"[1, 2, 3, 4, 5, 6, 7, 8, 9, 10]","[81, 73, 30, 31, 47, 96, 27, 31, 62, 35]",513,95,1,9
96,"[1, 2, 3, 4, 5, 6, 7, 8, 9, 10]","[30, 60, 100, 100, 14, 90, 89, 83, 96, 53]",715,96,1,9
97,"[1, 2, 3, 4, 5, 6, 7, 8, 9, 10]","[19, 33, 83, 54, 69, 55, 79, 47, 85, 45]",569,97,1,9
98,"[1, 2, 3, 4, 5, 6, 7, 8, 9, 10]","[22, 17, 57, 42, 86, 33, 78, 20, 92, 42]",489,98,1,9
99,"[1, 2, 3, 4, 5, 6, 7, 8, 9, 10]","[53, 19, 59, 57, 54, 41, 93, 83, 76, 56]",591,99,1,9
100,"[1, 2, 3, 4, 5, 6, 7, 8, 9, 10]","[85, 68, 83, 76, 81, 97, 13, 35, 20, 56]",614,100,1,9
101,"[1, 2, 3, 4, 5, 6, 7, 8, 9, 10]","[72, 40, 83, 29, 46, 35, 13, 51, 63, 81]",513,101,2,18
102,"[1, 2, 3, 4, 5, 6, 7, 8, 9, 10]","[53, 32, 50, 53, 75, 90, 32, 97, 85, 90]",657,102,2,18
103,"[1, 2, 3, 4, 5, 6, 7, 8, 9, 10]","[30, 42, 16, 90, 98, 65, 65, 61, 55, 96]",618,103,2,18
104,"[1, 2, 3, 4, 5, 6, 7, 8, 9, 10]","[44, 22, 38, 20, 77, 59, 15, 14, 58, 24]",371,104,2,18
105,"[1, 2, 3, 4, 5, 6, 7, 8, 9, 10]","[57, 12, 15, 91, 59, 11, 54, 23, 64, 41]",427,105,2,18
106,"[1, 2, 3, 4, 5, 6, 7, 8, 9, 10]","[46, 97, 24, 51, 79, 100, 61, 10, 69, 35]",572,106,2,18
107,"[1, 2, 3, 4, 5, 6, 7, 8, 9, 10]","[30, 58, 63, 90, 55, 65, 35, 99, 89, 58]",642,107,2,18
108,"[1, 2, 3, 4, 5, 6, 7, 8, 9, 10]","[53, 76, 81, 23, 69, 39, 40, 42, 75, 26]",524,108,2,18
109,"[1, 2, 3, 4, 5, 6, 7, 8, 9, 10]","[96, 60, 57, 99, 81, 30, 50, 15, 24, 26]",538,109,2,18
110,"[1, 2, 3, 4, 5, 6, 7, 8, 9, 10]","[78, 94, 88, 10, 30, 91, 36, 10, 38, 20]",495,110,2,18
111,"[1, 2, 3, 4, 5, 6, 7, 8, 9, 10]","[70, 69, 64, 44, 38, 12, 16, 33, 85, 66]",497,111,2,23
112,"[1, 2, 3, 4, 5, 6, 7, 8, 9, 10]","[44, 44, 58, 27, 63, 88, 37, 50, 74, 30]",515,112,2,23
113,"[1, 2, 3, 4, 5, 6, 7, 8, 9, 10]","[44, 38, 37, 57, 48, 37, 64, 99, 57, 21]",502,113,2,23
114,"[1, 2, 3, 4, 5, 6, 7, 8, 9, 10]","[74, 23, 69, 20, 46, 35, 97, 28, 10, 80]",482,114,2,23
115,"[1, 2, 3, 4, 5, 6, 7, 8, 9, 10]","[54, 17, 29, 26, 37, 14, 54, 38, 41, 16]",326,115,2,23
116,"[1, 2, 3, 4, 5, 6, 7, 8, 9, 10]","[68, 95, 93, 73, 63, 73, 51, 85, 74, 66]",741,116,2,23
117,"[1, 2, 3, 4, 5, 6, 7, 8, 9, 10]","[60, 69, 92, 88, 98, 68, 16, 28, 63, 58]",640,117,2,23
118,"[1, 2, 3, 4, 5, 6, 7, 8, 9, 10]","[90, 52, 91, 88, 100, 70, 98, 93, 75, 60]",817,118,2,23
119,"[1, 2, 3, 4, 5, 6, 7, 8, 9, 10]","[63, 86, 94, 13, 24, 82, 27, 47, 17, 47]",500,119,2,23
120,"[1, 2, 3, 4, 5, 6, 7, 8, 9, 10]","[68, 58, 91, 45, 69, 42, 80, 44, 75, 92]",664,120,2,23
121,"[1, 2, 3, 4, 5, 6, 7, 8, 9, 10]","[65, 85, 23, 67, 26, 27, 97, 40, 28, 49]",507,121,2,21
122,"[1, 2, 3, 4, 5, 6, 7, 8, 9, 10]","[90, 22, 12, 54, 34, 81, 48, 83, 42, 57]",523,122,2,21
123,"[1, 2, 3, 4, 5, 6, 7, 8, 9, 10]","[45, 41, 63, 16, 37, 72, 15, 52, 36, 76]",453,123,2,21
124,"[1, 2, 3, 4, 5, 6, 7, 8, 9, 10]","[26, 92, 64, 76, 36, 45, 70, 94, 45, 81]",629,124,2,21
125,"[1, 2, 3, 4, 5, 6, 7, 8, 9, 10]","[60, 57, 78, 82, 22, 36, 83, 91, 77, 42]",628,125,2,21
126,"[1, 2, 3, 4, 5, 6, 7, 8, 9, 10]","[80, 92, 84, 47, 34, 82, 87, 63, 46, 62]",677,126,2,21
127,"[1, 2, 3, 4, 5, 6, 7, 8, 9, 10]","[33, 32, 45, 74, 22, 22, 84, 21, 86, 89]",508,127,2,21
128,"[1, 2, 3, 4, 5, 6, 7, 8, 9, 10]","[100, 37, 67, 37, 52, 58, 29, 64, 61, 50]",555,128,2,21
129,"[1, 2, 3, 4, 5, 6, 7, 8, 9, 10]","[63, 69, 33, 57, 42, 68, 79, 46, 57, 77]",591,129,2,21
130,"[1, 2, 3, 4, 5, 6, 7, 8, 9, 10]","[75, 69, 30, 29, 26, 17, 57, 78, 72, 75]",528,130,2,21
131,"[1, 2, 3, 4, 5, 6, 7, 8, 9, 10]","[66, 36, 61, 76, 22, 32, 60, 74, 13, 92]",532,131,2,16
132,"[1, 2, 3, 4, 5, 6, 7, 8, 9, 10]","[98, 14, 62, 51, 70, 17, 55, 75, 17, 100]",559,132,2,16
133,"[1, 2, 3, 4, 5, 6, 7, 8, 9, 10]","[10, 57, 73, 11, 52, 42, 69, 73, 40, 98]",525,133,2,16
134,"[1, 2, 3, 4, 5, 6, 7, 8, 9, 10]","[70, 98, 70, 88, 68, 72, 33, 44, 72, 33]",648,134,2,16
135,"[1, 2, 3, 4, 5, 6, 7, 8, 9, 10]","[63, 90, 34, 40, 20, 38, 14, 15, 31, 97]",442,135,2,16
136,"[1, 2, 3, 4, 5, 6, 7, 8, 9, 10]","[88, 69, 57, 24, 84, 80, 47, 98, 56, 58]",661,136,2,16
137,"[1, 2, 3, 4, 5, 6, 7, 8, 9, 10]","[42, 71, 99, 45, 46, 27, 88, 66, 36, 81]",601,137,2,16
138,"[1, 2, 3, 4, 5, 6, 7, 8, 9, 10]","[47, 42, 76, 36, 20, 42, 63, 80, 82, 24]",512,138,2,16
139,"[1, 2, 3, 4, 5, 6, 7, 8, 9, 10]","[59, 82, 41, 26, 68, 30, 26, 28, 82, 53]",495,139,2,16
140,"[1, 2, 3, 4, 5, 6, 7, 8, 9, 10]","[61, 93, 23, 47, 67, 30, 46, 81, 76, 54]",578,140,2,16
141,"[1, 2, 3, 4, 5, 6, 7, 8, 9, 10]","[83, 19, 96, 22, 77, 23, 92, 29, 68, 15]",524,141,2,4
142,"[1, 2, 3, 4, 5, 6, 7, 8, 9, 10]","[36, 86, 18, 81, 11, 80, 51, 33, 98, 83]",577,142,2,4
143,"[1, 2, 3, 4, 5, 6, 7, 8, 9, 10]","[57, 49, 91, 11, 28, 50, 93, 61, 83, 38]",561,143,2,4
144,"[1, 2, 3, 4, 5, 6, 7, 8, 9, 10]","[85, 74, 67, 100, 47, 97, 16, 69, 97, 99]",751,144,2,4
145,"[1, 2, 3, 4, 5, 6, 7, 8, 9, 10]","[30, 82, 46, 23, 85, 15, 43, 83, 28, 25]",460,145,2,4
146,"[1, 2, 3, 4, 5, 6, 7, 8, 9, 10]","[26, 58, 23, 50, 35, 13, 39, 50, 85, 67]",446,146,2,4
147,"[1, 2, 3, 4, 5, 6, 7, 8, 9, 10]","[44, 96, 79, 95, 59, 57, 53, 19, 18, 35]",555,147,2,4
148,"[1, 2, 3, 4, 5, 6, 7, 8, 9, 10]","[72, 91, 59, 32, 60, 57, 39, 59, 47, 40]",556,148,2,4
149,"[1, 2, 3, 4, 5, 6, 7, 8, 9, 10]","[64, 47, 60, 10, 52, 52, 17, 86, 76, 23]",487,149,2,4
150,"[1, 2, 3, 4, 5, 6, 7, 8, 9, 10]","[30, 59, 74, 85, 100, 45, 40, 73, 25, 23]",554,150,2,4
151,"[1, 2, 3, 4, 5, 6, 7, 8, 9, 10]","[14, 90, 80, 71, 49, 29, 49, 92, 15, 52]",541,151,2,19
152,"[1, 2, 3, 4, 5, 6, 7, 8, 9, 10]","[80, 60, 36, 11, 68, 92, 78, 58, 19, 46]",548,152,2,19
153,"[1, 2, 3, 4, 5, 6, 7, 8, 9, 10]","[54, 45, 96, 96, 46, 29, 60, 94, 14, 59]",593,153,2,19
154,"[1, 2, 3, 4, 5, 6, 7, 8, 9, 10]","[25, 80, 61, 26, 78, 10, 22, 46, 20, 91]",459,154,2,19
155,"[1, 2, 3, 4, 5, 6, 7, 8, 9, 10]","[50, 12, 70, 80, 64, 34, 44, 39, 75, 53]",521,155,2,19
156,"[1, 2, 3, 4, 5, 6, 7, 8, 9, 10]","[82, 30, 45, 36, 35, 77, 83, 18, 13, 20]",439,156,2,19
157,"[1, 2, 3, 4, 5, 6, 7, 8, 9, 10]","[93, 90, 43, 87, 83, 71, 95, 63, 68, 94]",787,157,2,19
158,"[1, 2, 3, 4, 5, 6, 7, 8, 9, 10]","[69, 70, 28, 82, 64, 36, 25, 54, 69, 79]",576,158,2,19
159,"[1, 2, 3, 4, 5, 6, 7, 8, 9, 10]","[33, 65, 73, 19, 100, 23, 78, 14, 98, 80]",583,159,2,19
160,"[1, 2, 3, 4, 5, 6, 7, 8, 9, 10]","[78, 90, 10, 72, 22, 32, 20, 50, 17, 78]",469,160,2,19
161,"[1, 2, 3, 4, 5, 6, 7, 8, 9, 10]","[60, 95, 13, 50, 52, 65, 50, 60, 23, 24]",492,161,2,13
162,"[1, 2, 3, 4, 5, 6, 7, 8, 9, 10]","[82, 89, 30, 99, 30, 45, 33, 56, 81, 62]",607,162,2,13
163,"[1, 2, 3, 4, 5, 6, 7, 8, 9, 10]","[16, 27, 15, 68, 87, 78, 45, 69, 92, 61]",558,163,2,13
164,"[1, 2, 3, 4, 5, 6, 7, 8, 9, 10]","[31, 69, 40, 26, 95, 71, 85, 35, 31, 51]",534,164,2,13
165,"[1, 2, 3, 4, 5, 6, 7, 8, 9, 10]","[76, 78, 17, 73, 10, 63, 41, 55, 67, 26]",506,165,2,13
166,"[1, 2, 3, 4, 5, 6, 7, 8, 9, 10]","[68, 92, 42, 63, 38, 30, 91, 95, 45, 48]",612,166,2,13
167,"[1, 2, 3, 4, 5, 6, 7, 8, 9, 10]","[21, 39, 27, 62, 36, 44, 27, 90, 30, 90]",466,167,2,13
168,"[1, 2, 3, 4, 5, 6, 7, 8, 9, 10]","[38, 45, 71, 76, 73, 97, 19, 96, 31, 86]",632,168,2,13
169,"[1, 2, 3, 4, 5, 6, 7, 8, 9, 10]","[74, 70, 97, 15, 38, 31, 34, 37, 42, 98]",536,169,2,13
170,"[1, 2, 3, 4, 5, 6, 7, 8, 9, 10]","[52, 52, 16, 52, 75, 33, 78, 39, 54, 93]",544,170,2,13
171,"[1, 2, 3, 4, 5, 6, 7, 8, 9, 10]","[27, 84, 68, 36, 61, 65, 96, 27, 69, 76]",609,171,2,24
172,"[1, 2, 3, 4, 5, 6, 7, 8, 9, 10]","[25, 87, 25, 15, 24, 83, 78, 82, 33, 30]",482,172,2,24
173,"[1, 2, 3, 4, 5, 6, 7, 8, 9, 10]","[35, 31, 51, 35, 69, 51, 52, 10, 80, 58]",472,173,2,24
174,"[1, 2, 3, 4, 5, 6, 7, 8, 9, 10]","[42, 36, 52, 90, 45, 24, 70, 24, 36, 23]",442,174,2,24
175,"[1, 2, 3, 4, 5, 6, 7, 8, 9, 10]","[75, 76, 27, 97, 86, 23, 79, 62, 84, 40]",649,175,2,24
176,"[1, 2, 3, 4, 5, 6, 7, 8, 9, 10]","[20, 82, 56, 30, 69, 21, 45, 92, 12, 98]",525,176,2,24
177,"[1, 2, 3, 4, 5, 6, 7, 8, 9, 10]","[48, 38, 80, 19, 15, 64, 68, 28, 16, 47]",423,177,2,24
178,"[1, 2, 3, 4, 5, 6, 7, 8, 9, 10]","[58, 97, 71, 81, 77, 42, 95, 100, 15, 88]",724,178,2,24
179,"[1, 2, 3, 4, 5, 6, 7, 8, 9, 10]","[73, 46, 68, 76, 61, 72, 71, 53, 45, 86]",651,179,2,24
180,"[1, 2, 3, 4, 5, 6, 7, 8, 9, 10]","[19, 88, 31, 29, 84, 86, 63, 64, 66, 64]",594,180,2,24
181,"[1, 2, 3, 4, 5, 6, 7, 8, 9, 10]","[37, 49, 60, 27, 25, 77, 80, 23, 45, 80]",503,181,2,2
182,"[1, 2, 3, 4, 5, 6, 7, 8, 9, 10]","[57, 36, 67, 48, 57, 84, 50, 43, 65, 90]",597,182,2,2
183,"[1, 2, 3, 4, 5, 6, 7, 8, 9, 10]","[40, 83, 97, 65, 67, 86, 97, 14, 46, 92]",687,183,2,2
184,"[1, 2, 3, 4, 5, 6, 7, 8, 9, 10]","[85, 52, 37, 18, 26, 47, 99, 36, 30, 96]",526,184,2,2
185,"[1, 2, 3, 4, 5, 6, 7, 8, 9, 10]","[40, 57, 79, 48, 95, 52, 11, 58, 89, 74]",603,185,2,2
186,"[1, 2, 3, 4, 5, 6, 7, 8, 9, 10]","[36, 53, 36, 56, 57, 62, 89, 83, 54, 98]",624,186,2,2
187,"[1, 2, 3, 4, 5, 6, 7, 8, 9, 10]","[60, 76, 55, 97, 68, 20, 52, 17, 82, 48]",575,187,2,2
188,"[1, 2, 3, 4, 5, 6, 7, 8, 9, 10]","[60, 97, 35, 68, 10, 54, 18, 69, 75, 33]",519,188,2,2
189,"[1, 2, 3, 4, 5, 6, 7, 8, 9, 10]","[73, 63, 23, 28, 42, 91, 92, 28, 95, 56]",591,189,2,2
190,"[1, 2, 3, 4, 5, 6, 7, 8, 9, 10]","[51, 53, 11, 17, 22, 14, 43, 26, 39, 87]",363,190,2,2
191,"[1, 2, 3, 4, 5, 6, 7, 8, 9, 10]","[18, 42, 87, 98, 14, 76, 32, 30, 57, 47]",501,191,2,17
192,"[1, 2, 3, 4, 5, 6, 7, 8, 9, 10]","[23, 31, 55, 68, 88, 77, 33, 85, 57, 19]",536,192,2,17
193,"[1, 2, 3, 4, 5, 6, 7, 8, 9, 10]","[23, 32, 13, 11, 38, 29, 22, 73, 73, 83]",397,193,2,17
194,"[1, 2, 3, 4, 5, 6, 7, 8, 9, 10]","[36, 73, 54, 52, 73, 86, 19, 43, 69, 98]",603,194,2,17
195,"[1, 2, 3, 4, 5, 6, 7, 8, 9, 10]","[31, 87, 100, 97, 70, 67, 34, 43, 20, 44]",593,195,2,17
196,"[1, 2, 3, 4, 5, 6, 7, 8, 9, 10]","[35, 20, 36, 97, 19, 50, 74, 68, 16, 69]",484,196,2,17
197,"[1, 2, 3, 4, 5, 6, 7, 8, 9, 10]","[94, 78, 32, 53, 66, 50, 18, 17, 15, 23]",446,197,2,17
198,"[1, 2, 3, 4, 5, 6, 7, 8, 9, 10]","[50, 89, 29, 56, 63, 90, 36, 20, 69, 18]",520,198,2,17
199,"[1, 2, 3, 4, 5, 6, 7, 8, 9, 10]","[16, 16, 64, 37, 17, 65, 44, 34, 47, 22]",362,199,2,17
200,"[1, 2, 3, 4, 5, 6, 7, 8, 9, 10]","[77, 97, 49, 76, 14, 67, 69, 59, 38, 47]",593,200,2,17
201,"[1, 2, 3, 4, 5, 6, 7, 8, 9, 10]","[76, 95, 95, 75, 19, 33, 92, 61, 58, 76]",680,201,3,9
202,"[1, 2, 3, 4, 5, 6, 7, 8, 9, 10]","[32, 69, 88, 62, 97, 49, 70, 72, 83, 86]",708,202,3,9
203,"[1, 2, 3, 4, 5, 6, 7, 8, 9, 10]","[64, 64, 27, 13, 21, 66, 83, 39, 35, 41]",453,203,3,9
204,"[1, 2, 3, 4, 5, 6, 7, 8, 9, 10]","[92, 85, 78, 100, 16, 51, 18, 74, 86, 37]",637,204,3,9
205,"[1, 2, 3, 4, 5, 6, 7, 8, 9, 10]","[78, 82, 82, 76, 22, 22, 59, 96, 51, 10]",578,205,3,9
206,"[1, 2, 3, 4, 5, 6, 7, 8, 9, 10]","[33, 58, 57, 44, 81, 90, 56, 93, 89, 94]",695,206,3,9
207,"[1, 2, 3, 4, 5, 6, 7, 8, 9, 10]","[85, 100, 90, 20, 39, 96, 100, 44, 43, 29]",646,207,3,9
208,"[1, 2, 3, 4, 5, 6, 7, 8, 9, 10]","[80, 100, 10, 63, 51, 65, 79, 84, 91, 10]",633,208,3,9
209,"[1, 2, 3, 4, 5, 6, 7, 8, 9, 10]","[18, 100, 19, 57, 10, 19, 25, 16, 92, 79]",435,209,3,9
210,"[1, 2, 3, 4, 5, 6, 7, 8, 9, 10]","[95, 71, 28, 45, 78, 49, 11, 10, 29, 87]",503,210,3,9
211,"[1, 2, 3, 4, 5, 6, 7, 8, 9, 10]","[41, 94, 98, 58, 23, 18, 18, 41, 46, 71]",508,211,3,21
212,"[1, 2, 3, 4, 5, 6, 7, 8, 9, 10]","[15, 83, 68, 51, 48, 85, 16, 46, 31, 75]",518,212,3,21
213,"[1, 2, 3, 4, 5, 6, 7, 8, 9, 10]","[76, 21, 87, 92, 90, 77, 81, 38, 57, 57]",676,213,3,21
214,"[1, 2, 3, 4, 5, 6, 7, 8, 9, 10]","[99, 21, 92, 19, 56, 43, 49, 50, 53, 55]",537,214,3,21
215,"[1, 2, 3, 4, 5, 6, 7, 8, 9, 10]","[32, 85, 65, 37, 85, 82, 39, 19, 46, 62]",552,215,3,21
216,"[1, 2, 3, 4, 5, 6, 7, 8, 9, 10]","[15, 50, 41, 71, 72, 22, 23, 20, 12, 100]",426,216,3,21
217,"[1, 2, 3, 4, 5, 6, 7, 8, 9, 10]","[34, 21, 85, 96, 96, 48, 55, 24, 51, 41]",551,217,3,21
218,"[1, 2, 3, 4, 5, 6, 7, 8, 9, 10]","[25, 67, 43, 75, 87, 89, 44, 86, 19, 82]",617,218,3,21
219,"[1, 2, 3, 4, 5, 6, 7, 8, 9, 10]","[29, 58, 43, 85, 67, 66, 43, 14, 34, 43]",482,219,3,21
220,"[1, 2, 3, 4, 5, 6, 7, 8, 9, 10]","[37, 35, 56, 84, 61, 68, 78, 10, 59, 62]",550,220,3,21
221,"[1, 2, 3, 4, 5, 6, 7, 8, 9, 10]","[97, 24, 87, 93, 88, 72, 70, 18, 95, 90]",734,221,3,24
222,"[1, 2, 3, 4, 5, 6, 7, 8, 9, 10]","[54, 73, 28, 91, 81, 11, 67, 29, 21, 12]",467,222,3,24
223,"[1, 2, 3, 4, 5, 6, 7, 8, 9, 10]","[36, 39, 58, 89, 69, 19, 72, 68, 10, 20]",480,223,3,24
224,"[1, 2, 3, 4, 5, 6, 7, 8, 9, 10]","[86, 89, 29, 83, 19, 99, 68, 37, 51, 46]",607,224,3,24
225,"[1, 2, 3, 4, 5, 6, 7, 8, 9, 10]","[71, 33, 49, 65, 54, 28, 24, 32, 99, 30]",485,225,3,24
226,"[1, 2, 3, 4, 5, 6, 7, 8, 9, 10]","[72, 100, 50, 69, 51, 10, 15, 28, 53, 31]",479,226,3,24
227,"[1, 2, 3, 4, 5, 6, 7, 8, 9, 10]","[74, 72, 46, 100, 12, 27, 87, 19, 36, 67]",540,227,3,24
228,"[1, 2, 3, 4, 5, 6, 7, 8, 9, 10]","[50, 79, 94, 18, 91, 79, 80, 60, 68, 69]",688,228,3,24
229,"[1, 2, 3, 4, 5, 6, 7, 8, 9, 10]","[53, 64, 28, 65, 14, 94, 53, 89, 15, 15]",490,229,3,24
230,"[1, 2, 3, 4, 5, 6, 7, 8, 9, 10]","[47, 46, 65, 55, 36, 27, 71, 32, 95, 78]",552,230,3,24
231,"[1, 2, 3, 4, 5, 6, 7, 8, 9, 10]","[78, 63, 83, 53, 33, 22, 30, 57, 29, 99]",547,231,3,2
232,"[1, 2, 3, 4, 5, 6, 7, 8, 9, 10]","[93, 46, 39, 24, 38, 80, 60, 85, 85, 25]",575,232,3,2
233,"[1, 2, 3, 4, 5, 6, 7, 8, 9, 10]","[66, 22, 34, 49, 43, 63, 91, 39, 54, 19]",480,233,3,2
234,"[1, 2, 3, 4, 5, 6, 7, 8, 9, 10]","[10, 100, 61, 25, 52, 60, 99, 37, 44, 20]",508,234,3,2
235,"[1, 2, 3, 4, 5, 6, 7, 8, 9, 10]","[81, 11, 27, 16, 69, 26, 77, 17, 43, 21]",388,235,3,2
236,"[1, 2, 3, 4, 5, 6, 7, 8, 9, 10]","[49, 35, 51, 43, 43, 17, 88, 54, 51, 22]",453,236,3,2
237,"[1, 2, 3, 4, 5, 6, 7, 8, 9, 10]","[39, 45, 38, 58, 47, 79, 41, 31, 58, 72]",508,237,3,2
238,"[1, 2, 3, 4, 5, 6, 7, 8, 9, 10]","[27, 66, 86, 96, 49, 94, 14, 61, 26, 42]",561,238,3,2
239,"[1, 2, 3, 4, 5, 6, 7, 8, 9, 10]","[72, 59, 61, 56, 57, 38, 21, 91, 100, 46]",601,239,3,2
240,"[1, 2, 3, 4, 5, 6, 7, 8, 9, 10]","[34, 17, 69, 70, 84, 44, 74, 75, 15, 17]",499,240,3,2
241,"[1, 2, 3, 4, 5, 6, 7, 8, 9, 10]","[93, 56, 70, 93, 18, 96, 47, 16, 94, 52]",635,241,3,15
242,"[1, 2, 3, 4, 5, 6, 7, 8, 9, 10]","[82, 66, 47, 95, 95, 89, 39, 70, 45, 62]",690,242,3,15
243,"[1, 2, 3, 4, 5, 6, 7, 8, 9, 10]","[36, 58, 100, 92, 80, 78, 51, 78, 56, 55]",684,243,3,15
244,"[1, 2, 3, 4, 5, 6, 7, 8, 9, 10]","[39, 23, 60, 50, 99, 47, 82, 88, 33, 65]",586,244,3,15
245,"[1, 2, 3, 4, 5, 6, 7, 8, 9, 10]","[52, 10, 80, 60, 49, 62, 93, 67, 89, 18]",580,245,3,15
246,"[1, 2, 3, 4, 5, 6, 7, 8, 9, 10]","[89, 38, 90, 30, 86, 92, 71, 73, 78, 17]",664,246,3,15
247,"[1, 2, 3, 4, 5, 6, 7, 8, 9, 10]","[19, 23, 18, 99, 92, 78, 52, 31, 21, 27]",460,247,3,15
248,"[1, 2, 3, 4, 5, 6, 7, 8, 9, 10]","[50, 92, 39, 91, 31, 28, 56, 95, 13, 27]",522,248,3,15
249,"[1, 2, 3, 4, 5, 6, 7, 8, 9, 10]","[41, 96, 32, 32, 62, 10, 18, 15, 48, 86]",440,249,3,15
250,"[1, 2, 3, 4, 5, 6, 7, 8, 9, 10]","[62, 21, 40, 24, 82, 22, 64, 67, 50, 17]",449,250,3,15
251,"[1, 2, 3, 4, 5, 6, 7, 8, 9, 10]","[81, 50, 60, 56, 16, 62, 52, 76, 84, 25]",562,251,3,12
252,"[1, 2, 3, 4, 5, 6, 7, 8, 9, 10]","[80, 60, 42, 23, 58, 35, 45, 22, 76, 42]",483,252,3,12
253,"[1, 2, 3, 4, 5, 6, 7, 8, 9, 10]","[51, 47, 45, 68, 71, 76, 21, 84, 12, 31]",506,253,3,12
254,"[1, 2, 3, 4, 5, 6, 7, 8, 9, 10]","[57, 86, 91, 52, 51, 93, 26, 58, 68, 28]",610,254,3,12
255,"[1, 2, 3, 4, 5, 6, 7, 8, 9, 10]","[39, 74, 34, 19, 12, 20, 100, 18, 13, 26]",355,255,3,12
256,"[1, 2, 3, 4, 5, 6, 7, 8, 9, 10]","[42, 64, 58, 39, 12, 79, 49, 83, 93, 55]",574,256,3,12
257,"[1, 2, 3, 4, 5, 6, 7, 8, 9, 10]","[95, 69, 47, 24, 40, 28, 25, 40, 78, 60]",506,257,3,12
258,"[1, 2, 3, 4, 5, 6, 7, 8, 9, 10]","[23, 95, 19, 46, 37, 30, 88, 93, 15, 36]",482,258,3,12
259,"[1, 2, 3, 4, 5, 6, 7, 8, 9, 10]","[45, 35, 65, 47, 11, 26, 88, 10, 17, 95]",439,259,3,12
260,"[1, 2, 3, 4, 5, 6, 7, 8, 9, 10]","[63, 50, 82, 72, 25, 53, 73, 48, 81, 38]",585,260,3,12
261,"[1, 2, 3, 4, 5, 6, 7, 8, 9, 10]","[42, 38, 75, 51, 14, 23, 63, 22, 57, 53]",438,261,3,5
262,"[1, 2, 3, 4, 5, 6, 7, 8, 9, 10]","[81, 98, 95, 72, 25, 51, 62, 36, 36, 67]",623,262,3,5
263,"[1, 2, 3, 4, 5, 6, 7, 8, 9, 10]","[24, 25, 50, 28, 58, 99, 30, 57, 49, 34]",454,263,3,5
264,"[1, 2, 3, 4, 5, 6, 7, 8, 9, 10]","[93, 63, 44, 46, 18, 70, 83, 15, 60, 12]",504,264,3,5
265,"[1, 2, 3, 4, 5, 6, 7, 8, 9, 10]","[68, 68, 100, 17, 20, 34, 31, 62, 72, 15]",487,265,3,5
266,"[1, 2, 3, 4, 5, 6, 7, 8, 9, 10]","[55, 75, 91, 76, 59, 82, 26, 43, 20, 20]",547,266,3,5
267,"[1, 2, 3, 4, 5, 6, 7, 8, 9, 10]","[99, 74, 67, 81, 95, 44, 59, 49, 33, 30]",631,267,3,5
268,"[1, 2, 3, 4, 5, 6, 7, 8, 9, 10]","[30, 68, 17, 70, 57, 28, 85, 33, 41, 40]",469,268,3,5
269,"[1, 2, 3, 4, 5, 6, 7, 8, 9, 10]","[54, 56, 24, 56, 98, 99, 63, 90, 33, 67]",640,269,3,5
270,"[1, 2, 3, 4, 5, 6, 7, 8, 9, 10]","[88, 68, 82, 17, 79, 14, 81, 39, 28, 14]",510,270,3,5
271,"[1, 2, 3, 4, 5, 6, 7, 8, 9, 10]","[44, 59, 30, 33, 73, 68, 16, 56, 71, 13]",463,271,3,6
272,"[1, 2, 3, 4, 5, 6, 7, 8, 9, 10]","[20, 14, 15, 21, 50, 10, 95, 80, 37, 26]",368,272,3,6
273,"[1, 2, 3, 4, 5, 6, 7, 8, 9, 10]","[59, 35, 71, 72, 44, 93, 64, 11, 80, 17]",546,273,3,6
274,"[1, 2, 3, 4, 5, 6, 7, 8, 9, 10]","[18, 18, 44, 97, 26, 57, 58, 72, 26, 96]",512,274,3,6
275,"[1, 2, 3, 4, 5, 6, 7, 8, 9, 10]","[52, 64, 12, 99, 57, 43, 25, 45, 41, 21]",459,275,3,6
276,"[1, 2, 3, 4, 5, 6, 7, 8, 9, 10]","[59, 39, 48, 36, 78, 56, 82, 41, 99, 65]",603,276,3,6
277,"[1, 2, 3, 4, 5, 6, 7, 8, 9, 10]","[55, 22, 54, 48, 79, 45, 64, 46, 66, 14]",493,277,3,6
278,"[1, 2, 3, 4, 5, 6, 7, 8, 9, 10]","[60, 37, 28, 58, 49, 23, 12, 38, 68, 62]",435,278,3,6
279,"[1, 2, 3, 4, 5, 6, 7, 8, 9, 10]","[28, 45, 29, 52, 56, 42, 92, 25, 59, 56]",484,279,3,6
280,"[1, 2, 3, 4, 5, 6, 7, 8, 9, 10]","[33, 19, 43, 40, 52, 87, 64, 100, 46, 18]",502,280,3,6
281,"[1, 2, 3, 4, 5, 6, 7, 8, 9, 10]","[77, 82, 84, 18, 94, 80, 67, 22, 56, 51]",631,281,3,16
282,"[1, 2, 3, 4, 5, 6, 7, 8, 9, 10]","[63, 69, 18, 34, 43, 42, 56, 21, 56, 12]",414,282,3,16
283,"[1, 2, 3, 4, 5, 6, 7, 8, 9, 10]","[90, 11, 57, 45, 74, 93, 43, 16, 34, 96]",559,283,3,16
284,"[1, 2, 3, 4, 5, 6, 7, 8, 9, 10]","[26, 95, 30, 24, 97, 28, 89, 41, 43, 93]",566,284,3,16
285,"[1, 2, 3, 4, 5, 6, 7, 8, 9, 10]","[18, 75, 32, 30, 41, 74, 64, 33, 31, 34]",432,285,3,16
286,"[1, 2, 3, 4, 5, 6, 7, 8, 9, 10]","[12, 12, 24, 97, 73, 73, 57, 47, 95, 10]",500,286,3,16
287,"[1, 2, 3, 4, 5, 6, 7, 8, 9, 10]","[67, 38, 93, 36, 18, 82, 66, 27, 51, 11]",489,287,3,16
288,"[1, 2, 3, 4, 5, 6, 7, 8, 9, 10]","[60, 10, 50, 77, 60, 33, 52, 45, 87, 54]",528,288,3,16
289,"[1, 2, 3, 4, 5, 6, 7, 8, 9, 10]","[40, 90, 21, 50, 86, 34, 79, 79, 24, 44]",547,289,3,16
290,"[1, 2, 3, 4, 5, 6, 7, 8, 9, 10]","[46, 38, 10, 98, 31, 42, 20, 40, 23, 34]",382,290,3,16
291,"[1, 2, 3, 4, 5, 6, 7, 8, 9, 10]","[38, 27, 94, 14, 21, 13, 30, 32, 28, 56]",353,291,3,7
292,"[1, 2, 3, 4, 5, 6, 7, 8, 9, 10]","[35, 77, 43, 23, 43, 20, 20, 61, 73, 91]",486,292,3,7
293,"[1, 2, 3, 4, 5, 6, 7, 8, 9, 10]","[82, 39, 25, 53, 54, 52, 27, 67, 62, 70]",531,293,3,7
294,"[1, 2, 3, 4, 5, 6, 7, 8, 9, 10]","[59, 64, 11, 74, 79, 72, 65, 21, 23, 94]",562,294,3,7
295,"[1, 2, 3, 4, 5, 6, 7, 8, 9, 10]","[19, 67, 45, 13, 33, 76, 98, 67, 32, 94]",544,295,3,7
296,"[1, 2, 3, 4, 5, 6, 7, 8, 9, 10]","[15, 75, 50, 51, 33, 78, 89, 99, 53, 76]",619,296,3,7
297,"[1, 2, 3, 4, 5, 6, 7, 8, 9, 10]","[76, 21, 32, 25, 30, 55, 65, 18, 48, 84]",454,297,3,7
298,"[1, 2, 3, 4, 5, 6, 7, 8, 9, 10]","[93, 83, 58, 70, 64, 88, 77, 90, 11, 20]",654,298,3,7
299,"[1, 2, 3, 4, 5, 6, 7, 8, 9, 10]","[77, 39, 85, 25, 88, 14, 26, 72, 66, 21]",513,299,3,7
300,"[1, 2, 3, 4, 5, 6, 7, 8, 9, 10]","[22, 21, 80, 52, 40, 29, 96, 76, 60, 90]",566,300,3,7
301,"[1, 2, 3, 4, 5, 6, 7, 8, 9, 10]","[22, 67, 47, 22, 26, 22, 27, 34, 83, 78]",428,301,4,17
302,"[1, 2, 3, 4, 5, 6, 7, 8, 9, 10]","[95, 65, 11, 60, 90, 91, 93, 33, 98, 43]",679,302,4,17
303,"[1, 2, 3, 4, 5, 6, 7, 8, 9, 10]","[81, 87, 79, 34, 15, 10, 29, 69, 29, 88]",521,303,4,17
304,"[1, 2, 3, 4, 5, 6, 7, 8, 9, 10]","[69, 24, 11, 22, 26, 84, 95, 35, 22, 32]",420,304,4,17
305,"[1, 2, 3, 4, 5, 6, 7, 8, 9, 10]","[55, 33, 56, 93, 74, 75, 84, 28, 41, 36]",575,305,4,17
306,"[1, 2, 3, 4, 5, 6, 7, 8, 9, 10]","[77, 16, 72, 38, 31, 65, 98, 76, 68, 39]",580,306,4,17
307,"[1, 2, 3, 4, 5, 6, 7, 8, 9, 10]","[37, 39, 49, 31, 13, 70, 58, 11, 44, 11]",363,307,4,17
308,"[1, 2, 3, 4, 5, 6, 7, 8, 9, 10]","[91, 86, 44, 81, 80, 79, 86, 91, 38, 69]",745,308,4,17
309,"[1, 2, 3, 4, 5, 6, 7, 8, 9, 10]","[75, 64, 73, 100, 91, 50, 88, 43, 55, 79]",718,309,4,17
310,"[1, 2, 3, 4, 5, 6, 7, 8, 9, 10]","[72, 20, 63, 91, 100, 91, 25, 41, 29, 47]",579,310,4,17
311,"[1, 2, 3, 4, 5, 6, 7, 8, 9, 10]","[34, 31, 19, 57, 26, 71, 92, 70, 75, 47]",522,311,4,9
312,"[1, 2, 3, 4, 5, 6, 7, 8, 9, 10]","[69, 35, 98, 14, 73, 34, 93, 95, 53, 43]",607,312,4,9
313,"[1, 2, 3, 4, 5, 6, 7, 8, 9, 10]","[15, 59, 66, 49, 89, 99, 100, 94, 92, 67]",730,313,4,9
314,"[1, 2, 3, 4, 5, 6, 7, 8, 9, 10]","[26, 72, 86, 11, 67, 73, 45, 73, 76, 41]",570,314,4,9
315,"[1, 2, 3, 4, 5, 6, 7, 8, 9, 10]","[78, 42, 75, 99, 47, 79, 66, 100, 58, 32]",676,315,4,9
316,"[1, 2, 3, 4, 5, 6, 7, 8, 9, 10]","[17, 38, 51, 32, 88, 49, 10, 78, 86, 85]",534,316,4,9
317,"[1, 2, 3, 4, 5, 6, 7, 8, 9, 10]","[35, 44, 93, 22, 37, 83, 43, 98, 15, 12]",482,317,4,9
318,"[1, 2, 3, 4, 5, 6, 7, 8, 9, 10]","[73, 91, 79, 97, 44, 54, 42, 45, 58, 35]",618,318,4,9
319,"[1, 2, 3, 4, 5, 6, 7, 8, 9, 10]","[86, 68, 66, 97, 23, 50, 96, 49, 10, 11]",556,319,4,9
320,"[1, 2, 3, 4, 5, 6, 7, 8, 9, 10]","[35, 28, 68, 25, 64, 49, 49, 20, 12, 26]",376,320,4,9
321,"[1, 2, 3, 4, 5, 6, 7, 8, 9, 10]","[93, 85, 39, 64, 59, 67, 56, 22, 90, 71]",646,321,4,3
322,"[1, 2, 3, 4, 5, 6, 7, 8, 9, 10]","[40, 44, 72, 18, 72, 62, 35, 26, 20, 34]",423,322,4,3
323,"[1, 2, 3, 4, 5, 6, 7, 8, 9, 10]","[74, 75, 37, 68, 74, 58, 33, 57, 15, 99]",590,323,4,3
324,"[1, 2, 3, 4, 5, 6, 7, 8, 9, 10]","[37, 10, 52, 23, 29, 64, 51, 22, 68, 34]",390,324,4,3
325,"[1, 2, 3, 4, 5, 6, 7, 8, 9, 10]","[34, 61, 31, 10, 100, 18, 41, 30, 14, 18]",357,325,4,3
326,"[1, 2, 3, 4, 5, 6, 7, 8, 9, 10]","[50, 39, 39, 89, 17, 84, 49, 19, 93, 98]",577,326,4,3
327,"[1, 2, 3, 4, 5, 6, 7, 8, 9, 10]","[75, 58, 50, 17, 80, 10, 70, 50, 25, 99]",534,327,4,3
328,"[1, 2, 3, 4, 5, 6, 7, 8, 9, 10]","[95, 35, 71, 48, 94, 39, 35, 44, 58, 91]",610,328,4,3
329,"[1, 2, 3, 4, 5, 6, 7, 8, 9, 10]","[56, 49, 34, 70, 70, 19, 38, 94, 10, 72]",512,329,4,3
330,"[1, 2, 3, 4, 5, 6, 7, 8, 9, 10]","[94, 38, 15, 73, 35, 79, 95, 38, 53, 77]",597,330,4,3
331,"[1, 2, 3, 4, 5, 6, 7, 8, 9, 10]","[55, 67, 33, 95, 15, 81, 29, 75, 78, 13]",541,331,4,6
332,"[1, 2, 3, 4, 5, 6, 7, 8, 9, 10]","[10, 97, 46, 33, 91, 91, 62, 44, 64, 29]",567,332,4,6
333,"[1, 2, 3, 4, 5, 6, 7, 8, 9, 10]","[93, 34, 49, 77, 64, 88, 97, 84, 35, 36]",657,333,4,6
334,"[1, 2, 3, 4, 5, 6, 7, 8, 9, 10]","[26, 93, 43, 35, 15, 51, 24, 97, 40, 60]",484,334,4,6
335,"[1, 2, 3, 4, 5, 6, 7, 8, 9, 10]","[17, 87, 21, 76, 34, 83, 24, 52, 68, 51]",513,335,4,6
336,"[1, 2, 3, 4, 5, 6, 7, 8, 9, 10]","[29, 48, 41, 20, 40, 93, 68, 43, 96, 96]",574,336,4,6
337,"[1, 2, 3, 4, 5, 6, 7, 8, 9, 10]","[25, 62, 98, 64, 61, 23, 20, 11, 91, 15]",470,337,4,6
338,"[1, 2, 3, 4, 5, 6, 7, 8, 9, 10]","[68, 75, 56, 100, 88, 11, 29, 76, 68, 72]",643,338,4,6
339,"[1, 2, 3, 4, 5, 6, 7, 8, 9, 10]","[95, 24, 35, 53, 12, 21, 51, 100, 33, 36]",460,339,4,6
340,"[1, 2, 3, 4, 5, 6, 7, 8, 9, 10]","[67, 36, 72, 55, 90, 63, 42, 14, 27, 44]",510,340,4,6
341,"[1, 2, 3, 4, 5, 6, 7, 8, 9, 10]","[59, 60, 54, 73, 42, 71, 71, 39, 43, 39]",551,341,4,7
342,"[1, 2, 3, 4, 5, 6, 7, 8, 9, 10]","[25, 38, 51, 66, 13, 84, 24, 62, 85, 72]",520,342,4,7
343,"[1, 2, 3, 4, 5, 6, 7, 8, 9, 10]","[48, 18, 31, 28, 54, 98, 26, 75, 62, 72]",512,343,4,7
344,"[1, 2, 3, 4, 5, 6, 7, 8, 9, 10]","[28, 12, 58, 44, 61, 29, 29, 49, 46, 44]",400,344,4,7
345,"[1, 2, 3, 4, 5, 6, 7, 8, 9, 10]","[51, 42, 40, 86, 53, 63, 92, 99, 42, 31]",599,345,4,7
346,"[1, 2, 3, 4, 5, 6, 7, 8, 9, 10]","[54, 34, 61, 91, 28, 26, 50, 10, 53, 86]",493,346,4,7
347,"[1, 2, 3, 4, 5, 6, 7, 8, 9, 10]","[94, 84, 11, 86, 64, 30, 34, 32, 28, 12]",475,347,4,7
348,"[1, 2, 3, 4, 5, 6, 7, 8, 9, 10]","[81, 55, 85, 29, 21, 52, 54, 19, 76, 99]",571,348,4,7
349,"[1, 2, 3, 4, 5, 6, 7, 8, 9, 10]","[94, 97, 25, 58, 53, 82, 22, 26, 65, 51]",573,349,4,7
350,"[1, 2, 3, 4, 5, 6, 7, 8, 9, 10]","[100, 80, 68, 71, 91, 20, 64, 75, 57, 20]",646,350,4,7
351,"[1, 2, 3, 4, 5, 6, 7, 8, 9, 10]","[54, 71, 77, 60, 94, 88, 67, 90, 42, 42]",685,351,4,22
352,"[1, 2, 3, 4, 5, 6, 7, 8, 9, 10]","[72, 51, 67, 36, 35, 16, 22, 17, 46, 27]",389,352,4,22
353,"[1, 2, 3, 4, 5, 6, 7, 8, 9, 10]","[74, 89, 57, 48, 60, 95, 73, 57, 50, 18]",621,353,4,22
354,"[1, 2, 3, 4, 5, 6, 7, 8, 9, 10]","[95, 58, 98, 79, 93, 42, 16, 26, 41, 46]",594,354,4,22
355,"[1, 2, 3, 4, 5, 6, 7, 8, 9, 10]","[99, 41, 80, 37, 12, 96, 61, 68, 69, 81]",644,355,4,22
356,"[1, 2, 3, 4, 5, 6, 7, 8, 9, 10]","[27, 54, 39, 14, 42, 50, 23, 60, 92, 48]",449,356,4,22
357,"[1, 2, 3, 4, 5, 6, 7, 8, 9, 10]","[99, 19, 58, 63, 59, 50, 61, 78, 56, 20]",563,357,4,22
358,"[1, 2, 3, 4, 5, 6, 7, 8, 9, 10]","[10, 35, 99, 68, 28, 47, 71, 100, 50, 79]",587,358,4,22
359,"[1, 2, 3, 4, 5, 6, 7, 8, 9, 10]","[89, 99, 27, 73, 70, 54, 57, 91, 39, 26]",625,359,4,22
360,"[1, 2, 3, 4, 5, 6, 7, 8, 9, 10]","[11, 42, 41, 12, 46, 61, 12, 42, 79, 65]",411,360,4,22
361,"[1, 2, 3, 4, 5, 6, 7, 8, 9, 10]","[19, 34, 69, 62, 31, 49, 40, 63, 36, 35]",438,361,4,20
362,"[1, 2, 3, 4, 5, 6, 7, 8, 9, 10]","[39, 10, 90, 57, 66, 36, 41, 91, 36, 49]",515,362,4,20
363,"[1, 2, 3, 4, 5, 6, 7, 8, 9, 10]","[96, 62, 72, 26, 78, 26, 85, 92, 16, 84]",637,363,4,20
364,"[1, 2, 3, 4, 5, 6, 7, 8, 9, 10]","[91, 86, 36, 56, 24, 74, 35, 77, 82, 68]",629,364,4,20
365,"[1, 2, 3, 4, 5, 6, 7, 8, 9, 10]","[99, 98, 34, 96, 77, 86, 24, 34, 33, 79]",660,365,4,20
366,"[1, 2, 3, 4, 5, 6, 7, 8, 9, 10]","[73, 23, 96, 16, 87, 39, 97, 25, 83, 24]",563,366,4,20
367,"[1, 2, 3, 4, 5, 6, 7, 8, 9, 10]","[30, 65, 80, 53, 46, 91, 40, 15, 89, 84]",593,367,4,20
368,"[1, 2, 3, 4, 5, 6, 7, 8, 9, 10]","[77, 54, 37, 50, 48, 71, 41, 60, 74, 40]",552,368,4,20
369,"[1, 2, 3, 4, 5, 6, 7, 8, 9, 10]","[97, 83, 23, 78, 43, 57, 31, 19, 27, 60]",518,369,4,20
370,"[1, 2, 3, 4, 5, 6, 7, 8, 9, 10]","[87, 13, 33, 57, 52, 92, 67, 60, 79, 16]",556,370,4,20
371,"[1, 2, 3, 4, 5, 6, 7, 8, 9, 10]","[40, 94, 71, 48, 16, 73, 54, 88, 48, 24]",556,371,4,1
372,"[1, 2, 3, 4, 5, 6, 7, 8, 9, 10]","[95, 45, 24, 70, 98, 46, 16, 26, 70, 76]",566,372,4,1
373,"[1, 2, 3, 4, 5, 6, 7, 8, 9, 10]","[38, 48, 83, 90, 57, 31, 75, 32, 81, 92]",627,373,4,1
374,"[1, 2, 3, 4, 5, 6, 7, 8, 9, 10]","[56, 21, 42, 97, 12, 55, 74, 54, 85, 21]",517,374,4,1
375,"[1, 2, 3, 4, 5, 6, 7, 8, 9, 10]","[55, 18, 32, 13, 44, 83, 86, 94, 16, 74]",515,375,4,1
376,"[1, 2, 3, 4, 5, 6, 7, 8, 9, 10]","[97, 69, 40, 62, 83, 32, 64, 96, 97, 42]",682,376,4,1
377,"[1, 2, 3, 4, 5, 6, 7, 8, 9, 10]","[30, 27, 60, 43, 94, 86, 81, 18, 17, 52]",508,377,4,1
378,"[1, 2, 3, 4, 5, 6, 7, 8, 9, 10]","[63, 93, 58, 50, 35, 55, 38, 26, 16, 68]",502,378,4,1
379,"[1, 2, 3, 4, 5, 6, 7, 8, 9, 10]","[39, 64, 96, 99, 15, 36, 44, 84, 85, 27]",589,379,4,1
380,"[1, 2, 3, 4, 5, 6, 7, 8, 9, 10]","[49, 20, 57, 68, 44, 62, 64, 81, 44, 56]",545,380,4,1
381,"[1, 2, 3, 4, 5, 6, 7, 8, 9, 10]","[66, 37, 88, 73, 68, 85, 78, 64, 89, 86]",734,381,4,8
382,"[1, 2, 3, 4, 5, 6, 7, 8, 9, 10]","[93, 46, 97, 42, 78, 28, 17, 47, 55, 53]",556,382,4,8
383,"[1, 2, 3, 4, 5, 6, 7, 8, 9, 10]","[89, 32, 87, 40, 62, 92, 27, 63, 50, 49]",591,383,4,8
384,"[1, 2, 3, 4, 5, 6, 7, 8, 9, 10]","[55, 72, 70, 17, 48, 77, 54, 75, 36, 100]",604,384,4,8
385,"[1, 2, 3, 4, 5, 6, 7, 8, 9, 10]","[99, 31, 80, 17, 86, 82, 63, 66, 81, 82]",687,385,4,8
386,"[1, 2, 3, 4, 5, 6, 7, 8, 9, 10]","[56, 45, 77, 38, 39, 84, 84, 94, 42, 54]",613,386,4,8
387,"[1, 2, 3, 4, 5, 6, 7, 8, 9, 10]","[59, 39, 13, 16, 48, 94, 88, 40, 12, 85]",494,387,4,8
388,"[1, 2, 3, 4, 5, 6, 7, 8, 9, 10]","[67, 74, 68, 45, 62, 46, 62, 88, 15, 48]",575,388,4,8
389,"[1, 2, 3, 4, 5, 6, 7, 8, 9, 10]","[12, 27, 68, 60, 27, 36, 68, 63, 95, 27]",483,389,4,8
390,"[1, 2, 3, 4, 5, 6, 7, 8, 9, 10]","[47, 99, 51, 84, 19, 57, 13, 64, 55, 23]",512,390,4,8
391,"[1, 2, 3, 4, 5, 6, 7, 8, 9, 10]","[45, 69, 42, 98, 75, 35, 85, 96, 23, 43]",611,391,4,15
392,"[1, 2, 3, 4, 5, 6, 7, 8, 9, 10]","[95, 90, 89, 70, 25, 100, 11, 50, 62, 53]",645,392,4,15
393,"[1, 2, 3, 4, 5, 6, 7, 8, 9, 10]","[98, 19, 73, 66, 10, 30, 57, 90, 92, 47]",582,393,4,15
394,"[1, 2, 3, 4, 5, 6, 7, 8, 9, 10]","[54, 69, 61, 59, 62, 12, 89, 53, 36, 41]",536,394,4,15
395,"[1, 2, 3, 4, 5, 6, 7, 8, 9, 10]","[57, 77, 69, 73, 37, 99, 82, 14, 17, 20]",545,395,4,15
396,"[1, 2, 3, 4, 5, 6, 7, 8, 9, 10]","[31, 85, 86, 27, 75, 81, 27, 55, 61, 18]",546,396,4,15
397,"[1, 2, 3, 4, 5, 6, 7, 8, 9, 10]","[54, 62, 43, 58, 23, 66, 56, 52, 26, 21]",461,397,4,15
398,"[1, 2, 3, 4, 5, 6, 7, 8, 9, 10]","[18, 45, 60, 60, 80, 32, 40, 100, 16, 38]",489,398,4,15
399,"[1, 2, 3, 4, 5, 6, 7, 8, 9, 10]","[98, 17, 33, 52, 36, 57, 95, 71, 68, 20]",547,399,4,15
400,"[1, 2, 3, 4, 5, 6, 7, 8, 9, 10]","[24, 22, 89, 57, 77, 72, 66, 25, 57, 68]",557,400,4,15
401,"[1, 2, 3, 4, 5, 6, 7, 8, 9, 10]","[11, 59, 38, 52, 65, 23, 31, 15, 20, 89]",403,401,5,7
402,"[1, 2, 3, 4, 5, 6, 7, 8, 9, 10]","[32, 85, 25, 96, 24, 76, 36, 22, 86, 71]",553,402,5,7
403,"[1, 2, 3, 4, 5, 6, 7, 8, 9, 10]","[19, 51, 29, 57, 77, 58, 29, 40, 57, 69]",486,403,5,7
404,"[1, 2, 3, 4, 5, 6, 7, 8, 9, 10]","[86, 86, 85, 55, 42, 50, 22, 17, 71, 71]",585,404,5,7
405,"[1, 2, 3, 4, 5, 6, 7, 8, 9, 10]","[89, 80, 91, 43, 61, 26, 48, 85, 87, 89]",699,405,5,7
406,"[1, 2, 3, 4, 5, 6, 7, 8, 9, 10]","[24, 52, 46, 41, 42, 61, 47, 56, 14, 17]",400,406,5,7
407,"[1, 2, 3, 4, 5, 6, 7, 8, 9, 10]","[86, 83, 43, 92, 48, 79, 52, 19, 44, 57]",603,407,5,7
408,"[1, 2, 3, 4, 5, 6, 7, 8, 9, 10]","[76, 28, 30, 70, 45, 82, 15, 18, 77, 37]",478,408,5,7
409,"[1, 2, 3, 4, 5, 6, 7, 8, 9, 10]","[48, 73, 58, 46, 80, 45, 16, 90, 41, 82]",579,409,5,7
410,"[1, 2, 3, 4, 5, 6, 7, 8, 9, 10]","[59, 33, 51, 20, 54, 67, 60, 88, 62, 21]",515,410,5,7
411,"[1, 2, 3, 4, 5, 6, 7, 8, 9, 10]","[82, 61, 35, 17, 91, 19, 87, 51, 73, 30]",546,411,5,12
412,"[1, 2, 3, 4, 5, 6, 7, 8, 9, 10]","[85, 46, 70, 96, 47, 38, 66, 69, 74, 26]",617,412,5,12
413,"[1, 2, 3, 4, 5, 6, 7, 8, 9, 10]","[13, 84, 96, 24, 68, 64, 55, 83, 39, 38]",564,413,5,12
414,"[1, 2, 3, 4, 5, 6, 7, 8, 9, 10]","[66, 98, 34, 54, 40, 23, 33, 27, 18, 48]",441,414,5,12
415,"[1, 2, 3, 4, 5, 6, 7, 8, 9, 10]","[34, 22, 72, 58, 58, 36, 62, 34, 47, 70]",493,415,5,12
416,"[1, 2, 3, 4, 5, 6, 7, 8, 9, 10]","[42, 72, 11, 96, 78, 51, 85, 34, 76, 75]",620,416,5,12
417,"[1, 2, 3, 4, 5, 6, 7, 8, 9, 10]","[38, 84, 95, 24, 23, 84, 72, 40, 59, 26]",545,417,5,12
418,"[1, 2, 3, 4, 5, 6, 7, 8, 9, 10]","[70, 25, 41, 38, 22, 72, 79, 25, 31, 63]",466,418,5,12
419,"[1, 2, 3, 4, 5, 6, 7, 8, 9, 10]","[84, 78, 58, 55, 79, 43, 46, 100, 79, 87]",709,419,5,12
420,"[1, 2, 3, 4, 5, 6, 7, 8, 9, 10]","[33, 65, 93, 53, 41, 52, 67, 69, 97, 63]",633,420,5,12
421,"[1, 2, 3, 4, 5, 6, 7, 8, 9, 10]","[97, 44, 67, 79, 49, 35, 19, 67, 47, 41]",545,421,5,13
422,"[1, 2, 3, 4, 5, 6, 7, 8, 9, 10]","[72, 11, 84, 55, 58, 77, 30, 29, 50, 62]",528,422,5,13
423,"[1, 2, 3, 4, 5, 6, 7, 8, 9, 10]","[71, 46, 42, 14, 14, 44, 81, 31, 37, 56]",436,423,5,13
424,"[1, 2, 3, 4, 5, 6, 7, 8, 9, 10]","[52, 75, 47, 77, 34, 93, 36, 30, 42, 21]",507,424,5,13
425,"[1, 2, 3, 4, 5, 6, 7, 8, 9, 10]","[75, 73, 71, 20, 67, 90, 18, 79, 18, 89]",600,425,5,13
426,"[1, 2, 3, 4, 5, 6, 7, 8, 9, 10]","[52, 99, 93, 58, 63, 29, 63, 91, 37, 89]",674,426,5,13
427,"[1, 2, 3, 4, 5, 6, 7, 8, 9, 10]","[88, 84, 67, 20, 69, 76, 22, 34, 21, 25]",506,427,5,13
428,"[1, 2, 3, 4, 5, 6, 7, 8, 9, 10]","[94, 68, 69, 74, 91, 14, 78, 29, 64, 21]",602,428,5,13
429,"[1, 2, 3, 4, 5, 6, 7, 8, 9, 10]","[91, 69, 72, 44, 75, 73, 70, 42, 92, 83]",711,429,5,13
430,"[1, 2, 3, 4, 5, 6, 7, 8, 9, 10]","[54, 30, 37, 33, 64, 22, 76, 46, 59, 92]",513,430,5,13
431,"[1, 2, 3, 4, 5, 6, 7, 8, 9, 10]","[49, 89, 56, 83, 24, 96, 63, 29, 86, 90]",665,431,5,15
432,"[1, 2, 3, 4, 5, 6, 7, 8, 9, 10]","[78, 29, 83, 77, 37, 29, 96, 73, 99, 86]",687,432,5,15
433,"[1, 2, 3, 4, 5, 6, 7, 8, 9, 10]","[95, 15, 65, 81, 90, 72, 14, 100, 66, 36]",634,433,5,15
434,"[1, 2, 3, 4, 5, 6, 7, 8, 9, 10]","[12, 12, 20, 19, 35, 88, 89, 31, 98, 89]",493,434,5,15
435,"[1, 2, 3, 4, 5, 6, 7, 8, 9, 10]","[22, 12, 80, 26, 91, 96, 48, 68, 10, 64]",517,435,5,15
436,"[1, 2, 3, 4, 5, 6, 7, 8, 9, 10]","[76, 84, 55, 96, 25, 85, 23, 30, 31, 44]",549,436,5,15
437,"[1, 2, 3, 4, 5, 6, 7, 8, 9, 10]","[34, 36, 90, 12, 43, 30, 95, 63, 82, 45]",530,437,5,15
438,"[1, 2, 3, 4, 5, 6, 7, 8, 9, 10]","[24, 76, 44, 84, 34, 92, 98, 16, 17, 100]",585,438,5,15
439,"[1, 2, 3, 4, 5, 6, 7, 8, 9, 10]","[80, 20, 13, 85, 96, 39, 70, 86, 20, 62]",571,439,5,15
440,"[1, 2, 3, 4, 5, 6, 7, 8, 9, 10]","[68, 65, 72, 52, 22, 59, 70, 40, 78, 41]",567,440,5,15
441,"[1, 2, 3, 4, 5, 6, 7, 8, 9, 10]","[19, 87, 97, 14, 57, 44, 61, 17, 44, 88]",528,441,5,24
442,"[1, 2, 3, 4, 5, 6, 7, 8, 9, 10]","[20, 53, 28, 60, 62, 75, 38, 52, 31, 10]",429,442,5,24
443,"[1, 2, 3, 4, 5, 6, 7, 8, 9, 10]","[16, 44, 80, 38, 51, 58, 88, 51, 54, 99]",579,443,5,24
444,"[1, 2, 3, 4, 5, 6, 7, 8, 9, 10]","[88, 27, 59, 63, 48, 36, 94, 23, 91, 56]",585,444,5,24
445,"[1, 2, 3, 4, 5, 6, 7, 8, 9, 10]","[47, 40, 38, 92, 38, 83, 31, 78, 42, 71]",560,445,5,24
446,"[1, 2, 3, 4, 5, 6, 7, 8, 9, 10]","[13, 13, 44, 29, 98, 49, 94, 100, 93, 99]",632,446,5,24
447,"[1, 2, 3, 4, 5, 6, 7, 8, 9, 10]","[28, 48, 58, 48, 27, 18, 70, 63, 59, 77]",496,447,5,24
448,"[1, 2, 3, 4, 5, 6, 7, 8, 9, 10]","[59, 24, 37, 78, 48, 62, 22, 67, 51, 68]",516,448,5,24
449,"[1, 2, 3, 4, 5, 6, 7, 8, 9, 10]","[88, 37, 93, 89, 89, 36, 100, 85, 60, 61]",738,449,5,24
450,"[1, 2, 3, 4, 5, 6, 7, 8, 9, 10]","[65, 24, 89, 52, 85, 56, 59, 17, 99, 16]",562,450,5,24
451,"[1, 2, 3, 4, 5, 6, 7, 8, 9, 10]","[39, 71, 47, 21, 27, 97, 98, 15, 99, 59]",573,451,5,9
452,"[1, 2, 3, 4, 5, 6, 7, 8, 9, 10]","[89, 99, 28, 32, 68, 31, 71, 11, 42, 83]",554,452,5,9
453,"[1, 2, 3, 4, 5, 6, 7, 8, 9, 10]","[53, 22, 21, 75, 62, 24, 20, 57, 96, 47]",477,453,5,9
454,"[1, 2, 3, 4, 5, 6, 7, 8, 9, 10]","[13, 27, 18, 72, 47, 40, 65, 85, 31, 40]",438,454,5,9
455,"[1, 2, 3, 4, 5, 6, 7, 8, 9, 10]","[39, 83, 79, 93, 32, 43, 37, 87, 44, 35]",572,455,5,9
456,"[1, 2, 3, 4, 5, 6, 7, 8, 9, 10]","[80, 41, 67, 16, 34, 75, 89, 20, 10, 78]",510,456,5,9
457,"[1, 2, 3, 4, 5, 6, 7, 8, 9, 10]","[21, 52, 40, 70, 45, 59, 76, 17, 94, 80]",554,457,5,9
458,"[1, 2, 3, 4, 5, 6, 7, 8, 9, 10]","[60, 17, 13, 15, 44, 69, 17, 52, 19, 67]",373,458,5,9
459,"[1, 2, 3, 4, 5, 6, 7, 8, 9, 10]","[23, 91, 15, 77, 81, 73, 54, 87, 54, 76]",631,459,5,9
460,"[1, 2, 3, 4, 5, 6, 7, 8, 9, 10]","[41, 29, 78, 25, 55, 79, 43, 44, 29, 50]",473,460,5,9
461,"[1, 2, 3, 4, 5, 6, 7, 8, 9, 10]","[35, 84, 94, 52, 57, 35, 55, 51, 84, 60]",607,461,5,5
462,"[1, 2, 3, 4, 5, 6, 7, 8, 9, 10]","[15, 47, 36, 36, 90, 62, 10, 78, 31, 36]",441,462,5,5
463,"[1, 2, 3, 4, 5, 6, 7, 8, 9, 10]","[93, 81, 51, 30, 24, 49, 14, 48, 71, 88]",549,463,5,5
464,"[1, 2, 3, 4, 5, 6, 7, 8, 9, 10]","[35, 66, 65, 25, 93, 90, 83, 91, 82, 30]",660,464,5,5
465,"[1, 2, 3, 4, 5, 6, 7, 8, 9, 10]","[89, 40, 56, 76, 70, 55, 36, 45, 65, 32]",564,465,5,5
466,"[1, 2, 3, 4, 5, 6, 7, 8, 9, 10]","[74, 30, 10, 30, 90, 76, 24, 57, 36, 32]",459,466,5,5
467,"[1, 2, 3, 4, 5, 6, 7, 8, 9, 10]","[20, 68, 34, 63, 61, 49, 21, 72, 31, 53]",472,467,5,5
468,"[1, 2, 3, 4, 5, 6, 7, 8, 9, 10]","[46, 54, 91, 76, 76, 74, 26, 67, 55, 25]",590,468,5,5
469,"[1, 2, 3, 4, 5, 6, 7, 8, 9, 10]","[57, 37, 64, 81, 39, 100, 57, 65, 59, 76]",635,469,5,5
470,"[1, 2, 3, 4, 5, 6, 7, 8, 9, 10]","[57, 11, 80, 44, 34, 53, 84, 53, 17, 27]",460,470,5,5
471,"[1, 2, 3, 4, 5, 6, 7, 8, 9, 10]","[11, 40, 80, 32, 26, 80, 64, 94, 55, 99]",581,471,5,21
472,"[1, 2, 3, 4, 5, 6, 7, 8, 9, 10]","[83, 50, 90, 82, 11, 85, 96, 39, 48, 91]",675,472,5,21
473,"[1, 2, 3, 4, 5, 6, 7, 8, 9, 10]","[44, 32, 59, 41, 99, 30, 78, 43, 41, 14]",481,473,5,21
474,"[1, 2, 3, 4, 5, 6, 7, 8, 9, 10]","[29, 73, 100, 30, 72, 94, 86, 70, 11, 42]",607,474,5,21
475,"[1, 2, 3, 4, 5, 6, 7, 8, 9, 10]","[16, 72, 79, 93, 68, 13, 77, 51, 12, 49]",530,475,5,21
476,"[1, 2, 3, 4, 5, 6, 7, 8, 9, 10]","[20, 55, 63, 83, 24, 23, 15, 54, 17, 26]",380,476,5,21
477,"[1, 2, 3, 4, 5, 6, 7, 8, 9, 10]","[31, 34, 52, 94, 17, 55, 10, 31, 55, 56]",435,477,5,21
478,"[1, 2, 3, 4, 5, 6, 7, 8, 9, 10]","[99, 26, 35, 23, 46, 15, 34, 51, 24, 71]",424,478,5,21
479,"[1, 2, 3, 4, 5, 6, 7, 8, 9, 10]","[93, 64, 61, 13, 70, 72, 68, 43, 99, 89]",672,479,5,21
480,"[1, 2, 3, 4, 5, 6, 7, 8, 9, 10]","[98, 22, 49, 89, 58, 98, 28, 81, 47, 11]",581,480,5,21
481,"[1, 2, 3, 4, 5, 6, 7, 8, 9, 10]","[12, 91, 33, 61, 77, 58, 39, 31, 10, 93]",505,481,5,23
482,"[1, 2, 3, 4, 5, 6, 7, 8, 9, 10]","[35, 89, 86, 91, 70, 53, 100, 45, 77, 34]",680,482,5,23
483,"[1, 2, 3, 4, 5, 6, 7, 8, 9, 10]","[43, 37, 79, 100, 31, 73, 19, 24, 70, 77]",553,483,5,23
484,"[1, 2, 3, 4, 5, 6, 7, 8, 9, 10]","[11, 35, 25, 79, 95, 22, 69, 58, 50, 61]",505,484,5,23
485,"[1, 2, 3, 4, 5, 6, 7, 8, 9, 10]","[32, 93, 62, 15, 92, 85, 68, 29, 13, 73]",562,485,5,23
486,"[1, 2, 3, 4, 5, 6, 7, 8, 9, 10]","[33, 49, 49, 52, 94, 63, 90, 14, 41, 68]",553,486,5,23
487,"[1, 2, 3, 4, 5, 6, 7, 8, 9, 10]","[17, 22, 98, 48, 11, 22, 70, 80, 19, 79]",466,487,5,23
488,"[1, 2, 3, 4, 5, 6, 7, 8, 9, 10]","[13, 72, 99, 74, 58, 12, 50, 19, 72, 27]",496,488,5,23
489,"[1, 2, 3, 4, 5, 6, 7, 8, 9, 10]","[29, 89, 20, 89, 77, 97, 74, 92, 64, 96]",727,489,5,23
490,"[1, 2, 3, 4, 5, 6, 7, 8, 9, 10]","[61, 65, 20, 89, 74, 24, 69, 80, 96, 89]",667,490,5,23
491,"[1, 2, 3, 4, 5, 6, 7, 8, 9, 10]","[19, 29, 32, 27, 23, 94, 43, 49, 33, 34]",383,491,5,2
492,"[1, 2, 3, 4, 5, 6, 7, 8, 9, 10]","[62, 13, 47, 27, 61, 46, 63, 72, 85, 49]",525,492,5,2
493,"[1, 2, 3, 4, 5, 6, 7, 8, 9, 10]","[41, 19, 16, 64, 17, 42, 15, 58, 83, 39]",394,493,5,2
494,"[1, 2, 3, 4, 5, 6, 7, 8, 9, 10]","[25, 16, 52, 59, 66, 44, 80, 15, 64, 53]",474,494,5,2
495,"[1, 2, 3, 4, 5, 6, 7, 8, 9, 10]","[51, 34, 44, 71, 18, 29, 11, 85, 46, 35]",424,495,5,2
496,"[1, 2, 3, 4, 5, 6, 7, 8, 9, 10]","[72, 97, 53, 47, 100, 83, 64, 16, 14, 72]",618,496,5,2
497,"[1, 2, 3, 4, 5, 6, 7, 8, 9, 10]","[93, 87, 61, 29, 91, 71, 56, 58, 99, 66]",711,497,5,2
498,"[1, 2, 3, 4, 5, 6, 7, 8, 9, 10]","[37, 78, 80, 97, 72, 82, 27, 22, 50, 78]",623,498,5,2
499,"[1, 2, 3, 4, 5, 6, 7, 8, 9, 10]","[25, 96, 40, 31, 66, 88, 55, 23, 10, 77]",511,499,5,2
500,"[1, 2, 3, 4, 5, 6, 7, 8, 9, 10]","[45, 11, 50, 48, 56, 39, 84, 82, 81, 56]",552,500,5,2
501,"[1, 2, 3, 4, 5, 6, 7, 8, 9, 10]","[35, 82, 22, 86, 26, 85, 71, 12, 99, 73]",591,501,6,1
502,"[1, 2, 3, 4, 5, 6, 7, 8, 9, 10]","[21, 10, 18, 83, 52, 13, 59, 77, 63, 49]",445,502,6,1
503,"[1, 2, 3, 4, 5, 6, 7, 8, 9, 10]","[61, 14, 81, 70, 74, 81, 46, 70, 27, 50]",574,503,6,1
504,"[1, 2, 3, 4, 5, 6, 7, 8, 9, 10]","[18, 14, 60, 84, 19, 25, 80, 40, 77, 10]",427,504,6,1
505,"[1, 2, 3, 4, 5, 6, 7, 8, 9, 10]","[26, 98, 32, 77, 48, 87, 39, 57, 90, 10]",564,505,6,1
506,"[1, 2, 3, 4, 5, 6, 7, 8, 9, 10]","[72, 90, 60, 45, 77, 35, 13, 96, 72, 49]",609,506,6,1
507,"[1, 2, 3, 4, 5, 6, 7, 8, 9, 10]","[86, 26, 87, 53, 68, 14, 50, 35, 21, 64]",504,507,6,1
508,"[1, 2, 3, 4, 5, 6, 7, 8, 9, 10]","[49, 37, 47, 36, 27, 16, 77, 51, 41, 96]",477,508,6,1
509,"[1, 2, 3, 4, 5, 6, 7, 8, 9, 10]","[44, 95, 90, 94, 64, 47, 30, 20, 37, 61]",582,509,6,1
510,"[1, 2, 3, 4, 5, 6, 7, 8, 9, 10]","[70, 82, 70, 79, 66, 29, 23, 70, 41, 78]",608,510,6,1
511,"[1, 2, 3, 4, 5, 6, 7, 8, 9, 10]","[16, 36, 30, 85, 93, 62, 28, 90, 12, 45]",497,511,6,11
512,"[1, 2, 3, 4, 5, 6, 7, 8, 9, 10]","[38, 69, 11, 46, 10, 41, 89, 92, 41, 73]",510,512,6,11
513,"[1, 2, 3, 4, 5, 6, 7, 8, 9, 10]","[36, 96, 21, 93, 23, 52, 96, 59, 94, 50]",620,513,6,11
514,"[1, 2, 3, 4, 5, 6, 7, 8, 9, 10]","[55, 45, 73, 46, 50, 83, 43, 79, 52, 86]",612,514,6,11
515,"[1, 2, 3, 4, 5, 6, 7, 8, 9, 10]","[65, 53, 71, 72, 52, 49, 20, 51, 89, 15]",537,515,6,11
516,"[1, 2, 3, 4, 5, 6, 7, 8, 9, 10]","[81, 31, 44, 43, 56, 15, 72, 57, 12, 94]",505,516,6,11
517,"[1, 2, 3, 4, 5, 6, 7, 8, 9, 10]","[20, 66, 43, 53, 46, 14, 98, 45, 43, 97]",525,517,6,11
518,"[1, 2, 3, 4, 5, 6, 7, 8, 9, 10]","[87, 45, 94, 13, 33, 17, 57, 79, 34, 53]",512,518,6,11
519,"[1, 2, 3, 4, 5, 6, 7, 8, 9, 10]","[71, 55, 15, 15, 31, 61, 36, 48, 75, 50]",457,519,6,11
520,"[1, 2, 3, 4, 5, 6, 7, 8, 9, 10]","[90, 30, 71, 47, 56, 91, 45, 38, 11, 16]",495,520,6,11
521,"[1, 2, 3, 4, 5, 6, 7, 8, 9, 10]","[70, 49, 42, 10, 50, 72, 100, 37, 57, 33]",520,521,6,22
522,"[1, 2, 3, 4, 5, 6, 7, 8, 9, 10]","[18, 11, 100, 22, 99, 47, 51, 22, 66, 86]",522,522,6,22
523,"[1, 2, 3, 4, 5, 6, 7, 8, 9, 10]","[54, 72, 62, 78, 60, 80, 55, 46, 30, 55]",592,523,6,22
524,"[1, 2, 3, 4, 5, 6, 7, 8, 9, 10]","[51, 18, 73, 71, 18, 91, 15, 99, 50, 62]",548,524,6,22
525,"[1, 2, 3, 4, 5, 6, 7, 8, 9, 10]","[93, 86, 23, 34, 64, 66, 25, 55, 97, 88]",631,525,6,22
526,"[1, 2, 3, 4, 5, 6, 7, 8, 9, 10]","[16, 91, 28, 79, 61, 40, 99, 66, 82, 27]",589,526,6,22
527,"[1, 2, 3, 4, 5, 6, 7, 8, 9, 10]","[14, 55, 30, 30, 22, 52, 41, 72, 73, 81]",470,527,6,22
528,"[1, 2, 3, 4, 5, 6, 7, 8, 9, 10]","[98, 22, 97, 67, 82, 16, 11, 79, 51, 91]",614,528,6,22
529,"[1, 2, 3, 4, 5, 6, 7, 8, 9, 10]","[52, 59, 50, 26, 72, 40, 77, 92, 97, 42]",607,529,6,22
530,"[1, 2, 3, 4, 5, 6, 7, 8, 9, 10]","[49, 52, 58, 23, 74, 24, 76, 28, 13, 48]",445,530,6,22
531,"[1, 2, 3, 4, 5, 6, 7, 8, 9, 10]","[71, 36, 41, 81, 11, 72, 76, 15, 11, 56]",470,531,6,24
532,"[1, 2, 3, 4, 5, 6, 7, 8, 9, 10]","[10, 22, 37, 93, 84, 87, 54, 66, 75, 60]",588,532,6,24
533,"[1, 2, 3, 4, 5, 6, 7, 8, 9, 10]","[85, 87, 27, 51, 83, 15, 24, 96, 90, 66]",624,533,6,24
534,"[1, 2, 3, 4, 5, 6, 7, 8, 9, 10]","[99, 92, 80, 65, 69, 40, 57, 74, 86, 55]",717,534,6,24
535,"[1, 2, 3, 4, 5, 6, 7, 8, 9, 10]","[66, 81, 70, 44, 66, 23, 44, 89, 72, 37]",592,535,6,24
536,"[1, 2, 3, 4, 5, 6, 7, 8, 9, 10]","[25, 85, 50, 85, 93, 30, 80, 93, 72, 26]",639,536,6,24
537,"[1, 2, 3, 4, 5, 6, 7, 8, 9, 10]","[25, 18, 76, 28, 37, 56, 20, 16, 100, 39]",415,537,6,24
538,"[1, 2, 3, 4, 5, 6, 7, 8, 9, 10]","[88, 82, 82, 93, 27, 15, 67, 85, 36, 81]",656,538,6,24
539,"[1, 2, 3, 4, 5, 6, 7, 8, 9, 10]","[24, 34, 86, 98, 75, 78, 83, 80, 16, 94]",668,539,6,24
540,"[1, 2, 3, 4, 5, 6, 7, 8, 9, 10]","[99, 97, 85, 96, 90, 55, 99, 69, 28, 25]",743,540,6,24
541,"[1, 2, 3, 4, 5, 6, 7, 8, 9, 10]","[93, 33, 58, 82, 51, 10, 70, 70, 60, 92]",619,541,6,2
542,"[1, 2, 3, 4, 5, 6, 7, 8, 9, 10]","[65, 85, 89, 80, 10, 85, 66, 46, 12, 28]",566,542,6,2
543,"[1, 2, 3, 4, 5, 6, 7, 8, 9, 10]","[13, 98, 50, 95, 97, 79, 49, 60, 36, 86]",663,543,6,2
544,"[1, 2, 3, 4, 5, 6, 7, 8, 9, 10]","[21, 47, 20, 21, 81, 76, 13, 78, 57, 46]",460,544,6,2
545,"[1, 2, 3, 4, 5, 6, 7, 8, 9, 10]","[50, 67, 31, 77, 10, 15, 61, 62, 94, 35]",502,545,6,2
546,"[1, 2, 3, 4, 5, 6, 7, 8, 9, 10]","[60, 50, 82, 82, 80, 34, 13, 91, 68, 68]",628,546,6,2
547,"[1, 2, 3, 4, 5, 6, 7, 8, 9, 10]","[13, 43, 63, 58, 60, 66, 20, 21, 90, 48]",482,547,6,2
548,"[1, 2, 3, 4, 5, 6, 7, 8, 9, 10]","[72, 69, 73, 19, 61, 87, 51, 33, 58, 54]",577,548,6,2
549,"[1, 2, 3, 4, 5, 6, 7, 8, 9, 10]","[44, 81, 79, 32, 28, 52, 56, 20, 34, 30]",456,549,6,2
550,"[1, 2, 3, 4, 5, 6, 7, 8, 9, 10]","[17, 78, 65, 97, 23, 31, 19, 33, 34, 32]",429,550,6,2
551,"[1, 2, 3, 4, 5, 6, 7, 8, 9, 10]","[51, 92, 66, 39, 94, 54, 53, 34, 37, 12]",532,551,6,23
552,"[1, 2, 3, 4, 5, 6, 7, 8, 9, 10]","[16, 99, 45, 43, 38, 26, 62, 73, 49, 70]",521,552,6,23
553,"[1, 2, 3, 4, 5, 6, 7, 8, 9, 10]","[67, 22, 10, 94, 15, 95, 65, 93, 17, 36]",514,553,6,23
554,"[1, 2, 3, 4, 5, 6, 7, 8, 9, 10]","[45, 33, 30, 66, 63, 87, 94, 19, 96, 71]",604,554,6,23
555,"[1, 2, 3, 4, 5, 6, 7, 8, 9, 10]","[24, 41, 60, 79, 100, 35, 42, 41, 18, 52]",492,555,6,23
556,"[1, 2, 3, 4, 5, 6, 7, 8, 9, 10]","[27, 87, 43, 97, 85, 32, 45, 87, 23, 50]",576,556,6,23
557,"[1, 2, 3, 4, 5, 6, 7, 8, 9, 10]","[45, 44, 93, 26, 14, 12, 15, 64, 34, 85]",432,557,6,23
558,"[1, 2, 3, 4, 5, 6, 7, 8, 9, 10]","[49, 45, 42, 13, 75, 46, 94, 40, 31, 36]",471,558,6,23
559,"[1, 2, 3, 4, 5, 6, 7, 8, 9, 10]","[40, 25, 14, 38, 57, 47, 85, 92, 78, 41]",517,559,6,23
560,"[1, 2, 3, 4, 5, 6, 7, 8, 9, 10]","[44, 52, 19, 81, 25, 46, 13, 34, 96, 61]",471,560,6,23
561,"[1, 2, 3, 4, 5, 6, 7, 8, 9, 10]","[33, 10, 77, 38, 63, 97, 89, 45, 70, 67]",589,561,6,16
562,"[1, 2, 3, 4, 5, 6, 7, 8, 9, 10]","[85, 19, 27, 60, 82, 11, 70, 25, 28, 83]",490,562,6,16
563,"[1, 2, 3, 4, 5, 6, 7, 8, 9, 10]","[17, 96, 16, 74, 42, 73, 54, 36, 76, 21]",505,563,6,16
564,"[1, 2, 3, 4, 5, 6, 7, 8, 9, 10]","[36, 60, 97, 26, 76, 84, 40, 33, 49, 77]",578,564,6,16
565,"[1, 2, 3, 4, 5, 6, 7, 8, 9, 10]","[61, 96, 39, 14, 64, 14, 47, 63, 63, 26]",487,565,6,16
566,"[1, 2, 3, 4, 5, 6, 7, 8, 9, 10]","[10, 10, 66, 97, 88, 20, 13, 50, 31, 84]",469,566,6,16
567,"[1, 2, 3, 4, 5, 6, 7, 8, 9, 10]","[14, 44, 43, 44, 16, 19, 22, 16, 37, 57]",312,567,6,16
568,"[1, 2, 3, 4, 5, 6, 7, 8, 9, 10]","[68, 76, 64, 48, 19, 15, 67, 39, 70, 91]",557,568,6,16
569,"[1, 2, 3, 4, 5, 6, 7, 8, 9, 10]","[24, 82, 46, 89, 46, 72, 100, 74, 27, 47]",607,569,6,16
570,"[1, 2, 3, 4, 5, 6, 7, 8, 9, 10]","[36, 38, 38, 48, 77, 88, 15, 14, 37, 56]",447,570,6,16
571,"[1, 2, 3, 4, 5, 6, 7, 8, 9, 10]","[83, 48, 50, 13, 59, 44, 52, 42, 26, 84]",501,571,6,9
572,"[1, 2, 3, 4, 5, 6, 7, 8, 9, 10]","[18, 79, 43, 29, 72, 12, 100, 90, 41, 42]",526,572,6,9
573,"[1, 2, 3, 4, 5, 6, 7, 8, 9, 10]","[98, 37, 91, 64, 53, 69, 22, 70, 57, 81]",642,573,6,9
574,"[1, 2, 3, 4, 5, 6, 7, 8, 9, 10]","[88, 20, 99, 84, 34, 37, 99, 11, 97, 86]",655,574,6,9
575,"[1, 2, 3, 4, 5, 6, 7, 8, 9, 10]","[20, 63, 23, 40, 58, 84, 14, 41, 96, 62]",501,575,6,9
576,"[1, 2, 3, 4, 5, 6, 7, 8, 9, 10]","[43, 89, 90, 73, 78, 79, 31, 70, 45, 97]",695,576,6,9
577,"[1, 2, 3, 4, 5, 6, 7, 8, 9, 10]","[18, 17, 15, 46, 82, 58, 83, 65, 92, 77]",553,577,6,9
578,"[1, 2, 3, 4, 5, 6, 7, 8, 9, 10]","[18, 26, 17, 77, 65, 72, 82, 67, 76, 31]",531,578,6,9
579,"[1, 2, 3, 4, 5, 6, 7, 8, 9, 10]","[66, 68, 81, 73, 14, 89, 88, 44, 62, 70]",655,579,6,9
580,"[1, 2, 3, 4, 5, 6, 7, 8, 9, 10]","[76, 26, 69, 85, 88, 98, 86, 37, 34, 31]",630,580,6,9
581,"[1, 2, 3, 4, 5, 6, 7, 8, 9, 10]","[80, 73, 97, 92, 30, 72, 42, 53, 37, 61]",637,581,6,21
582,"[1, 2, 3, 4, 5, 6, 7, 8, 9, 10]","[34, 95, 60, 70, 39, 98, 74, 87, 83, 66]",706,582,6,21
583,"[1, 2, 3, 4, 5, 6, 7, 8, 9, 10]","[23, 26, 86, 39, 87, 16, 81, 73, 72, 45]",548,583,6,21
584,"[1, 2, 3, 4, 5, 6, 7, 8, 9, 10]","[33, 92, 74, 98, 36, 51, 79, 14, 92, 56]",625,584,6,21
585,"[1, 2, 3, 4, 5, 6, 7, 8, 9, 10]","[12, 67, 45, 31, 72, 44, 43, 45, 71, 59]",489,585,6,21
586,"[1, 2, 3, 4, 5, 6, 7, 8, 9, 10]","[19, 12, 82, 49, 89, 87, 57, 37, 17, 64]",513,586,6,21
587,"[1, 2, 3, 4, 5, 6, 7, 8, 9, 10]","[17, 97, 27, 72, 40, 36, 68, 61, 27, 73]",518,587,6,21
588,"[1, 2, 3, 4, 5, 6, 7, 8, 9, 10]","[65, 66, 18, 61, 90, 77, 35, 77, 51, 66]",606,588,6,21
589,"[1, 2, 3, 4, 5, 6, 7, 8, 9, 10]","[84, 86, 88, 33, 91, 56, 24, 55, 69, 73]",659,589,6,21
590,"[1, 2, 3, 4, 5, 6, 7, 8, 9, 10]","[49, 76, 20, 96, 94, 95, 54, 79, 25, 34]",622,590,6,21
591,"[1, 2, 3, 4, 5, 6, 7, 8, 9, 10]","[95, 77, 63, 91, 35, 49, 86, 61, 98, 98]",753,591,6,12
592,"[1, 2, 3, 4, 5, 6, 7, 8, 9, 10]","[93, 69, 37, 51, 25, 57, 10, 82, 59, 46]",529,592,6,12
593,"[1, 2, 3, 4, 5, 6, 7, 8, 9, 10]","[35, 12, 44, 11, 33, 83, 94, 33, 84, 17]",446,593,6,12
594,"[1, 2, 3, 4, 5, 6, 7, 8, 9, 10]","[53, 48, 53, 92, 17, 90, 87, 64, 70, 100]",674,594,6,12
595,"[1, 2, 3, 4, 5, 6, 7, 8, 9, 10]","[49, 91, 22, 29, 19, 54, 40, 55, 25, 85]",469,595,6,12
596,"[1, 2, 3, 4, 5, 6, 7, 8, 9, 10]","[51, 63, 28, 73, 31, 76, 64, 89, 50, 71]",596,596,6,12
597,"[1, 2, 3, 4, 5, 6, 7, 8, 9, 10]","[79, 56, 90, 23, 41, 41, 41, 13, 31, 37]",452,597,6,12
598,"[1, 2, 3, 4, 5, 6, 7, 8, 9, 10]","[18, 100, 75, 25, 64, 35, 66, 77, 10, 19]",489,598,6,12
599,"[1, 2, 3, 4, 5, 6, 7, 8, 9, 10]","[37, 62, 54, 41, 81, 75, 38, 18, 50, 35]",491,599,6,12
600,"[1, 2, 3, 4, 5, 6, 7, 8, 9, 10]","[85, 87, 90, 57, 54, 89, 26, 59, 18, 12]",577,600,6,12
601,"[1, 2, 3, 4, 5, 6, 7, 8, 9, 10]","[80, 37, 50, 97, 68, 91, 99, 53, 79, 67]",721,601,7,5
602,"[1, 2, 3, 4, 5, 6, 7, 8, 9, 10]","[78, 75, 59, 87, 58, 81, 43, 19, 72, 44]",616,602,7,5
603,"[1, 2, 3, 4, 5, 6, 7, 8, 9, 10]","[84, 44, 16, 36, 39, 49, 95, 96, 58, 54]",571,603,7,5
604,"[1, 2, 3, 4, 5, 6, 7, 8, 9, 10]","[48, 88, 67, 90, 72, 16, 82, 74, 33, 47]",617,604,7,5
605,"[1, 2, 3, 4, 5, 6, 7, 8, 9, 10]","[37, 31, 65, 52, 80, 50, 17, 92, 85, 77]",586,605,7,5
606,"[1, 2, 3, 4, 5, 6, 7, 8, 9, 10]","[22, 67, 85, 10, 67, 23, 20, 65, 76, 23]",458,606,7,5
607,"[1, 2, 3, 4, 5, 6, 7, 8, 9, 10]","[52, 13, 51, 91, 95, 84, 67, 31, 15, 20]",519,607,7,5
608,"[1, 2, 3, 4, 5, 6, 7, 8, 9, 10]","[10, 71, 79, 35, 93, 17, 62, 24, 53, 88]",532,608,7,5
609,"[1, 2, 3, 4, 5, 6, 7, 8, 9, 10]","[16, 22, 82, 48, 26, 37, 13, 10, 14, 85]",353,609,7,5
610,"[1, 2, 3, 4, 5, 6, 7, 8, 9, 10]","[69, 69, 96, 58, 82, 66, 98, 38, 72, 84]",732,610,7,5
611,"[1, 2, 3, 4, 5, 6, 7, 8, 9, 10]","[48, 26, 38, 85, 73, 24, 60, 55, 84, 83]",576,611,7,12
612,"[1, 2, 3, 4, 5, 6, 7, 8, 9, 10]","[65, 13, 35, 55, 98, 42, 93, 33, 41, 96]",571,612,7,12
613,"[1, 2, 3, 4, 5, 6, 7, 8, 9, 10]","[68, 44, 41, 98, 50, 67, 10, 71, 92, 89]",630,613,7,12
614,"[1, 2, 3, 4, 5, 6, 7, 8, 9, 10]","[72, 66, 77, 80, 81, 63, 18, 69, 27, 76]",629,614,7,12
615,"[1, 2, 3, 4, 5, 6, 7, 8, 9, 10]","[92, 85, 20, 21, 78, 72, 63, 57, 14, 46]",548,615,7,12
616,"[1, 2, 3, 4, 5, 6, 7, 8, 9, 10]","[48, 10, 46, 40, 72, 63, 13, 53, 96, 35]",476,616,7,12
617,"[1, 2, 3, 4, 5, 6, 7, 8, 9, 10]","[96, 79, 93, 53, 90, 99, 19, 71, 48, 65]",713,617,7,12
618,"[1, 2, 3, 4, 5, 6, 7, 8, 9, 10]","[20, 99, 70, 41, 80, 20, 69, 27, 43, 67]",536,618,7,12
619,"[1, 2, 3, 4, 5, 6, 7, 8, 9, 10]","[94, 48, 92, 32, 70, 17, 45, 99, 100, 50]",647,619,7,12
620,"[1, 2, 3, 4, 5, 6, 7, 8, 9, 10]","[34, 75, 50, 40, 14, 67, 96, 83, 60, 89]",608,620,7,12
621,"[1, 2, 3, 4, 5, 6, 7, 8, 9, 10]","[99, 98, 66, 35, 67, 54, 68, 93, 11, 19]",610,621,7,25
622,"[1, 2, 3, 4, 5, 6, 7, 8, 9, 10]","[23, 64, 19, 50, 73, 66, 73, 91, 18, 10]",487,622,7,25
623,"[1, 2, 3, 4, 5, 6, 7, 8, 9, 10]","[44, 35, 17, 29, 12, 16, 65, 65, 10, 50]",343,623,7,25
624,"[1, 2, 3, 4, 5, 6, 7, 8, 9, 10]","[37, 18, 83, 53, 26, 64, 24, 77, 77, 75]",534,624,7,25
625,"[1, 2, 3, 4, 5, 6, 7, 8, 9, 10]","[44, 83, 17, 26, 86, 49, 73, 42, 12, 50]",482,625,7,25
626,"[1, 2, 3, 4, 5, 6, 7, 8, 9, 10]","[53, 49, 82, 26, 20, 69, 26, 55, 39, 41]",460,626,7,25
627,"[1, 2, 3, 4, 5, 6, 7, 8, 9, 10]","[60, 89, 59, 23, 55, 99, 70, 51, 57, 56]",619,627,7,25
628,"[1, 2, 3, 4, 5, 6, 7, 8, 9, 10]","[58, 63, 91, 94, 51, 68, 76, 16, 92, 87]",696,628,7,25
629,"[1, 2, 3, 4, 5, 6, 7, 8, 9, 10]","[89, 94, 21, 14, 90, 13, 78, 64, 14, 83]",560,629,7,25
630,"[1, 2, 3, 4, 5, 6, 7, 8, 9, 10]","[56, 68, 13, 56, 75, 38, 100, 67, 33, 81]",587,630,7,25
631,"[1, 2, 3, 4, 5, 6, 7, 8, 9, 10]","[76, 45, 61, 56, 19, 34, 17, 20, 70, 75]",473,631,7,17
632,"[1, 2, 3, 4, 5, 6, 7, 8, 9, 10]","[49, 74, 98, 14, 13, 47, 53, 20, 77, 64]",509,632,7,17
633,"[1, 2, 3, 4, 5, 6, 7, 8, 9, 10]","[12, 42, 46, 62, 99, 19, 60, 78, 71, 95]",584,633,7,17
634,"[1, 2, 3, 4, 5, 6, 7, 8, 9, 10]","[70, 13, 86, 81, 55, 44, 41, 39, 90, 98]",617,634,7,17
635,"[1, 2, 3, 4, 5, 6, 7, 8, 9, 10]","[42, 60, 54, 24, 92, 36, 36, 95, 80, 43]",562,635,7,17
636,"[1, 2, 3, 4, 5, 6, 7, 8, 9, 10]","[77, 45, 97, 51, 24, 85, 90, 61, 32, 82]",644,636,7,17
637,"[1, 2, 3, 4, 5, 6, 7, 8, 9, 10]","[67, 53, 20, 25, 53, 71, 46, 15, 14, 100]",464,637,7,17
638,"[1, 2, 3, 4, 5, 6, 7, 8, 9, 10]","[94, 85, 17, 37, 92, 16, 91, 77, 93, 31]",633,638,7,17
639,"[1, 2, 3, 4, 5, 6, 7, 8, 9, 10]","[63, 88, 67, 51, 10, 65, 38, 39, 33, 30]",484,639,7,17
640,"[1, 2, 3, 4, 5, 6, 7, 8, 9, 10]","[46, 84, 62, 74, 59, 67, 25, 78, 59, 35]",589,640,7,17
641,"[1, 2, 3, 4, 5, 6, 7, 8, 9, 10]","[86, 56, 43, 23, 79, 11, 84, 68, 75, 20]",545,641,7,1
642,"[1, 2, 3, 4, 5, 6, 7, 8, 9, 10]","[36, 94, 36, 92, 83, 12, 99, 55, 79, 11]",597,642,7,1
643,"[1, 2, 3, 4, 5, 6, 7, 8, 9, 10]","[68, 80, 48, 58, 33, 72, 96, 88, 52, 45]",640,643,7,1
644,"[1, 2, 3, 4, 5, 6, 7, 8, 9, 10]","[87, 39, 88, 92, 60, 93, 71, 95, 99, 58]",782,644,7,1
645,"[1, 2, 3, 4, 5, 6, 7, 8, 9, 10]","[81, 24, 65, 60, 27, 23, 10, 29, 57, 12]",388,645,7,1
646,"[1, 2, 3, 4, 5, 6, 7, 8, 9, 10]","[46, 68, 54, 34, 53, 84, 56, 77, 26, 58]",556,646,7,1
647,"[1, 2, 3, 4, 5, 6, 7, 8, 9, 10]","[70, 89, 98, 66, 84, 73, 14, 68, 88, 45]",695,647,7,1
648,"[1, 2, 3, 4, 5, 6, 7, 8, 9, 10]","[37, 18, 98, 45, 13, 97, 52, 21, 82, 66]",529,648,7,1
649,"[1, 2, 3, 4, 5, 6, 7, 8, 9, 10]","[89, 71, 24, 93, 72, 97, 73, 22, 25, 59]",625,649,7,1
650,"[1, 2, 3, 4, 5, 6, 7, 8, 9, 10]","[100, 30, 20, 38, 22, 42, 75, 95, 85, 72]",579,650,7,1
651,"[1, 2, 3, 4, 5, 6, 7, 8, 9, 10]","[83, 44, 28, 20, 12, 24, 44, 41, 66, 73]",435,651,7,11
652,"[1, 2, 3, 4, 5, 6, 7, 8, 9, 10]","[19, 88, 80, 74, 45, 72, 65, 53, 37, 23]",556,652,7,11
653,"[1, 2, 3, 4, 5, 6, 7, 8, 9, 10]","[74, 21, 25, 13, 76, 52, 43, 72, 96, 80]",552,653,7,11
654,"[1, 2, 3, 4, 5, 6, 7, 8, 9, 10]","[63, 21, 14, 42, 31, 42, 90, 80, 63, 92]",538,654,7,11
655,"[1, 2, 3, 4, 5, 6, 7, 8, 9, 10]","[100, 94, 41, 42, 19, 79, 66, 57, 51, 66]",615,655,7,11
656,"[1, 2, 3, 4, 5, 6, 7, 8, 9, 10]","[18, 21, 69, 68, 65, 79, 28, 21, 31, 68]",468,656,7,11
657,"[1, 2, 3, 4, 5, 6, 7, 8, 9, 10]","[88, 73, 87, 20, 16, 33, 43, 100, 52, 52]",564,657,7,11
658,"[1, 2, 3, 4, 5, 6, 7, 8, 9, 10]","[62, 62, 92, 100, 75, 77, 87, 11, 12, 67]",645,658,7,11
659,"[1, 2, 3, 4, 5, 6, 7, 8, 9, 10]","[97, 47, 80, 76, 64, 45, 14, 95, 64, 85]",667,659,7,11
660,"[1, 2, 3, 4, 5, 6, 7, 8, 9, 10]","[42, 41, 30, 15, 94, 14, 96, 32, 95, 58]",517,660,7,11
661,"[1, 2, 3, 4, 5, 6, 7, 8, 9, 10]","[41, 73, 74, 88, 22, 46, 91, 60, 49, 51]",595,661,7,20
662,"[1, 2, 3, 4, 5, 6, 7, 8, 9, 10]","[87, 53, 60, 88, 71, 14, 10, 40, 84, 71]",578,662,7,20
663,"[1, 2, 3, 4, 5, 6, 7, 8, 9, 10]","[16, 22, 36, 50, 73, 61, 85, 99, 80, 22]",544,663,7,20
664,"[1, 2, 3, 4, 5, 6, 7, 8, 9, 10]","[19, 46, 99, 42, 17, 32, 22, 59, 75, 74]",485,664,7,20
665,"[1, 2, 3, 4, 5, 6, 7, 8, 9, 10]","[63, 11, 83, 82, 98, 16, 38, 43, 53, 57]",544,665,7,20
666,"[1, 2, 3, 4, 5, 6, 7, 8, 9, 10]","[20, 41, 70, 94, 88, 10, 74, 15, 96, 29]",537,666,7,20
667,"[1, 2, 3, 4, 5, 6, 7, 8, 9, 10]","[41, 53, 62, 45, 100, 96, 63, 97, 41, 77]",675,667,7,20
668,"[1, 2, 3, 4, 5, 6, 7, 8, 9, 10]","[93, 61, 40, 29, 85, 100, 17, 89, 97, 42]",653,668,7,20
669,"[1, 2, 3, 4, 5, 6, 7, 8, 9, 10]","[60, 44, 97, 50, 31, 67, 61, 99, 27, 86]",622,669,7,20
670,"[1, 2, 3, 4, 5, 6, 7, 8, 9, 10]","[50, 66, 49, 20, 32, 99, 75, 73, 90, 21]",575,670,7,20
671,"[1, 2, 3, 4, 5, 6, 7, 8, 9, 10]","[69, 82, 58, 37, 17, 67, 20, 49, 27, 71]",497,671,7,16
672,"[1, 2, 3, 4, 5, 6, 7, 8, 9, 10]","[39, 32, 21, 27, 20, 48, 96, 31, 83, 63]",460,672,7,16
673,"[1, 2, 3, 4, 5, 6, 7, 8, 9, 10]","[82, 63, 32, 37, 99, 54, 93, 81, 86, 51]",678,673,7,16
674,"[1, 2, 3, 4, 5, 6, 7, 8, 9, 10]","[40, 25, 13, 81, 87, 37, 12, 41, 30, 68]",434,674,7,16
675,"[1, 2, 3, 4, 5, 6, 7, 8, 9, 10]","[16, 13, 82, 27, 24, 18, 16, 44, 64, 24]",328,675,7,16
676,"[1, 2, 3, 4, 5, 6, 7, 8, 9, 10]","[86, 76, 69, 23, 61, 88, 99, 51, 17, 85]",655,676,7,16
677,"[1, 2, 3, 4, 5, 6, 7, 8, 9, 10]","[21, 79, 25, 72, 56, 82, 94, 10, 68, 32]",539,677,7,16
678,"[1, 2, 3, 4, 5, 6, 7, 8, 9, 10]","[53, 72, 48, 54, 36, 48, 25, 86, 50, 79]",551,678,7,16
679,"[1, 2, 3, 4, 5, 6, 7, 8, 9, 10]","[68, 43, 10, 82, 44, 85, 100, 25, 45, 47]",549,679,7,16
680,"[1, 2, 3, 4, 5, 6, 7, 8, 9, 10]","[44, 52, 77, 96, 35, 28, 84, 54, 52, 32]",554,680,7,16
681,"[1, 2, 3, 4, 5, 6, 7, 8, 9, 10]","[60, 91, 40, 40, 48, 82, 49, 99, 77, 33]",619,681,7,19
682,"[1, 2, 3, 4, 5, 6, 7, 8, 9, 10]","[27, 23, 37, 47, 53, 32, 79, 34, 59, 94]",485,682,7,19
683,"[1, 2, 3, 4, 5, 6, 7, 8, 9, 10]","[83, 30, 87, 73, 45, 97, 57, 72, 15, 96]",655,683,7,19
684,"[1, 2, 3, 4, 5, 6, 7, 8, 9, 10]","[95, 55, 54, 89, 78, 99, 93, 71, 21, 67]",722,684,7,19
685,"[1, 2, 3, 4, 5, 6, 7, 8, 9, 10]","[18, 90, 64, 39, 13, 12, 73, 62, 45, 47]",463,685,7,19
686,"[1, 2, 3, 4, 5, 6, 7, 8, 9, 10]","[57, 14, 14, 15, 36, 89, 81, 54, 45, 78]",483,686,7,19
687,"[1, 2, 3, 4, 5, 6, 7, 8, 9, 10]","[56, 89, 37, 98, 68, 29, 74, 89, 29, 51]",620,687,7,19
688,"[1, 2, 3, 4, 5, 6, 7, 8, 9, 10]","[38, 42, 60, 57, 71, 15, 82, 25, 94, 94]",578,688,7,19
689,"[1, 2, 3, 4, 5, 6, 7, 8, 9, 10]","[87, 68, 29, 83, 48, 12, 34, 15, 29, 26]",431,689,7,19
690,"[1, 2, 3, 4, 5, 6, 7, 8, 9, 10]","[37, 24, 99, 16, 35, 90, 50, 76, 76, 29]",532,690,7,19
691,"[1, 2, 3, 4, 5, 6, 7, 8, 9, 10]","[45, 84, 12, 47, 26, 55, 36, 26, 73, 28]",432,691,7,4
692,"[1, 2, 3, 4, 5, 6, 7, 8, 9, 10]","[16, 32, 59, 91, 54, 49, 46, 96, 81, 98]",622,692,7,4
693,"[1, 2, 3, 4, 5, 6, 7, 8, 9, 10]","[95, 63, 47, 14, 22, 92, 99, 49, 44, 11]",536,693,7,4
694,"[1, 2, 3, 4, 5, 6, 7, 8, 9, 10]","[99, 38, 30, 91, 33, 33, 77, 82, 34, 82]",599,694,7,4
695,"[1, 2, 3, 4, 5, 6, 7, 8, 9, 10]","[38, 58, 64, 38, 84, 55, 88, 13, 100, 62]",600,695,7,4
696,"[1, 2, 3, 4, 5, 6, 7, 8, 9, 10]","[41, 47, 77, 79, 27, 100, 51, 66, 51, 35]",574,696,7,4
697,"[1, 2, 3, 4, 5, 6, 7, 8, 9, 10]","[85, 81, 83, 17, 86, 94, 45, 57, 73, 58]",679,697,7,4
698,"[1, 2, 3, 4, 5, 6, 7, 8, 9, 10]","[89, 94, 86, 49, 25, 51, 61, 18, 75, 25]",573,698,7,4
699,"[1, 2, 3, 4, 5, 6, 7, 8, 9, 10]","[83, 38, 24, 28, 30, 76, 13, 13, 54, 50]",409,699,7,4
700,"[1, 2, 3, 4, 5, 6, 7, 8, 9, 10]","[38, 26, 79, 46, 71, 49, 79, 64, 31, 29]",512,700,7,4
701,"[1, 2, 3, 4, 5, 6, 7, 8, 9, 10]","[79, 43, 14, 24, 92, 77, 79, 34, 67, 61]",570,701,8,13
702,"[1, 2, 3, 4, 5, 6, 7, 8, 9, 10]","[97, 97, 14, 100, 10, 82, 89, 58, 97, 93]",737,702,8,13
703,"[1, 2, 3, 4, 5, 6, 7, 8, 9, 10]","[13, 94, 55, 33, 22, 77, 77, 25, 20, 96]",512,703,8,13
704,"[1, 2, 3, 4, 5, 6, 7, 8, 9, 10]","[95, 15, 23, 83, 24, 72, 87, 47, 93, 94]",633,704,8,13
705,"[1, 2, 3, 4, 5, 6, 7, 8, 9, 10]","[80, 100, 40, 20, 18, 62, 16, 80, 56, 56]",528,705,8,13
706,"[1, 2, 3, 4, 5, 6, 7, 8, 9, 10]","[13, 100, 42, 25, 25, 68, 51, 86, 43, 88]",541,706,8,13
707,"[1, 2, 3, 4, 5, 6, 7, 8, 9, 10]","[67, 63, 65, 15, 29, 11, 31, 15, 46, 23]",365,707,8,13
708,"[1, 2, 3, 4, 5, 6, 7, 8, 9, 10]","[93, 26, 52, 19, 87, 64, 93, 31, 98, 29]",592,708,8,13
709,"[1, 2, 3, 4, 5, 6, 7, 8, 9, 10]","[16, 39, 85, 48, 66, 91, 29, 31, 78, 80]",563,709,8,13
710,"[1, 2, 3, 4, 5, 6, 7, 8, 9, 10]","[57, 52, 76, 58, 25, 31, 12, 93, 38, 70]",512,710,8,13
711,"[1, 2, 3, 4, 5, 6, 7, 8, 9, 10]","[67, 90, 37, 33, 74, 29, 74, 38, 15, 98]",555,711,8,12
712,"[1, 2, 3, 4, 5, 6, 7, 8, 9, 10]","[75, 99, 51, 33, 34, 34, 29, 77, 66, 89]",587,712,8,12
713,"[1, 2, 3, 4, 5, 6, 7, 8, 9, 10]","[82, 51, 77, 32, 35, 38, 58, 71, 62, 30]",536,713,8,12
714,"[1, 2, 3, 4, 5, 6, 7, 8, 9, 10]","[40, 59, 59, 26, 16, 47, 52, 39, 93, 18]",449,714,8,12
715,"[1, 2, 3, 4, 5, 6, 7, 8, 9, 10]","[86, 66, 76, 27, 66, 46, 16, 96, 87, 15]",581,715,8,12
716,"[1, 2, 3, 4, 5, 6, 7, 8, 9, 10]","[70, 61, 89, 57, 49, 49, 88, 72, 49, 59]",643,716,8,12
717,"[1, 2, 3, 4, 5, 6, 7, 8, 9, 10]","[90, 42, 45, 32, 39, 21, 34, 65, 44, 98]",510,717,8,12
718,"[1, 2, 3, 4, 5, 6, 7, 8, 9, 10]","[93, 99, 46, 74, 14, 40, 61, 58, 57, 86]",628,718,8,12
719,"[1, 2, 3, 4, 5, 6, 7, 8, 9, 10]","[12, 98, 64, 90, 50, 53, 45, 100, 52, 94]",658,719,8,12
720,"[1, 2, 3, 4, 5, 6, 7, 8, 9, 10]","[43, 47, 39, 33, 27, 15, 71, 37, 77, 34]",423,720,8,12
721,"[1, 2, 3, 4, 5, 6, 7, 8, 9, 10]","[37, 89, 71, 53, 98, 64, 100, 61, 49, 57]",679,721,8,18
722,"[1, 2, 3, 4, 5, 6, 7, 8, 9, 10]","[41, 13, 36, 55, 72, 75, 23, 52, 63, 60]",490,722,8,18
723,"[1, 2, 3, 4, 5, 6, 7, 8, 9, 10]","[32, 17, 17, 15, 61, 68, 14, 17, 55, 19]",315,723,8,18
724,"[1, 2, 3, 4, 5, 6, 7, 8, 9, 10]","[37, 19, 21, 75, 73, 88, 57, 55, 60, 57]",542,724,8,18
725,"[1, 2, 3, 4, 5, 6, 7, 8, 9, 10]","[34, 71, 62, 24, 63, 11, 60, 68, 63, 74]",530,725,8,18
726,"[1, 2, 3, 4, 5, 6, 7, 8, 9, 10]","[19, 49, 72, 23, 88, 97, 89, 63, 81, 86]",667,726,8,18
727,"[1, 2, 3, 4, 5, 6, 7, 8, 9, 10]","[29, 63, 18, 56, 58, 10, 99, 26, 96, 65]",520,727,8,18
728,"[1, 2, 3, 4, 5, 6, 7, 8, 9, 10]","[57, 91, 86, 88, 80, 50, 44, 46, 78, 36]",656,728,8,18
729,"[1, 2, 3, 4, 5, 6, 7, 8, 9, 10]","[27, 86, 30, 52, 86, 26, 98, 96, 95, 21]",617,729,8,18
730,"[1, 2, 3, 4, 5, 6, 7, 8, 9, 10]","[30, 53, 57, 77, 93, 11, 22, 91, 82, 42]",558,730,8,18
731,"[1, 2, 3, 4, 5, 6, 7, 8, 9, 10]","[13, 71, 26, 29, 91, 67, 82, 46, 26, 88]",539,731,8,11
732,"[1, 2, 3, 4, 5, 6, 7, 8, 9, 10]","[90, 42, 85, 76, 68, 13, 99, 97, 19, 24]",613,732,8,11
733,"[1, 2, 3, 4, 5, 6, 7, 8, 9, 10]","[20, 54, 45, 61, 21, 95, 10, 63, 70, 63]",502,733,8,11
734,"[1, 2, 3, 4, 5, 6, 7, 8, 9, 10]","[74, 69, 40, 76, 24, 47, 29, 18, 50, 74]",501,734,8,11
735,"[1, 2, 3, 4, 5, 6, 7, 8, 9, 10]","[92, 19, 60, 41, 58, 63, 84, 70, 79, 98]",664,735,8,11
736,"[1, 2, 3, 4, 5, 6, 7, 8, 9, 10]","[48, 37, 13, 99, 15, 92, 25, 64, 57, 91]",541,736,8,11
737,"[1, 2, 3, 4, 5, 6, 7, 8, 9, 10]","[96, 29, 37, 74, 17, 38, 37, 30, 10, 39]",407,737,8,11
738,"[1, 2, 3, 4, 5, 6, 7, 8, 9, 10]","[82, 41, 87, 98, 79, 69, 77, 62, 84, 61]",740,738,8,11
739,"[1, 2, 3, 4, 5, 6, 7, 8, 9, 10]","[46, 59, 85, 80, 73, 18, 43, 47, 75, 29]",555,739,8,11
740,"[1, 2, 3, 4, 5, 6, 7, 8, 9, 10]","[29, 76, 78, 17, 95, 53, 63, 49, 86, 11]",557,740,8,11
741,"[1, 2, 3, 4, 5, 6, 7, 8, 9, 10]","[75, 75, 38, 18, 66, 98, 80, 51, 35, 20]",556,741,8,25
742,"[1, 2, 3, 4, 5, 6, 7, 8, 9, 10]","[39, 30, 23, 34, 65, 60, 44, 20, 30, 11]",356,742,8,25
743,"[1, 2, 3, 4, 5, 6, 7, 8, 9, 10]","[12, 85, 11, 58, 69, 66, 94, 71, 79, 55]",600,743,8,25
744,"[1, 2, 3, 4, 5, 6, 7, 8, 9, 10]","[16, 76, 17, 31, 98, 94, 30, 79, 81, 77]",599,744,8,25
745,"[1, 2, 3, 4, 5, 6, 7, 8, 9, 10]","[45, 29, 24, 93, 84, 18, 53, 20, 25, 81]",472,745,8,25
746,"[1, 2, 3, 4, 5, 6, 7, 8, 9, 10]","[83, 47, 62, 88, 19, 31, 33, 51, 49, 40]",503,746,8,25
747,"[1, 2, 3, 4, 5, 6, 7, 8, 9, 10]","[33, 58, 22, 15, 11, 84, 76, 46, 11, 79]",435,747,8,25
748,"[1, 2, 3, 4, 5, 6, 7, 8, 9, 10]","[91, 32, 89, 57, 35, 97, 14, 79, 37, 97]",628,748,8,25
749,"[1, 2, 3, 4, 5, 6, 7, 8, 9, 10]","[94, 78, 55, 34, 69, 95, 25, 48, 48, 69]",615,749,8,25
750,"[1, 2, 3, 4, 5, 6, 7, 8, 9, 10]","[66, 76, 88, 83, 39, 66, 22, 10, 54, 49]",553,750,8,25
751,"[1, 2, 3, 4, 5, 6, 7, 8, 9, 10]","[74, 43, 54, 52, 33, 86, 58, 44, 51, 44]",539,751,8,23
752,"[1, 2, 3, 4, 5, 6, 7, 8, 9, 10]","[39, 17, 22, 16, 87, 21, 14, 80, 41, 71]",408,752,8,23
753,"[1, 2, 3, 4, 5, 6, 7, 8, 9, 10]","[77, 61, 79, 75, 65, 60, 20, 55, 51, 48]",591,753,8,23
754,"[1, 2, 3, 4, 5, 6, 7, 8, 9, 10]","[27, 80, 74, 47, 83, 51, 79, 62, 14, 17]",534,754,8,23
755,"[1, 2, 3, 4, 5, 6, 7, 8, 9, 10]","[80, 58, 85, 62, 60, 44, 65, 73, 37, 86]",650,755,8,23
756,"[1, 2, 3, 4, 5, 6, 7, 8, 9, 10]","[62, 23, 24, 94, 99, 10, 79, 22, 85, 93]",591,756,8,23
757,"[1, 2, 3, 4, 5, 6, 7, 8, 9, 10]","[48, 65, 15, 78, 60, 18, 94, 36, 25, 28]",467,757,8,23
758,"[1, 2, 3, 4, 5, 6, 7, 8, 9, 10]","[33, 71, 74, 63, 97, 46, 90, 16, 32, 84]",606,758,8,23
759,"[1, 2, 3, 4, 5, 6, 7, 8, 9, 10]","[70, 100, 25, 63, 20, 71, 41, 14, 46, 76]",526,759,8,23
760,"[1, 2, 3, 4, 5, 6, 7, 8, 9, 10]","[18, 44, 27, 66, 47, 76, 74, 90, 87, 46]",575,760,8,23
761,"[1, 2, 3, 4, 5, 6, 7, 8, 9, 10]","[65, 30, 75, 71, 26, 42, 70, 47, 38, 53]",517,761,8,21
762,"[1, 2, 3, 4, 5, 6, 7, 8, 9, 10]","[51, 86, 55, 46, 82, 71, 36, 43, 31, 24]",525,762,8,21
763,"[1, 2, 3, 4, 5, 6, 7, 8, 9, 10]","[10, 94, 79, 97, 14, 65, 10, 51, 64, 35]",519,763,8,21
764,"[1, 2, 3, 4, 5, 6, 7, 8, 9, 10]","[12, 97, 20, 79, 47, 84, 26, 63, 89, 32]",549,764,8,21
765,"[1, 2, 3, 4, 5, 6, 7, 8, 9, 10]","[28, 93, 45, 26, 62, 64, 34, 72, 13, 94]",531,765,8,21
766,"[1, 2, 3, 4, 5, 6, 7, 8, 9, 10]","[25, 45, 38, 38, 86, 53, 45, 80, 55, 19]",484,766,8,21
767,"[1, 2, 3, 4, 5, 6, 7, 8, 9, 10]","[71, 44, 54, 69, 42, 85, 84, 49, 54, 13]",565,767,8,21
768,"[1, 2, 3, 4, 5, 6, 7, 8, 9, 10]","[16, 21, 50, 62, 17, 12, 53, 96, 94, 87]",508,768,8,21
769,"[1, 2, 3, 4, 5, 6, 7, 8, 9, 10]","[75, 54, 36, 18, 65, 96, 15, 68, 83, 54]",564,769,8,21
770,"[1, 2, 3, 4, 5, 6, 7, 8, 9, 10]","[38, 41, 78, 17, 19, 39, 42, 82, 97, 22]",475,770,8,21
771,"[1, 2, 3, 4, 5, 6, 7, 8, 9, 10]","[52, 18, 90, 14, 81, 19, 94, 41, 57, 67]",533,771,8,17
772,"[1, 2, 3, 4, 5, 6, 7, 8, 9, 10]","[10, 20, 83, 18, 92, 66, 11, 90, 78, 70]",538,772,8,17
773,"[1, 2, 3, 4, 5, 6, 7, 8, 9, 10]","[98, 61, 64, 58, 44, 51, 87, 65, 41, 26]",595,773,8,17
774,"[1, 2, 3, 4, 5, 6, 7, 8, 9, 10]","[25, 60, 27, 72, 41, 20, 14, 81, 82, 31]",453,774,8,17
775,"[1, 2, 3, 4, 5, 6, 7, 8, 9, 10]","[77, 47, 91, 96, 64, 97, 10, 31, 63, 94]",670,775,8,17
776,"[1, 2, 3, 4, 5, 6, 7, 8, 9, 10]","[56, 92, 46, 84, 73, 26, 66, 93, 54, 94]",684,776,8,17
777,"[1, 2, 3, 4, 5, 6, 7, 8, 9, 10]","[11, 93, 41, 16, 11, 86, 89, 88, 89, 90]",614,777,8,17
778,"[1, 2, 3, 4, 5, 6, 7, 8, 9, 10]","[62, 42, 53, 66, 84, 59, 42, 95, 100, 10]",613,778,8,17
779,"[1, 2, 3, 4, 5, 6, 7, 8, 9, 10]","[100, 61, 21, 85, 32, 87, 74, 51, 32, 46]",589,779,8,17
780,"[1, 2, 3, 4, 5, 6, 7, 8, 9, 10]","[47, 50, 63, 39, 75, 93, 76, 85, 77, 24]",629,780,8,17
781,"[1, 2, 3, 4, 5, 6, 7, 8, 9, 10]","[37, 14, 62, 64, 49, 31, 73, 78, 94, 41]",543,781,8,15
782,"[1, 2, 3, 4, 5, 6, 7, 8, 9, 10]","[27, 53, 64, 39, 48, 62, 32, 30, 72, 93]",520,782,8,15
783,"[1, 2, 3, 4, 5, 6, 7, 8, 9, 10]","[43, 21, 100, 98, 29, 92, 39, 19, 84, 38]",563,783,8,15
784,"[1, 2, 3, 4, 5, 6, 7, 8, 9, 10]","[92, 92, 99, 90, 84, 33, 37, 80, 63, 26]",696,784,8,15
785,"[1, 2, 3, 4, 5, 6, 7, 8, 9, 10]","[19, 47, 26, 88, 74, 94, 84, 35, 40, 27]",534,785,8,15
786,"[1, 2, 3, 4, 5, 6, 7, 8, 9, 10]","[55, 40, 27, 16, 95, 74, 92, 75, 18, 57]",549,786,8,15
787,"[1, 2, 3, 4, 5, 6, 7, 8, 9, 10]","[20, 18, 71, 24, 75, 75, 42, 69, 50, 19]",463,787,8,15
788,"[1, 2, 3, 4, 5, 6, 7, 8, 9, 10]","[95, 45, 26, 27, 53, 38, 82, 74, 43, 82]",565,788,8,15
789,"[1, 2, 3, 4, 5, 6, 7, 8, 9, 10]","[74, 78, 80, 23, 91, 100, 12, 73, 95, 44]",670,789,8,15
790,"[1, 2, 3, 4, 5, 6, 7, 8, 9, 10]","[34, 68, 50, 79, 40, 54, 71, 37, 98, 85]",616,790,8,15
791,"[1, 2, 3, 4, 5, 6, 7, 8, 9, 10]","[84, 99, 47, 43, 11, 44, 95, 55, 70, 34]",582,791,8,20
792,"[1, 2, 3, 4, 5, 6, 7, 8, 9, 10]","[12, 34, 80, 36, 56, 12, 33, 76, 93, 58]",490,792,8,20
793,"[1, 2, 3, 4, 5, 6, 7, 8, 9, 10]","[45, 93, 75, 33, 55, 85, 52, 11, 37, 74]",560,793,8,20
794,"[1, 2, 3, 4, 5, 6, 7, 8, 9, 10]","[87, 18, 68, 84, 66, 99, 94, 96, 35, 86]",733,794,8,20
795,"[1, 2, 3, 4, 5, 6, 7, 8, 9, 10]","[12, 49, 76, 31, 74, 17, 91, 85, 84, 11]",530,795,8,20
796,"[1, 2, 3, 4, 5, 6, 7, 8, 9, 10]","[85, 58, 77, 44, 77, 33, 11, 11, 93, 73]",562,796,8,20
797,"[1, 2, 3, 4, 5, 6, 7, 8, 9, 10]","[57, 55, 14, 61, 21, 97, 49, 48, 38, 68]",508,797,8,20
798,"[1, 2, 3, 4, 5, 6, 7, 8, 9, 10]","[18, 61, 54, 91, 22, 10, 57, 78, 54, 62]",507,798,8,20
799,"[1, 2, 3, 4, 5, 6, 7, 8, 9, 10]","[44, 18, 51, 48, 92, 22, 35, 86, 87, 54]",537,799,8,20
800,"[1, 2, 3, 4, 5, 6, 7, 8, 9, 10]","[99, 70, 12, 69, 43, 75, 68, 81, 17, 11]",545,800,8,20
801,"[1, 2, 3, 4, 5, 6, 7, 8, 9, 10]","[18, 51, 93, 95, 36, 33, 47, 62, 52, 50]",537,801,9,5
802,"[1, 2, 3, 4, 5, 6, 7, 8, 9, 10]","[39, 25, 78, 94, 59, 11, 77, 93, 24, 73]",573,802,9,5
803,"[1, 2, 3, 4, 5, 6, 7, 8, 9, 10]","[82, 14, 53, 89, 56, 88, 15, 96, 21, 79]",593,803,9,5
804,"[1, 2, 3, 4, 5, 6, 7, 8, 9, 10]","[34, 21, 60, 73, 81, 62, 11, 10, 57, 58]",467,804,9,5
805,"[1, 2, 3, 4, 5, 6, 7, 8, 9, 10]","[84, 81, 24, 95, 91, 99, 22, 97, 62, 43]",698,805,9,5
806,"[1, 2, 3, 4, 5, 6, 7, 8, 9, 10]","[40, 68, 89, 44, 75, 43, 39, 58, 55, 14]",525,806,9,5
807,"[1, 2, 3, 4, 5, 6, 7, 8, 9, 10]","[44, 79, 49, 88, 59, 99, 20, 46, 100, 58]",642,807,9,5
808,"[1, 2, 3, 4, 5, 6, 7, 8, 9, 10]","[66, 66, 46, 29, 28, 82, 49, 12, 80, 57]",515,808,9,5
809,"[1, 2, 3, 4, 5, 6, 7, 8, 9, 10]","[26, 65, 90, 65, 33, 62, 67, 51, 28, 61]",548,809,9,5
810,"[1, 2, 3, 4, 5, 6, 7, 8, 9, 10]","[12, 22, 38, 52, 93, 34, 29, 14, 85, 68]",447,810,9,5
811,"[1, 2, 3, 4, 5, 6, 7, 8, 9, 10]","[61, 85, 59, 42, 88, 59, 99, 66, 48, 14]",621,811,9,24
812,"[1, 2, 3, 4, 5, 6, 7, 8, 9, 10]","[26, 67, 41, 31, 98, 75, 32, 61, 37, 35]",503,812,9,24
813,"[1, 2, 3, 4, 5, 6, 7, 8, 9, 10]","[13, 46, 78, 87, 100, 59, 46, 30, 72, 48]",579,813,9,24
814,"[1, 2, 3, 4, 5, 6, 7, 8, 9, 10]","[91, 28, 33, 94, 20, 22, 56, 81, 99, 30]",554,814,9,24
815,"[1, 2, 3, 4, 5, 6, 7, 8, 9, 10]","[33, 47, 84, 93, 70, 45, 93, 14, 90, 21]",590,815,9,24
816,"[1, 2, 3, 4, 5, 6, 7, 8, 9, 10]","[60, 43, 29, 34, 36, 35, 13, 19, 10, 42]",321,816,9,24
817,"[1, 2, 3, 4, 5, 6, 7, 8, 9, 10]","[50, 21, 67, 42, 30, 76, 11, 78, 82, 68]",525,817,9,24
818,"[1, 2, 3, 4, 5, 6, 7, 8, 9, 10]","[47, 21, 88, 74, 11, 40, 91, 27, 85, 92]",576,818,9,24
819,"[1, 2, 3, 4, 5, 6, 7, 8, 9, 10]","[71, 52, 43, 85, 23, 80, 88, 38, 37, 69]",586,819,9,24
820,"[1, 2, 3, 4, 5, 6, 7, 8, 9, 10]","[98, 10, 92, 91, 90, 88, 31, 91, 22, 76]",689,820,9,24
821,"[1, 2, 3, 4, 5, 6, 7, 8, 9, 10]","[72, 16, 23, 51, 24, 21, 29, 96, 17, 66]",415,821,9,15
822,"[1, 2, 3, 4, 5, 6, 7, 8, 9, 10]","[67, 29, 70, 90, 46, 27, 32, 58, 42, 15]",476,822,9,15
823,"[1, 2, 3, 4, 5, 6, 7, 8, 9, 10]","[13, 80, 52, 53, 45, 81, 60, 96, 21, 65]",566,823,9,15
824,"[1, 2, 3, 4, 5, 6, 7, 8, 9, 10]","[73, 25, 60, 91, 73, 69, 79, 41, 16, 81]",608,824,9,15
825,"[1, 2, 3, 4, 5, 6, 7, 8, 9, 10]","[53, 58, 47, 32, 92, 91, 43, 47, 54, 14]",531,825,9,15
826,"[1, 2, 3, 4, 5, 6, 7, 8, 9, 10]","[84, 98, 86, 61, 84, 57, 15, 72, 65, 46]",668,826,9,15
827,"[1, 2, 3, 4, 5, 6, 7, 8, 9, 10]","[88, 48, 79, 46, 36, 73, 98, 89, 38, 54]",649,827,9,15
828,"[1, 2, 3, 4, 5, 6, 7, 8, 9, 10]","[24, 90, 78, 16, 19, 41, 33, 15, 21, 82]",419,828,9,15
829,"[1, 2, 3, 4, 5, 6, 7, 8, 9, 10]","[84, 57, 96, 49, 45, 70, 98, 71, 33, 81]",684,829,9,15
830,"[1, 2, 3, 4, 5, 6, 7, 8, 9, 10]","[51, 40, 79, 69, 71, 39, 19, 11, 80, 90]",549,830,9,15
831,"[1, 2, 3, 4, 5, 6, 7, 8, 9, 10]","[91, 88, 17, 25, 24, 91, 36, 63, 51, 36]",522,831,9,19
832,"[1, 2, 3, 4, 5, 6, 7, 8, 9, 10]","[99, 61, 58, 57, 57, 52, 25, 37, 34, 63]",543,832,9,19
833,"[1, 2, 3, 4, 5, 6, 7, 8, 9, 10]","[36, 82, 56, 54, 21, 38, 24, 84, 75, 31]",501,833,9,19
834,"[1, 2, 3, 4, 5, 6, 7, 8, 9, 10]","[77, 99, 99, 25, 56, 54, 43, 85, 49, 93]",680,834,9,19
835,"[1, 2, 3, 4, 5, 6, 7, 8, 9, 10]","[92, 71, 56, 61, 37, 87, 99, 18, 100, 72]",693,835,9,19
836,"[1, 2, 3, 4, 5, 6, 7, 8, 9, 10]","[28, 11, 81, 48, 87, 18, 95, 68, 39, 20]",495,836,9,19
837,"[1, 2, 3, 4, 5, 6, 7, 8, 9, 10]","[96, 75, 23, 41, 27, 61, 57, 64, 71, 43]",558,837,9,19
838,"[1, 2, 3, 4, 5, 6, 7, 8, 9, 10]","[53, 61, 54, 97, 72, 92, 29, 75, 25, 66]",624,838,9,19
839,"[1, 2, 3, 4, 5, 6, 7, 8, 9, 10]","[28, 79, 98, 62, 57, 38, 24, 56, 31, 27]",500,839,9,19
840,"[1, 2, 3, 4, 5, 6, 7, 8, 9, 10]","[89, 99, 36, 51, 68, 64, 80, 80, 25, 11]",603,840,9,19
841,"[1, 2, 3, 4, 5, 6, 7, 8, 9, 10]","[37, 84, 51, 24, 64, 71, 38, 97, 84, 10]",560,841,9,20
842,"[1, 2, 3, 4, 5, 6, 7, 8, 9, 10]","[86, 90, 30, 21, 57, 84, 94, 48, 86, 61]",657,842,9,20
843,"[1, 2, 3, 4, 5, 6, 7, 8, 9, 10]","[83, 93, 13, 21, 85, 12, 15, 65, 81, 68]",536,843,9,20
844,"[1, 2, 3, 4, 5, 6, 7, 8, 9, 10]","[31, 51, 85, 17, 69, 63, 77, 52, 46, 47]",538,844,9,20
845,"[1, 2, 3, 4, 5, 6, 7, 8, 9, 10]","[25, 59, 24, 49, 10, 32, 26, 98, 33, 42]",398,845,9,20
846,"[1, 2, 3, 4, 5, 6, 7, 8, 9, 10]","[11, 61, 47, 24, 17, 22, 39, 31, 77, 34]",363,846,9,20
847,"[1, 2, 3, 4, 5, 6, 7, 8, 9, 10]","[47, 72, 70, 27, 32, 85, 25, 18, 57, 19]",452,847,9,20
848,"[1, 2, 3, 4, 5, 6, 7, 8, 9, 10]","[32, 80, 99, 67, 13, 27, 46, 63, 12, 97]",536,848,9,20
849,"[1, 2, 3, 4, 5, 6, 7, 8, 9, 10]","[98, 18, 100, 53, 36, 99, 56, 52, 27, 15]",554,849,9,20
850,"[1, 2, 3, 4, 5, 6, 7, 8, 9, 10]","[96, 98, 29, 31, 14, 72, 71, 61, 82, 43]",597,850,9,20
851,"[1, 2, 3, 4, 5, 6, 7, 8, 9, 10]","[60, 26, 84, 25, 68, 90, 86, 98, 34, 10]",581,851,9,9
852,"[1, 2, 3, 4, 5, 6, 7, 8, 9, 10]","[39, 32, 23, 40, 61, 87, 18, 75, 43, 90]",508,852,9,9
853,"[1, 2, 3, 4, 5, 6, 7, 8, 9, 10]","[32, 89, 59, 84, 24, 72, 75, 94, 87, 99]",715,853,9,9
854,"[1, 2, 3, 4, 5, 6, 7, 8, 9, 10]","[87, 57, 16, 66, 80, 76, 84, 70, 78, 26]",640,854,9,9
855,"[1, 2, 3, 4, 5, 6, 7, 8, 9, 10]","[82, 22, 86, 86, 10, 55, 43, 99, 92, 42]",617,855,9,9
856,"[1, 2, 3, 4, 5, 6, 7, 8, 9, 10]","[18, 42, 11, 56, 84, 18, 95, 37, 60, 98]",519,856,9,9
857,"[1, 2, 3, 4, 5, 6, 7, 8, 9, 10]","[30, 93, 66, 65, 55, 32, 28, 20, 17, 69]",475,857,9,9
858,"[1, 2, 3, 4, 5, 6, 7, 8, 9, 10]","[82, 34, 48, 76, 98, 39, 57, 71, 13, 98]",616,858,9,9
859,"[1, 2, 3, 4, 5, 6, 7, 8, 9, 10]","[56, 74, 51, 67, 91, 62, 60, 28, 77, 41]",607,859,9,9
860,"[1, 2, 3, 4, 5, 6, 7, 8, 9, 10]","[10, 74, 59, 16, 43, 89, 73, 32, 60, 66]",522,860,9,9
861,"[1, 2, 3, 4, 5, 6, 7, 8, 9, 10]","[50, 34, 84, 83, 35, 81, 90, 18, 56, 33]",564,861,9,14
862,"[1, 2, 3, 4, 5, 6, 7, 8, 9, 10]","[72, 29, 70, 47, 61, 59, 58, 49, 55, 19]",519,862,9,14
863,"[1, 2, 3, 4, 5, 6, 7, 8, 9, 10]","[71, 90, 12, 97, 91, 88, 23, 42, 75, 87]",676,863,9,14
864,"[1, 2, 3, 4, 5, 6, 7, 8, 9, 10]","[18, 27, 71, 64, 46, 68, 57, 67, 10, 95]",523,864,9,14
865,"[1, 2, 3, 4, 5, 6, 7, 8, 9, 10]","[85, 82, 87, 49, 12, 10, 33, 46, 41, 12]",457,865,9,14
866,"[1, 2, 3, 4, 5, 6, 7, 8, 9, 10]","[47, 10, 46, 43, 54, 13, 47, 73, 14, 89]",436,866,9,14
867,"[1, 2, 3, 4, 5, 6, 7, 8, 9, 10]","[37, 56, 68, 58, 49, 89, 57, 27, 77, 93]",611,867,9,14
868,"[1, 2, 3, 4, 5, 6, 7, 8, 9, 10]","[51, 93, 97, 67, 23, 92, 67, 68, 100, 92]",750,868,9,14
869,"[1, 2, 3, 4, 5, 6, 7, 8, 9, 10]","[32, 81, 14, 12, 19, 11, 22, 80, 25, 47]",343,869,9,14
870,"[1, 2, 3, 4, 5, 6, 7, 8, 9, 10]","[48, 37, 38, 55, 25, 75, 98, 63, 19, 59]",517,870,9,14
871,"[1, 2, 3, 4, 5, 6, 7, 8, 9, 10]","[79, 90, 38, 23, 90, 90, 72, 10, 72, 53]",617,871,9,4
872,"[1, 2, 3, 4, 5, 6, 7, 8, 9, 10]","[26, 78, 40, 59, 17, 84, 73, 51, 62, 83]",573,872,9,4
873,"[1, 2, 3, 4, 5, 6, 7, 8, 9, 10]","[57, 12, 91, 83, 19, 44, 65, 36, 37, 29]",473,873,9,4
874,"[1, 2, 3, 4, 5, 6, 7, 8, 9, 10]","[89, 77, 20, 22, 16, 17, 56, 47, 26, 22]",392,874,9,4
875,"[1, 2, 3, 4, 5, 6, 7, 8, 9, 10]","[22, 71, 63, 35, 81, 76, 97, 76, 74, 69]",664,875,9,4
876,"[1, 2, 3, 4, 5, 6, 7, 8, 9, 10]","[38, 29, 18, 76, 92, 93, 11, 58, 94, 77]",586,876,9,4
877,"[1, 2, 3, 4, 5, 6, 7, 8, 9, 10]","[70, 26, 63, 68, 83, 71, 80, 12, 50, 79]",602,877,9,4
878,"[1, 2, 3, 4, 5, 6, 7, 8, 9, 10]","[49, 58, 71, 28, 34, 20, 69, 100, 14, 33]",476,878,9,4
879,"[1, 2, 3, 4, 5, 6, 7, 8, 9, 10]","[78, 77, 61, 77, 22, 95, 57, 13, 16, 23]",519,879,9,4
880,"[1, 2, 3, 4, 5, 6, 7, 8, 9, 10]","[39, 89, 35, 52, 58, 77, 65, 22, 37, 53]",527,880,9,4
881,"[1, 2, 3, 4, 5, 6, 7, 8, 9, 10]","[96, 19, 44, 35, 65, 52, 22, 58, 41, 28]",460,881,9,22
882,"[1, 2, 3, 4, 5, 6, 7, 8, 9, 10]","[68, 69, 21, 97, 29, 97, 35, 72, 81, 68]",637,882,9,22
883,"[1, 2, 3, 4, 5, 6, 7, 8, 9, 10]","[52, 48, 39, 56, 87, 37, 84, 50, 23, 47]",523,883,9,22
884,"[1, 2, 3, 4, 5, 6, 7, 8, 9, 10]","[18, 28, 58, 51, 72, 79, 22, 76, 17, 51]",472,884,9,22
885,"[1, 2, 3, 4, 5, 6, 7, 8, 9, 10]","[98, 68, 62, 55, 56, 31, 17, 21, 46, 18]",472,885,9,22
886,"[1, 2, 3, 4, 5, 6, 7, 8, 9, 10]","[24, 92, 24, 38, 78, 92, 43, 37, 99, 94]",621,886,9,22
887,"[1, 2, 3, 4, 5, 6, 7, 8, 9, 10]","[73, 38, 95, 87, 10, 67, 95, 97, 45, 87]",694,887,9,22
888,"[1, 2, 3, 4, 5, 6, 7, 8, 9, 10]","[23, 37, 58, 59, 22, 59, 70, 66, 60, 54]",508,888,9,22
889,"[1, 2, 3, 4, 5, 6, 7, 8, 9, 10]","[75, 26, 57, 95, 22, 70, 59, 22, 28, 61]",515,889,9,22
890,"[1, 2, 3, 4, 5, 6, 7, 8, 9, 10]","[72, 79, 14, 95, 27, 68, 47, 90, 87, 21]",600,890,9,22
891,"[1, 2, 3, 4, 5, 6, 7, 8, 9, 10]","[93, 11, 38, 49, 32, 44, 87, 96, 50, 40]",540,891,9,25
892,"[1, 2, 3, 4, 5, 6, 7, 8, 9, 10]","[12, 11, 62, 73, 51, 43, 35, 52, 23, 80]",442,892,9,25
893,"[1, 2, 3, 4, 5, 6, 7, 8, 9, 10]","[74, 44, 42, 69, 86, 29, 50, 93, 76, 66]",629,893,9,25
894,"[1, 2, 3, 4, 5, 6, 7, 8, 9, 10]","[100, 12, 51, 87, 79, 82, 34, 57, 25, 28]",555,894,9,25
895,"[1, 2, 3, 4, 5, 6, 7, 8, 9, 10]","[47, 76, 29, 65, 48, 41, 65, 73, 36, 83]",563,895,9,25
896,"[1, 2, 3, 4, 5, 6, 7, 8, 9, 10]","[39, 75, 76, 24, 22, 45, 91, 94, 90, 67]",623,896,9,25
897,"[1, 2, 3, 4, 5, 6, 7, 8, 9, 10]","[43, 21, 84, 44, 49, 65, 90, 50, 87, 37]",570,897,9,25
898,"[1, 2, 3, 4, 5, 6, 7, 8, 9, 10]","[15, 64, 51, 93, 34, 90, 35, 85, 21, 29]",517,898,9,25
899,"[1, 2, 3, 4, 5, 6, 7, 8, 9, 10]","[89, 95, 64, 38, 66, 78, 69, 10, 37, 29]",575,899,9,25
900,"[1, 2, 3, 4, 5, 6, 7, 8, 9, 10]","[48, 85, 98, 76, 45, 74, 97, 23, 45, 98]",689,900,9,25
901,"[1, 2, 3, 4, 5, 6, 7, 8, 9, 10]","[16, 66, 75, 45, 29, 51, 66, 43, 45, 22]",458,901,10,1
902,"[1, 2, 3, 4, 5, 6, 7, 8, 9, 10]","[84, 38, 95, 77, 26, 63, 27, 63, 79, 57]",609,902,10,1
903,"[1, 2, 3, 4, 5, 6, 7, 8, 9, 10]","[30, 56, 62, 22, 77, 67, 37, 18, 17, 83]",469,903,10,1
904,"[1, 2, 3, 4, 5, 6, 7, 8, 9, 10]","[63, 44, 29, 54, 73, 54, 88, 70, 59, 51]",585,904,10,1
905,"[1, 2, 3, 4, 5, 6, 7, 8, 9, 10]","[22, 14, 36, 34, 80, 84, 76, 70, 62, 44]",522,905,10,1
906,"[1, 2, 3, 4, 5, 6, 7, 8, 9, 10]","[19, 20, 24, 76, 90, 86, 89, 16, 13, 14]",447,906,10,1
907,"[1, 2, 3, 4, 5, 6, 7, 8, 9, 10]","[30, 36, 55, 71, 65, 13, 60, 79, 37, 28]",474,907,10,1
908,"[1, 2, 3, 4, 5, 6, 7, 8, 9, 10]","[55, 91, 72, 73, 51, 81, 20, 26, 98, 48]",615,908,10,1
909,"[1, 2, 3, 4, 5, 6, 7, 8, 9, 10]","[47, 97, 20, 86, 20, 54, 95, 90, 54, 92]",655,909,10,1
910,"[1, 2, 3, 4, 5, 6, 7, 8, 9, 10]","[12, 76, 68, 60, 88, 75, 39, 55, 50, 51]",574,910,10,1
911,"[1, 2, 3, 4, 5, 6, 7, 8, 9, 10]","[15, 34, 75, 54, 48, 67, 28, 32, 26, 88]",467,911,10,7
912,"[1, 2, 3, 4, 5, 6, 7, 8, 9, 10]","[25, 40, 99, 54, 98, 71, 32, 76, 12, 53]",560,912,10,7
913,"[1, 2, 3, 4, 5, 6, 7, 8, 9, 10]","[39, 46, 45, 60, 19, 91, 24, 60, 30, 45]",459,913,10,7
914,"[1, 2, 3, 4, 5, 6, 7, 8, 9, 10]","[12, 15, 10, 26, 95, 62, 28, 41, 18, 84]",391,914,10,7
915,"[1, 2, 3, 4, 5, 6, 7, 8, 9, 10]","[74, 85, 31, 73, 42, 83, 97, 13, 29, 15]",542,915,10,7
916,"[1, 2, 3, 4, 5, 6, 7, 8, 9, 10]","[39, 46, 36, 19, 100, 80, 49, 18, 91, 83]",561,916,10,7
917,"[1, 2, 3, 4, 5, 6, 7, 8, 9, 10]","[45, 58, 94, 41, 32, 14, 39, 11, 35, 13]",382,917,10,7
918,"[1, 2, 3, 4, 5, 6, 7, 8, 9, 10]","[68, 52, 33, 49, 59, 13, 86, 81, 32, 83]",556,918,10,7
919,"[1, 2, 3, 4, 5, 6, 7, 8, 9, 10]","[75, 66, 23, 39, 44, 38, 95, 36, 35, 52]",503,919,10,7
920,"[1, 2, 3, 4, 5, 6, 7, 8, 9, 10]","[66, 71, 10, 50, 77, 66, 79, 50, 28, 31]",528,920,10,7
921,"[1, 2, 3, 4, 5, 6, 7, 8, 9, 10]","[10, 32, 10, 11, 61, 31, 53, 98, 76, 28]",410,921,10,24
922,"[1, 2, 3, 4, 5, 6, 7, 8, 9, 10]","[72, 50, 87, 38, 23, 83, 22, 71, 52, 86]",584,922,10,24
923,"[1, 2, 3, 4, 5, 6, 7, 8, 9, 10]","[39, 13, 84, 87, 18, 41, 89, 80, 61, 74]",586,923,10,24
924,"[1, 2, 3, 4, 5, 6, 7, 8, 9, 10]","[69, 67, 13, 50, 37, 87, 56, 24, 30, 66]",499,924,10,24
925,"[1, 2, 3, 4, 5, 6, 7, 8, 9, 10]","[94, 46, 93, 67, 97, 11, 47, 56, 98, 61]",670,925,10,24
926,"[1, 2, 3, 4, 5, 6, 7, 8, 9, 10]","[57, 33, 50, 78, 55, 72, 10, 43, 59, 37]",494,926,10,24
927,"[1, 2, 3, 4, 5, 6, 7, 8, 9, 10]","[57, 56, 12, 10, 96, 44, 17, 36, 27, 85]",440,927,10,24
928,"[1, 2, 3, 4, 5, 6, 7, 8, 9, 10]","[33, 12, 99, 72, 21, 68, 17, 77, 98, 60]",557,928,10,24
929,"[1, 2, 3, 4, 5, 6, 7, 8, 9, 10]","[17, 25, 40, 63, 37, 89, 49, 67, 88, 50]",525,929,10,24
930,"[1, 2, 3, 4, 5, 6, 7, 8, 9, 10]","[39, 93, 45, 68, 43, 76, 15, 50, 22, 83]",534,930,10,24
931,"[1, 2, 3, 4, 5, 6, 7, 8, 9, 10]","[91, 95, 22, 32, 17, 36, 52, 50, 20, 82]",497,931,10,5
932,"[1, 2, 3, 4, 5, 6, 7, 8, 9, 10]","[88, 48, 89, 46, 20, 74, 56, 24, 62, 68]",575,932,10,5
933,"[1, 2, 3, 4, 5, 6, 7, 8, 9, 10]","[86, 83, 62, 97, 89, 83, 95, 47, 24, 59]",725,933,10,5
934,"[1, 2, 3, 4, 5, 6, 7, 8, 9, 10]","[85, 81, 35, 32, 29, 31, 31, 17, 37, 41]",419,934,10,5
935,"[1, 2, 3, 4, 5, 6, 7, 8, 9, 10]","[93, 29, 82, 87, 13, 42, 22, 61, 36, 35]",500,935,10,5
936,"[1, 2, 3, 4, 5, 6, 7, 8, 9, 10]","[19, 93, 54, 76, 87, 37, 68, 98, 59, 80]",671,936,10,5
937,"[1, 2, 3, 4, 5, 6, 7, 8, 9, 10]","[25, 74, 61, 82, 52, 29, 37, 85, 95, 15]",555,937,10,5
938,"[1, 2, 3, 4, 5, 6, 7, 8, 9, 10]","[70, 82, 55, 66, 61, 14, 77, 67, 24, 81]",597,938,10,5
939,"[1, 2, 3, 4, 5, 6, 7, 8, 9, 10]","[33, 49, 62, 85, 64, 47, 46, 97, 47, 99]",629,939,10,5
940,"[1, 2, 3, 4, 5, 6, 7, 8, 9, 10]","[37, 80, 17, 30, 36, 58, 27, 25, 30, 93]",433,940,10,5
941,"[1, 2, 3, 4, 5, 6, 7, 8, 9, 10]","[34, 64, 71, 85, 88, 52, 58, 35, 24, 27]",538,941,10,15
942,"[1, 2, 3, 4, 5, 6, 7, 8, 9, 10]","[76, 91, 13, 84, 48, 67, 90, 42, 56, 68]",635,942,10,15
943,"[1, 2, 3, 4, 5, 6, 7, 8, 9, 10]","[93, 69, 78, 50, 82, 60, 68, 33, 56, 66]",655,943,10,15
944,"[1, 2, 3, 4, 5, 6, 7, 8, 9, 10]","[40, 75, 34, 86, 19, 31, 56, 56, 76, 97]",570,944,10,15
945,"[1, 2, 3, 4, 5, 6, 7, 8, 9, 10]","[23, 99, 38, 34, 68, 16, 70, 18, 72, 24]",462,945,10,15
946,"[1, 2, 3, 4, 5, 6, 7, 8, 9, 10]","[84, 34, 80, 30, 45, 25, 35, 61, 84, 44]",522,946,10,15
947,"[1, 2, 3, 4, 5, 6, 7, 8, 9, 10]","[18, 85, 32, 14, 79, 62, 43, 46, 15, 52]",446,947,10,15
948,"[1, 2, 3, 4, 5, 6, 7, 8, 9, 10]","[18, 33, 47, 58, 19, 31, 57, 13, 40, 46]",362,948,10,15
949,"[1, 2, 3, 4, 5, 6, 7, 8, 9, 10]","[100, 80, 45, 22, 16, 31, 53, 82, 42, 90]",561,949,10,15
950,"[1, 2, 3, 4, 5, 6, 7, 8, 9, 10]","[62, 68, 15, 51, 48, 36, 10, 87, 13, 27]",417,950,10,15
951,"[1, 2, 3, 4, 5, 6, 7, 8, 9, 10]","[40, 31, 67, 38, 20, 79, 12, 74, 41, 73]",475,951,10,12
952,"[1, 2, 3, 4, 5, 6, 7, 8, 9, 10]","[81, 73, 32, 64, 25, 20, 23, 41, 91, 98]",548,952,10,12
953,"[1, 2, 3, 4, 5, 6, 7, 8, 9, 10]","[55, 41, 70, 48, 75, 100, 22, 22, 23, 20]",476,953,10,12
954,"[1, 2, 3, 4, 5, 6, 7, 8, 9, 10]","[23, 55, 30, 47, 21, 22, 38, 21, 99, 24]",380,954,10,12
955,"[1, 2, 3, 4, 5, 6, 7, 8, 9, 10]","[39, 38, 74, 47, 49, 37, 46, 96, 30, 10]",466,955,10,12
956,"[1, 2, 3, 4, 5, 6, 7, 8, 9, 10]","[38, 76, 87, 33, 76, 75, 20, 25, 34, 37]",501,956,10,12
957,"[1, 2, 3, 4, 5, 6, 7, 8, 9, 10]","[90, 33, 27, 33, 68, 41, 72, 81, 19, 100]",564,957,10,12
958,"[1, 2, 3, 4, 5, 6, 7, 8, 9, 10]","[13, 15, 51, 88, 24, 13, 98, 77, 60, 49]",488,958,10,12
959,"[1, 2, 3, 4, 5, 6, 7, 8, 9, 10]","[12, 19, 52, 71, 57, 90, 60, 39, 89, 27]",516,959,10,12
960,"[1, 2, 3, 4, 5, 6, 7, 8, 9, 10]","[84, 77, 41, 41, 84, 77, 94, 81, 27, 63]",669,960,10,12
961,"[1, 2, 3, 4, 5, 6, 7, 8, 9, 10]","[33, 93, 75, 84, 28, 98, 32, 79, 17, 37]",576,961,10,2
962,"[1, 2, 3, 4, 5, 6, 7, 8, 9, 10]","[49, 10, 61, 42, 65, 79, 77, 55, 53, 55]",546,962,10,2
963,"[1, 2, 3, 4, 5, 6, 7, 8, 9, 10]","[78, 31, 68, 84, 23, 27, 58, 71, 69, 16]",525,963,10,2
964,"[1, 2, 3, 4, 5, 6, 7, 8, 9, 10]","[57, 25, 59, 57, 75, 98, 62, 77, 100, 48]",658,964,10,2
965,"[1, 2, 3, 4, 5, 6, 7, 8, 9, 10]","[100, 87, 67, 87, 87, 11, 95, 90, 18, 47]",689,965,10,2
966,"[1, 2, 3, 4, 5, 6, 7, 8, 9, 10]","[83, 78, 34, 13, 14, 73, 75, 35, 65, 31]",501,966,10,2
967,"[1, 2, 3, 4, 5, 6, 7, 8, 9, 10]","[72, 100, 68, 33, 63, 34, 23, 50, 35, 33]",511,967,10,2
968,"[1, 2, 3, 4, 5, 6, 7, 8, 9, 10]","[16, 17, 53, 27, 48, 86, 25, 82, 18, 78]",450,968,10,2
969,"[1, 2, 3, 4, 5, 6, 7, 8, 9, 10]","[14, 13, 94, 37, 94, 54, 94, 40, 21, 29]",490,969,10,2
970,"[1, 2, 3, 4, 5, 6, 7, 8, 9, 10]","[17, 26, 90, 38, 73, 71, 81, 40, 60, 61]",557,970,10,2
971,"[1, 2, 3, 4, 5, 6, 7, 8, 9, 10]","[94, 43, 13, 96, 25, 51, 26, 45, 63, 21]",477,971,10,23
972,"[1, 2, 3, 4, 5, 6, 7, 8, 9, 10]","[70, 90, 64, 91, 38, 74, 78, 45, 38, 49]",637,972,10,23
973,"[1, 2, 3, 4, 5, 6, 7, 8, 9, 10]","[32, 20, 80, 18, 56, 25, 29, 91, 81, 85]",517,973,10,23
974,"[1, 2, 3, 4, 5, 6, 7, 8, 9, 10]","[31, 88, 39, 98, 11, 58, 97, 17, 74, 74]",587,974,10,23
975,"[1, 2, 3, 4, 5, 6, 7, 8, 9, 10]","[67, 84, 60, 33, 32, 38, 49, 60, 49, 65]",537,975,10,23
976,"[1, 2, 3, 4, 5, 6, 7, 8, 9, 10]","[75, 99, 97, 99, 35, 69, 64, 50, 35, 67]",690,976,10,23
977,"[1, 2, 3, 4, 5, 6, 7, 8, 9, 10]","[86, 78, 95, 77, 40, 99, 24, 53, 36, 82]",670,977,10,23
978,"[1, 2, 3, 4, 5, 6, 7, 8, 9, 10]","[69, 15, 93, 75, 64, 51, 13, 54, 54, 80]",568,978,10,23
979,"[1, 2, 3, 4, 5, 6, 7, 8, 9, 10]","[50, 55, 66, 64, 75, 22, 44, 64, 40, 74]",554,979,10,23
980,"[1, 2, 3, 4, 5, 6, 7, 8, 9, 10]","[54, 51, 98, 21, 37, 56, 56, 17, 49, 69]",508,980,10,23
981,"[1, 2, 3, 4, 5, 6, 7, 8, 9, 10]","[83, 90, 30, 34, 57, 52, 53, 54, 15, 66]",534,981,10,6
982,"[1, 2, 3, 4, 5, 6, 7, 8, 9, 10]","[59, 89, 74, 22, 92, 97, 75, 15, 70, 78]",671,982,10,6
983,"[1, 2, 3, 4, 5, 6, 7, 8, 9, 10]","[89, 80, 40, 75, 63, 48, 65, 90, 93, 95]",738,983,10,6
984,"[1, 2, 3, 4, 5, 6, 7, 8, 9, 10]","[96, 59, 94, 47, 66, 89, 25, 39, 19, 88]",622,984,10,6
985,"[1, 2, 3, 4, 5, 6, 7, 8, 9, 10]","[64, 55, 62, 40, 78, 32, 34, 31, 57, 79]",532,985,10,6
986,"[1, 2, 3, 4, 5, 6, 7, 8, 9, 10]","[86, 29, 33, 97, 86, 25, 94, 16, 14, 20]",500,986,10,6
987,"[1, 2, 3, 4, 5, 6, 7, 8, 9, 10]","[20, 33, 28, 38, 97, 78, 95, 97, 20, 88]",594,987,10,6
988,"[1, 2, 3, 4, 5, 6, 7, 8, 9, 10]","[74, 76, 15, 37, 11, 68, 95, 84, 47, 10]",517,988,10,6
989,"[1, 2, 3, 4, 5, 6, 7, 8, 9, 10]","[72, 88, 81, 11, 21, 49, 67, 74, 89, 99]",651,989,10,6
990,"[1, 2, 3, 4, 5, 6, 7, 8, 9, 10]","[30, 64, 35, 69, 83, 59, 84, 77, 42, 46]",589,990,10,6
991,"[1, 2, 3, 4, 5, 6, 7, 8, 9, 10]","[50, 78, 79, 23, 15, 92, 84, 15, 16, 16]",468,991,10,17
992,"[1, 2, 3, 4, 5, 6, 7, 8, 9, 10]","[76, 55, 23, 93, 73, 23, 95, 43, 58, 52]",591,992,10,17
993,"[1, 2, 3, 4, 5, 6, 7, 8, 9, 10]","[66, 81, 23, 39, 97, 94, 78, 61, 47, 14]",600,993,10,17
994,"[1, 2, 3, 4, 5, 6, 7, 8, 9, 10]","[67, 61, 33, 90, 64, 41, 51, 83, 82, 95]",667,994,10,17
995,"[1, 2, 3, 4, 5, 6, 7, 8, 9, 10]","[27, 79, 81, 19, 62, 94, 66, 24, 17, 89]",558,995,10,17
996,"[1, 2, 3, 4, 5, 6, 7, 8, 9, 10]","[33, 81, 42, 31, 25, 73, 91, 87, 12, 76]",551,996,10,17
997,"[1, 2, 3, 4, 5, 6, 7, 8, 9, 10]","[65, 65, 98, 34, 16, 63, 64, 15, 12, 42]",474,997,10,17
998,"[1, 2, 3, 4, 5, 6, 7, 8, 9, 10]","[74, 24, 45, 52, 95, 44, 89, 78, 58, 69]",628,998,10,17
999,"[1, 2, 3, 4, 5, 6, 7, 8, 9, 10]","[84, 57, 39, 52, 79, 30, 76, 31, 15, 85]",548,999,10,17
1000,"[1, 2, 3, 4, 5, 6, 7, 8, 9, 10]","[68, 19, 35, 81, 64, 99, 87, 100, 19, 22]",594,1000,10,17
