Request_id,Customer_id,company_id,operator_id,store_id,Delivery_latitude,Delivery_longitude,Delivery_city_id,Delivery_address,items_in_this_request,Request_placing_time
1,1,10,4,1257,30.05126838160455,74.21053712811691,1,Address_1,"[(1, 14), (1, 9), (2, 7), (5, 2), (2, 14), (4, 18)]",2024-11-04 09:00:00
2,2,9,9,5,30.169179924619513,74.05466194269752,1,Address_2,"[(3, 2), (1, 3), (4, 8), (2, 2), (4, 3)]",2024-11-04 09:00:00
3,3,9,3,754,30.144123078034262,74.19618312019192,1,Address_3,"[(4, 18)]",2024-11-04 09:00:00
4,4,9,10,2252,29.981170080385162,74.18496159456632,1,Address_4,"[(2, 3), (1, 20)]",2024-11-04 09:00:00
5,5,1,3,753,30.13779656839123,73.96119487624352,1,Address_5,"[(3, 14), (4, 3), (3, 5), (1, 14), (1, 20)]",2024-11-04 09:00:00
6,6,9,8,1008,30.21459688522649,74.31739968911404,1,Address_6,"[(3, 19)]",2024-11-04 09:00:00
7,7,1,1,507,30.12633816823623,74.26234843900218,1,Address_7,"[(4, 7), (4, 9)]",2024-11-04 09:00:00
8,8,9,1,501,30.166103867914497,74.19061293737013,1,Address_8,"[(3, 7)]",2024-11-04 09:00:00
9,9,10,2,1508,30.01256013515759,74.2428811333406,1,Address_9,"[(2, 5), (3, 11), (4, 4), (2, 13), (1, 1)]",2024-11-04 09:00:00
10,10,9,2,1758,30.00675181563743,74.27844619130782,1,Address_10,"[(5, 16), (5, 4), (1, 5)]",2024-11-04 09:00:00
11,11,9,10,1251,30.256251750223704,74.43010776908737,1,Address_11,"[(1, 11), (5, 3)]",2024-11-04 09:00:00
12,12,10,8,252,30.15074988129196,74.23908051916489,1,Address_12,"[(2, 17), (4, 5), (2, 2), (3, 5), (1, 20)]",2024-11-04 09:00:00
13,13,9,8,1752,30.233398954534124,74.18145167675185,1,Address_13,"[(4, 7), (5, 6), (4, 5)]",2024-11-04 09:00:00
14,14,1,10,2256,30.262790870557506,74.09901011937973,1,Address_14,"[(1, 1), (5, 17), (1, 18), (2, 11)]",2024-11-04 09:00:00
15,15,1,9,1751,30.09850131526892,74.1421283614352,1,Address_15,"[(3, 18), (5, 20), (5, 10), (5, 8), (4, 13), (5, 14)]",2024-11-04 09:00:00
16,16,9,9,1501,30.310225493520566,74.20291866232482,1,Address_16,"[(4, 15), (5, 9), (2, 17), (4, 1)]",2024-11-04 09:00:00
17,17,9,1,2257,30.166180668934462,73.97226445618539,1,Address_17,"[(4, 18), (1, 17), (5, 5), (5, 20)]",2024-11-04 09:00:00
18,18,10,9,1509,30.26270921042801,74.19306525864283,1,Address_18,"[(3, 6), (4, 3), (4, 12)]",2024-11-04 09:00:00
19,19,1,2,1251,30.099733618173712,74.03909182383701,1,Address_19,"[(5, 1), (2, 13), (2, 16), (2, 19), (5, 18), (5, 6)]",2024-11-04 09:00:00
20,20,9,6,1509,30.144344198206547,74.19728465365742,1,Address_20,"[(4, 8), (5, 6), (1, 10)]",2024-11-04 09:00:00
21,21,9,9,506,30.241259439984727,74.15415686074931,1,Address_21,"[(4, 4), (3, 7), (2, 2)]",2024-11-04 09:00:00
22,22,1,6,1003,30.08956932598938,74.0550626286949,1,Address_22,"[(3, 7), (2, 6)]",2024-11-04 09:00:00
23,23,1,3,756,30.047174967536634,74.07953740604124,1,Address_23,"[(3, 15), (4, 10), (2, 7)]",2024-11-04 09:00:00
24,24,10,5,253,30.208700035970168,74.44998478651736,1,Address_24,"[(4, 3), (5, 12), (3, 3), (4, 19), (3, 11)]",2024-11-04 09:00:00
25,25,9,2,260,30.24570516861606,74.1254866880959,1,Address_25,"[(5, 12), (2, 10), (2, 11)]",2024-11-04 09:00:00
26,26,1,5,1751,30.12305965748848,74.13468986617595,1,Address_26,"[(5, 20), (4, 15), (5, 12), (5, 19), (2, 1)]",2024-11-04 09:00:00
27,27,1,9,2003,30.222308188939962,74.16362186244645,1,Address_27,"[(1, 1), (3, 15), (5, 5), (4, 18), (2, 4)]",2024-11-04 09:00:00
28,28,1,2,759,30.174807272890753,74.46136115288691,1,Address_28,"[(5, 19), (1, 7), (4, 17)]",2024-11-04 09:00:00
29,29,1,1,2010,30.13878440871953,74.20152517242407,1,Address_29,"[(2, 7), (3, 10), (3, 2), (5, 13), (5, 20), (3, 8)]",2024-11-04 09:00:00
30,30,9,10,251,30.280587803441986,74.19394978456242,1,Address_30,"[(2, 4), (5, 13)]",2024-11-04 09:00:00
31,31,5,3,14,19.3845768495484,78.28862149242953,2,Address_31,"[(4, 6), (5, 9)]",2024-11-04 09:00:00
32,32,5,8,267,19.416164683116257,78.3268114366884,2,Address_32,"[(1, 7), (3, 15), (3, 18), (1, 8)]",2024-11-04 09:00:00
33,33,5,1,2016,19.395689196584154,78.29137412515072,2,Address_33,"[(2, 3), (3, 1), (4, 8)]",2024-11-04 09:00:00
34,34,5,5,766,19.366427850469034,78.26369276338073,2,Address_34,"[(3, 4), (4, 1), (4, 7), (3, 9), (3, 12)]",2024-11-04 09:00:00
35,35,5,6,15,19.50394338638662,78.39227924361009,2,Address_35,"[(2, 11), (2, 16), (5, 11)]",2024-11-04 09:00:00
36,36,5,2,762,19.425049934515485,78.28928664046553,2,Address_36,"[(5, 1), (2, 6)]",2024-11-04 09:00:00
37,37,5,8,2262,19.372525755812127,78.28953802189994,2,Address_37,"[(3, 11), (2, 3), (2, 5), (3, 5), (5, 4), (5, 19)]",2024-11-04 09:00:00
38,38,5,10,513,19.396274033060138,78.32987669590484,2,Address_38,"[(4, 6), (2, 4)]",2024-11-04 09:00:00
39,39,8,5,1011,19.39806823352513,78.28937403335605,2,Address_39,"[(5, 15), (5, 16), (1, 18), (2, 10), (1, 1)]",2024-11-04 09:00:00
40,40,8,4,512,19.355191138197874,78.34490890262364,2,Address_40,"[(1, 11), (2, 9), (5, 6), (3, 14)]",2024-11-04 09:00:00
41,41,5,5,762,19.32521356538224,78.21048892472507,2,Address_41,"[(5, 18), (4, 11)]",2024-11-04 09:00:00
42,42,8,8,763,19.404138134731983,78.33221806703686,2,Address_42,"[(2, 12), (3, 16), (1, 12), (2, 1), (2, 8)]",2024-11-04 09:00:00
43,43,5,4,15,19.439836238940547,78.39715655618275,2,Address_43,"[(2, 7), (2, 1), (1, 3)]",2024-11-04 09:00:00
44,44,5,10,1269,19.521676707919532,78.28204948501177,2,Address_44,"[(5, 6), (3, 14)]",2024-11-04 09:00:00
45,45,8,9,2018,19.412469113127056,78.31975725681907,2,Address_45,"[(3, 15), (3, 11), (5, 4), (3, 17), (4, 8)]",2024-11-04 09:00:00
46,46,8,3,518,19.509049334542855,78.29534418698265,2,Address_46,"[(4, 17), (5, 8), (3, 15)]",2024-11-04 09:00:00
47,47,8,3,1513,19.39245779442989,78.30565111891205,2,Address_47,"[(2, 7), (1, 17), (3, 18)]",2024-11-04 09:00:00
48,48,8,3,1014,19.316593928724057,78.36907367351002,2,Address_48,"[(2, 17)]",2024-11-04 09:00:00
49,49,5,1,770,19.375952573959193,78.31731448087817,2,Address_49,"[(2, 2)]",2024-11-04 09:00:00
50,50,5,4,14,19.39943728136846,78.3067769423951,2,Address_50,"[(5, 7), (1, 13), (3, 15), (4, 20), (2, 15)]",2024-11-04 09:00:00
51,51,8,8,1770,19.561165813585955,78.36212730364791,2,Address_51,"[(1, 20), (1, 15), (2, 4), (5, 13), (4, 5), (1, 20)]",2024-11-04 09:00:00
52,52,5,5,2020,19.42236024079693,78.30521140342003,2,Address_52,"[(4, 13)]",2024-11-04 09:00:00
53,53,8,9,1767,19.486979401212615,78.2301910269963,2,Address_53,"[(2, 16)]",2024-11-04 09:00:00
54,54,8,6,513,19.33481798397714,78.31530437536208,2,Address_54,"[(4, 16), (3, 6), (4, 4), (3, 18)]",2024-11-04 09:00:00
55,55,8,2,770,19.408700279210272,78.30189493010073,2,Address_55,"[(2, 19), (1, 11), (3, 13)]",2024-11-04 09:00:00
56,56,5,7,1515,19.413805218531,78.30057679115399,2,Address_56,"[(4, 10), (1, 9)]",2024-11-04 09:00:00
57,57,8,6,762,19.4463110049236,78.35141902873234,2,Address_57,"[(2, 3), (3, 18), (4, 20), (1, 11), (3, 17), (4, 11)]",2024-11-04 09:00:00
58,58,8,2,514,19.365571183319105,78.24706934955306,2,Address_58,"[(4, 2), (2, 13), (1, 16)]",2024-11-04 09:00:00
59,59,8,9,1770,19.306589335222363,78.3217240633803,2,Address_59,"[(4, 4)]",2024-11-04 09:00:00
60,60,8,5,513,19.330952883820043,78.4336976892367,2,Address_60,"[(2, 4), (4, 16)]",2024-11-04 09:00:00
61,61,8,9,22,23.799183763351017,91.27283707820926,3,Address_61,"[(5, 19)]",2024-11-04 09:00:00
62,62,2,4,30,23.717941517549292,91.24882517581638,3,Address_62,"[(2, 6), (3, 18)]",2024-11-04 09:00:00
63,63,2,2,528,23.886298311551474,91.38284669880203,3,Address_63,"[(1, 4), (2, 3)]",2024-11-04 09:00:00
64,64,2,2,1279,23.87291364504835,91.18331116048428,3,Address_64,"[(3, 13), (1, 1), (5, 1), (3, 6)]",2024-11-04 09:00:00
65,65,2,1,22,23.821553972046033,91.26658474943343,3,Address_65,"[(2, 15), (2, 16), (2, 3), (3, 19), (2, 7), (5, 9)]",2024-11-04 09:00:00
66,66,3,3,778,23.85461682802019,91.13408818774501,3,Address_66,"[(2, 11), (2, 12), (5, 7), (1, 14), (5, 14)]",2024-11-04 09:00:00
67,67,3,4,1027,23.97535010095405,91.3542812313618,3,Address_67,"[(4, 18), (2, 18), (1, 3), (1, 7)]",2024-11-04 09:00:00
68,68,8,7,28,23.758225416561718,91.2536350384335,3,Address_68,"[(5, 5), (4, 6), (4, 19), (2, 18), (5, 17), (1, 2)]",2024-11-04 09:00:00
69,69,8,6,773,23.800414189133264,91.44252985085052,3,Address_69,"[(4, 15), (4, 18), (2, 6), (1, 10), (4, 1)]",2024-11-04 09:00:00
70,70,3,1,2275,23.779323124116345,91.24041467172961,3,Address_70,"[(2, 8), (2, 14), (3, 1), (3, 14), (3, 7)]",2024-11-04 09:00:00
71,71,8,4,1023,23.885066038775946,91.43963679373215,3,Address_71,"[(2, 2), (4, 17)]",2024-11-04 09:00:00
72,72,8,10,526,23.849878664462068,91.40986458476839,3,Address_72,"[(4, 9), (5, 9), (5, 3), (2, 7), (1, 18)]",2024-11-04 09:00:00
73,73,8,1,2275,23.805120746952078,91.33915813814826,3,Address_73,"[(4, 14), (5, 17), (2, 5)]",2024-11-04 09:00:00
74,74,2,4,1526,23.7304924745255,91.34191986694302,3,Address_74,"[(3, 19)]",2024-11-04 09:00:00
75,75,8,1,2029,23.95205673462923,91.35649389801384,3,Address_75,"[(4, 20), (5, 10), (2, 9), (5, 12), (5, 8)]",2024-11-04 09:00:00
76,76,2,4,1276,23.71872316185824,91.14827602688167,3,Address_76,"[(5, 3), (2, 7)]",2024-11-04 09:00:00
77,77,2,1,1529,23.84661864342919,91.18278115923907,3,Address_77,"[(5, 18)]",2024-11-04 09:00:00
78,78,2,3,1776,23.859038236961258,91.249126545958,3,Address_78,"[(3, 12), (1, 8)]",2024-11-04 09:00:00
79,79,2,5,2276,23.82691756121124,91.44161471842583,3,Address_79,"[(2, 14), (3, 16), (3, 18), (1, 19)]",2024-11-04 09:00:00
80,80,8,1,2028,23.905936231782523,91.18035436244709,3,Address_80,"[(3, 4), (5, 18), (1, 9), (2, 3), (3, 17)]",2024-11-04 09:00:00
81,81,2,3,2025,23.79048695215009,91.38833898130521,3,Address_81,"[(2, 17), (5, 3), (2, 14), (2, 15), (5, 2)]",2024-11-04 09:00:00
82,82,2,7,1530,23.829057642470723,91.1400448651428,3,Address_82,"[(4, 15), (1, 4), (3, 12), (3, 8)]",2024-11-04 09:00:00
83,83,8,10,1276,23.81392510695966,91.21016989682875,3,Address_83,"[(2, 9), (4, 16), (2, 15), (5, 4), (2, 2)]",2024-11-04 09:00:00
84,84,8,8,1780,23.850553257543428,91.2500892413304,3,Address_84,"[(1, 6)]",2024-11-04 09:00:00
85,85,2,3,1271,23.849541970225832,91.25536972049058,3,Address_85,"[(5, 17), (4, 15), (5, 17), (5, 16), (2, 16)]",2024-11-04 09:00:00
86,86,8,1,1524,23.83925627647568,91.30300216176707,3,Address_86,"[(5, 14), (5, 12), (5, 3), (4, 11), (3, 8)]",2024-11-04 09:00:00
87,87,3,7,22,23.725471033351166,91.15873392097267,3,Address_87,"[(2, 9), (4, 2), (5, 20), (5, 15)]",2024-11-04 09:00:00
88,88,3,3,2279,23.897755881271284,91.4113626184248,3,Address_88,"[(5, 17)]",2024-11-04 09:00:00
89,89,8,2,2278,23.742341248755565,91.36830789564829,3,Address_89,"[(2, 20)]",2024-11-04 09:00:00
90,90,2,4,2028,23.886848511239762,91.34538046311529,3,Address_90,"[(4, 15)]",2024-11-04 09:00:00
91,91,9,7,2290,27.210003948243553,77.96905293661456,4,Address_91,"[(3, 2), (3, 5), (4, 10)]",2024-11-04 09:00:00
92,92,9,3,283,27.25150883014532,77.9712892153028,4,Address_92,"[(2, 16), (5, 8), (4, 9), (2, 7), (5, 4), (2, 11)]",2024-11-04 09:00:00
93,93,6,10,1540,27.24065227258209,77.9534104410946,4,Address_93,"[(5, 8), (1, 2)]",2024-11-04 09:00:00
94,94,6,9,1032,27.11221613604343,77.96246748627645,4,Address_94,"[(3, 7), (5, 4)]",2024-11-04 09:00:00
95,95,7,1,38,27.243212265211323,78.1120829266671,4,Address_95,"[(1, 8), (4, 8)]",2024-11-04 09:00:00
96,96,9,9,288,27.239803161665087,78.0385765071235,4,Address_96,"[(4, 12), (1, 16), (4, 17), (4, 13), (2, 12), (4, 19)]",2024-11-04 09:00:00
97,97,6,9,289,27.268046294601188,78.05893722044138,4,Address_97,"[(3, 2), (2, 9)]",2024-11-04 09:00:00
98,98,7,4,2283,27.173125859864154,77.99218082372934,4,Address_98,"[(5, 20), (4, 2), (2, 16)]",2024-11-04 09:00:00
99,99,7,2,1783,27.25695872087413,78.0388693855467,4,Address_99,"[(2, 8), (2, 3), (3, 7)]",2024-11-04 09:00:00
100,100,9,10,784,27.188288649871957,78.05771194218462,4,Address_100,"[(1, 14)]",2024-11-04 09:00:00
101,101,6,4,1536,27.114569077455336,78.06445950842381,4,Address_101,"[(2, 4), (3, 2), (2, 1)]",2024-11-04 09:00:00
102,102,9,5,2288,27.169636648469165,78.01947023634078,4,Address_102,"[(1, 2), (3, 7)]",2024-11-04 09:00:00
103,103,9,3,1782,27.121532117927515,77.96563863085788,4,Address_103,"[(4, 8), (4, 19)]",2024-11-04 09:00:00
104,104,9,4,1536,27.196777542554134,77.98870249701983,4,Address_104,"[(5, 17), (5, 4), (2, 2), (5, 7), (3, 19), (4, 6)]",2024-11-04 09:00:00
105,105,6,5,1783,27.183485915588395,78.00571386586245,4,Address_105,"[(2, 7), (5, 10)]",2024-11-04 09:00:00
106,106,7,2,2286,27.215036695390573,77.96561728491172,4,Address_106,"[(1, 12), (3, 18)]",2024-11-04 09:00:00
107,107,9,5,1785,27.18046947902489,78.02248863585515,4,Address_107,"[(1, 9)]",2024-11-04 09:00:00
108,108,9,7,1282,27.166441668877216,78.10012976361539,4,Address_108,"[(5, 3), (3, 15), (1, 15), (4, 7), (5, 16), (3, 13)]",2024-11-04 09:00:00
109,109,9,3,37,27.174305952820433,78.04841335822567,4,Address_109,"[(3, 16), (3, 7), (2, 16), (5, 12), (2, 9), (4, 7)]",2024-11-04 09:00:00
110,110,9,3,36,27.186329039392756,78.00440837984584,4,Address_110,"[(4, 9)]",2024-11-04 09:00:00
111,111,6,7,789,27.093365309719058,77.9819960092485,4,Address_111,"[(3, 10), (2, 14), (4, 3), (1, 15), (1, 6)]",2024-11-04 09:00:00
112,112,9,7,2034,27.13843623049805,78.0803731679449,4,Address_112,"[(1, 5), (2, 11)]",2024-11-04 09:00:00
113,113,9,9,2282,27.200145584473645,78.03446652606148,4,Address_113,"[(5, 18), (3, 7)]",2024-11-04 09:00:00
114,114,9,6,1285,27.18244700421293,78.02163076510841,4,Address_114,"[(5, 8), (4, 14), (1, 17)]",2024-11-04 09:00:00
115,115,9,10,290,27.158176502684558,77.96285400864777,4,Address_115,"[(1, 8), (5, 11), (3, 7), (5, 7), (2, 20), (5, 18)]",2024-11-04 09:00:00
116,116,6,2,2284,27.136218212740314,77.90758349619277,4,Address_116,"[(3, 8), (1, 16), (2, 18), (2, 12), (2, 20)]",2024-11-04 09:00:00
117,117,7,1,535,27.143538825080533,78.04121196828561,4,Address_117,"[(3, 9)]",2024-11-04 09:00:00
118,118,9,5,1782,27.131338857247876,77.97243925012921,4,Address_118,"[(5, 2), (1, 18), (1, 4), (1, 5), (3, 9)]",2024-11-04 09:00:00
119,119,6,1,38,27.18932268031515,78.01762723431007,4,Address_119,"[(3, 1), (1, 10), (4, 6)]",2024-11-04 09:00:00
120,120,6,1,1285,27.2956570090608,77.99427579724312,4,Address_120,"[(3, 11), (1, 13)]",2024-11-04 09:00:00
121,121,8,10,541,19.12201538314596,74.46428817192071,5,Address_121,"[(4, 13), (3, 19)]",2024-11-04 09:00:00
122,122,5,3,1298,19.24591253922609,74.72442492325948,5,Address_122,"[(1, 8), (1, 1), (4, 2), (2, 6)]",2024-11-04 09:00:00
123,123,9,1,1550,18.96262168745517,74.49881816636275,5,Address_123,"[(4, 17), (3, 1)]",2024-11-04 09:00:00
124,124,8,9,2298,19.141754744533475,74.78009600879484,5,Address_124,"[(4, 20), (3, 12), (4, 5), (2, 6), (3, 3), (3, 4)]",2024-11-04 09:00:00
125,125,8,9,1550,19.233555660919848,74.61455126052903,5,Address_125,"[(2, 14)]",2024-11-04 09:00:00
126,126,9,4,42,19.038258985085232,74.54471346685163,5,Address_126,"[(5, 2), (1, 2), (5, 9), (2, 17), (5, 6), (3, 1)]",2024-11-04 09:00:00
127,127,5,4,1297,19.00692076743134,74.830343389856,5,Address_127,"[(2, 3), (3, 18)]",2024-11-04 09:00:00
128,128,5,5,2295,18.980376019769402,74.79448237842205,5,Address_128,"[(2, 4), (2, 20), (2, 5)]",2024-11-04 09:00:00
129,129,7,4,2291,18.912623544783127,74.60927969939873,5,Address_129,"[(2, 1), (3, 17), (2, 6)]",2024-11-04 09:00:00
130,130,7,4,797,19.088485472319512,74.69192995686505,5,Address_130,"[(5, 9), (5, 9), (1, 2), (4, 17), (3, 3), (3, 7)]",2024-11-04 09:00:00
131,131,5,7,1299,19.201675090419965,74.78153284554831,5,Address_131,"[(1, 15), (4, 18)]",2024-11-04 09:00:00
132,132,7,9,1041,19.068402827438195,74.46103214567144,5,Address_132,"[(1, 8), (4, 13)]",2024-11-04 09:00:00
133,133,5,1,41,19.283532497309153,74.76541457048245,5,Address_133,"[(4, 9), (5, 2), (2, 4), (3, 18)]",2024-11-04 09:00:00
134,134,8,8,47,19.14451969772448,74.88840341123988,5,Address_134,"[(1, 11)]",2024-11-04 09:00:00
135,135,5,2,300,19.336528453488103,74.73428502775275,5,Address_135,"[(3, 18), (5, 1), (3, 12), (5, 9)]",2024-11-04 09:00:00
136,136,5,10,1793,19.12344337655169,74.75002991587543,5,Address_136,"[(4, 17), (2, 15)]",2024-11-04 09:00:00
137,137,9,9,1793,19.122671361012614,74.66059966891709,5,Address_137,"[(1, 19), (3, 3), (2, 20), (3, 20), (2, 5), (3, 10)]",2024-11-04 09:00:00
138,138,7,6,48,19.06302980195513,74.71628437913492,5,Address_138,"[(5, 10), (5, 7), (4, 12), (2, 9), (5, 4)]",2024-11-04 09:00:00
139,139,5,10,1793,19.080276005325306,74.73137219808434,5,Address_139,"[(2, 16), (2, 1), (3, 6)]",2024-11-04 09:00:00
140,140,7,4,796,18.98359710455305,74.90526596423742,5,Address_140,"[(2, 20)]",2024-11-04 09:00:00
141,141,8,5,1291,18.99858804451094,74.74118929250915,5,Address_141,"[(4, 9), (2, 4), (5, 3), (5, 10), (1, 6), (1, 2)]",2024-11-04 09:00:00
142,142,9,7,1541,18.969325381355485,74.7900950232727,5,Address_142,"[(4, 13), (5, 7), (4, 20), (1, 2)]",2024-11-04 09:00:00
143,143,7,6,2294,19.01599974539572,74.93749238329751,5,Address_143,"[(1, 13), (3, 15), (2, 6), (2, 6)]",2024-11-04 09:00:00
144,144,5,3,1046,19.12343345421851,74.8054408377616,5,Address_144,"[(5, 13), (5, 18)]",2024-11-04 09:00:00
145,145,5,3,545,19.084883417555154,74.58164829303765,5,Address_145,"[(2, 19)]",2024-11-04 09:00:00
146,146,8,3,1797,19.12653827490693,74.74395734722543,5,Address_146,"[(2, 3), (1, 13)]",2024-11-04 09:00:00
147,147,7,10,1300,19.09932524879177,74.7032460823308,5,Address_147,"[(2, 11), (5, 18), (3, 12), (5, 4), (5, 20), (4, 8)]",2024-11-04 09:00:00
148,148,5,1,2049,18.840675103101173,74.8202158688231,5,Address_148,"[(5, 13), (5, 16), (4, 1), (1, 18)]",2024-11-04 09:00:00
149,149,7,5,800,19.240182407903433,74.58253686853239,5,Address_149,"[(4, 17), (1, 5), (2, 2), (4, 3), (1, 15), (2, 5)]",2024-11-04 09:00:00
150,150,7,7,2044,19.230279300046128,74.78129020701446,5,Address_150,"[(1, 1), (1, 8), (1, 2), (2, 14)]",2024-11-04 09:00:00
151,151,2,5,1560,22.93886002891502,72.76261144488515,6,Address_151,"[(3, 7), (3, 13), (4, 8), (1, 13), (5, 1)]",2024-11-04 09:00:00
152,152,9,6,805,23.066908549399262,72.60736449639617,6,Address_152,"[(5, 17), (1, 20), (5, 13), (4, 20)]",2024-11-04 09:00:00
153,153,6,4,2305,23.00785034893474,72.56167817401774,6,Address_153,"[(2, 16), (2, 17), (4, 9), (1, 2)]",2024-11-04 09:00:00
154,154,2,5,2058,22.968346925666502,72.55030404290633,6,Address_154,"[(5, 4)]",2024-11-04 09:00:00
155,155,2,3,302,22.975583955265957,72.54541796805304,6,Address_155,"[(5, 15)]",2024-11-04 09:00:00
156,156,8,9,1558,23.153284818655546,72.62081787708543,6,Address_156,"[(4, 1)]",2024-11-04 09:00:00
157,157,10,6,1808,22.87636611092832,72.76153463998327,6,Address_157,"[(1, 4), (2, 10), (1, 7), (4, 15), (3, 17), (5, 11)]",2024-11-04 09:00:00
158,158,5,2,1810,22.939809134320544,72.4764432961397,6,Address_158,"[(2, 8), (1, 4), (2, 2), (5, 1), (1, 15), (5, 14)]",2024-11-04 09:00:00
159,159,9,3,1552,23.050840207734037,72.83145966816792,6,Address_159,"[(1, 1), (3, 18), (4, 4), (3, 10), (4, 17), (3, 20)]",2024-11-04 09:00:00
160,160,5,9,58,22.999872056614876,72.61210226691419,6,Address_160,"[(4, 6), (2, 10), (2, 2)]",2024-11-04 09:00:00
161,161,1,5,2051,23.028283394369314,72.46139160511228,6,Address_161,"[(5, 9), (1, 14), (5, 1), (3, 6), (1, 2)]",2024-11-04 09:00:00
162,162,1,9,2302,22.985241020221885,72.65966860339066,6,Address_162,"[(1, 1), (2, 5), (1, 9), (1, 19)]",2024-11-04 09:00:00
163,163,2,7,807,23.181571486315796,72.46766035007869,6,Address_163,"[(4, 15), (3, 15)]",2024-11-04 09:00:00
164,164,1,8,2304,22.9306293576768,72.59406094285042,6,Address_164,"[(3, 4), (2, 18), (3, 15), (2, 19)]",2024-11-04 09:00:00
165,165,9,1,1555,22.7860945809466,72.65874469343973,6,Address_165,"[(2, 10), (2, 12)]",2024-11-04 09:00:00
166,166,8,5,2301,22.990317933244008,72.68955333527241,6,Address_166,"[(2, 7), (3, 12), (2, 13)]",2024-11-04 09:00:00
167,167,9,1,301,23.110647356314352,72.54310926448399,6,Address_167,"[(1, 10), (2, 20)]",2024-11-04 09:00:00
168,168,5,3,1807,22.98115470095754,72.60064325794106,6,Address_168,"[(3, 14), (5, 5)]",2024-11-04 09:00:00
169,169,6,2,1060,23.049287578956104,72.5951682797007,6,Address_169,"[(5, 7), (4, 2), (4, 18), (4, 15), (3, 19), (2, 17)]",2024-11-04 09:00:00
170,170,10,9,1809,22.975752996283624,72.58301025221476,6,Address_170,"[(5, 1), (2, 8), (5, 8), (1, 6), (2, 5), (5, 3)]",2024-11-04 09:00:00
171,171,5,2,1803,23.278695739797673,72.61097692882701,6,Address_171,"[(3, 2), (1, 18), (5, 19), (1, 8)]",2024-11-04 09:00:00
172,172,2,2,305,23.095826975761124,72.57987665160019,6,Address_172,"[(1, 9)]",2024-11-04 09:00:00
173,173,6,7,1305,23.026005090271692,72.51573476040662,6,Address_173,"[(3, 13), (3, 12), (3, 12), (4, 19)]",2024-11-04 09:00:00
174,174,1,5,2309,23.008347513234654,72.62771525195664,6,Address_174,"[(5, 19)]",2024-11-04 09:00:00
175,175,1,9,804,23.06255416529436,72.32863273113608,6,Address_175,"[(2, 12), (1, 8), (5, 16), (4, 7), (1, 6), (2, 11)]",2024-11-04 09:00:00
176,176,9,10,1808,22.984165878318656,72.44788228979048,6,Address_176,"[(3, 6), (2, 5), (3, 14), (3, 20), (4, 2)]",2024-11-04 09:00:00
177,177,1,6,1553,22.93854538609952,72.53647400351386,6,Address_177,"[(1, 2), (4, 1), (2, 14), (1, 16), (4, 18)]",2024-11-04 09:00:00
178,178,2,5,1555,23.090472227020726,72.42085181153136,6,Address_178,"[(5, 8)]",2024-11-04 09:00:00
179,179,8,3,551,22.97359289868097,72.7889197458833,6,Address_179,"[(2, 19), (5, 6), (5, 18), (2, 13), (4, 2), (1, 12)]",2024-11-04 09:00:00
180,180,8,2,1809,23.039881895892794,72.75518770833688,6,Address_180,"[(4, 5), (5, 19), (3, 5)]",2024-11-04 09:00:00
181,181,6,9,815,23.638344834336525,92.7393976534267,7,Address_181,"[(3, 16), (4, 6), (4, 3), (5, 5)]",2024-11-04 09:00:00
182,182,3,4,816,23.50102006216445,92.79181607234531,7,Address_182,"[(3, 10), (4, 6), (1, 4), (4, 3)]",2024-11-04 09:00:00
183,183,6,8,570,23.64419667621427,92.70619754776963,7,Address_183,"[(5, 4), (1, 8), (5, 11)]",2024-11-04 09:00:00
184,184,3,1,1815,23.72623430783369,92.67611778431339,7,Address_184,"[(3, 9), (4, 6), (2, 1), (2, 8), (1, 7), (4, 20)]",2024-11-04 09:00:00
185,185,6,8,1564,23.814101179555824,92.61006302728231,7,Address_185,"[(2, 15), (5, 14), (2, 16), (2, 15), (3, 3), (3, 17)]",2024-11-04 09:00:00
186,186,3,8,2066,23.702623642169318,92.52645867983921,7,Address_186,"[(3, 5), (4, 17), (2, 4)]",2024-11-04 09:00:00
187,187,9,9,1568,23.76103147562438,92.6631562550227,7,Address_187,"[(1, 12), (1, 7), (2, 4), (5, 3), (4, 4)]",2024-11-04 09:00:00
188,188,3,6,1312,23.755016442531424,92.70350982390549,7,Address_188,"[(2, 19), (3, 13)]",2024-11-04 09:00:00
189,189,6,2,1570,23.60771583747675,92.68641612072905,7,Address_189,"[(4, 7), (1, 12), (4, 15), (5, 3)]",2024-11-04 09:00:00
190,190,3,6,318,23.82085931264094,92.62659288681404,7,Address_190,"[(1, 20), (3, 10), (1, 13), (5, 18), (1, 14)]",2024-11-04 09:00:00
191,191,3,10,2316,23.67158062331035,92.84564521842769,7,Address_191,"[(3, 13), (4, 14), (3, 1), (1, 9)]",2024-11-04 09:00:00
192,192,6,9,1067,23.72243685651465,92.70398629305136,7,Address_192,"[(4, 11), (5, 6)]",2024-11-04 09:00:00
193,193,2,4,314,23.717970256941022,92.81291004937427,7,Address_193,"[(2, 6), (3, 10)]",2024-11-04 09:00:00
194,194,6,5,2319,23.815262983691632,92.6826416107217,7,Address_194,"[(1, 1), (1, 18), (4, 6), (1, 17), (2, 18), (3, 17)]",2024-11-04 09:00:00
195,195,3,10,1815,23.740184295824992,92.73993793920287,7,Address_195,"[(2, 18), (3, 14), (5, 9)]",2024-11-04 09:00:00
196,196,2,2,1312,23.81790610702129,92.82792210042277,7,Address_196,"[(2, 6), (3, 16), (1, 16), (4, 6)]",2024-11-04 09:00:00
197,197,9,1,564,23.747397822166,92.54076692439654,7,Address_197,"[(1, 14), (3, 20), (2, 16), (2, 6), (5, 2)]",2024-11-04 09:00:00
198,198,4,7,1820,23.777789607117754,92.72777184306605,7,Address_198,"[(2, 6), (4, 8), (2, 20), (1, 14), (1, 14), (2, 19)]",2024-11-04 09:00:00
199,199,4,7,2062,23.62222821879293,92.8837497001327,7,Address_199,"[(5, 9)]",2024-11-04 09:00:00
200,200,3,5,812,23.7007267383703,92.82105595210521,7,Address_200,"[(5, 15), (2, 20), (3, 17), (1, 1), (2, 9), (4, 13)]",2024-11-04 09:00:00
201,201,2,7,813,23.873867494289915,92.82908281368267,7,Address_201,"[(5, 4), (1, 3), (4, 19), (3, 6), (4, 12), (2, 7)]",2024-11-04 09:00:00
202,202,2,1,1061,23.818755724446415,92.8781983632474,7,Address_202,"[(3, 19), (3, 10), (2, 6)]",2024-11-04 09:00:00
203,203,6,1,2061,23.685538608115316,92.75158033761363,7,Address_203,"[(5, 10), (4, 4), (2, 14), (5, 11), (2, 17), (2, 17)]",2024-11-04 09:00:00
204,204,5,2,61,23.756549593138253,92.62059726218705,7,Address_204,"[(5, 5), (2, 6), (5, 14), (4, 6)]",2024-11-04 09:00:00
205,205,3,9,813,23.78013579713115,92.57711584137924,7,Address_205,"[(1, 12), (4, 19)]",2024-11-04 09:00:00
206,206,4,1,1313,23.90396114180156,92.6580221535366,7,Address_206,"[(5, 14), (5, 14), (3, 12)]",2024-11-04 09:00:00
207,207,9,1,1811,23.90063130727943,92.87389963605888,7,Address_207,"[(4, 2), (1, 19), (4, 18)]",2024-11-04 09:00:00
208,208,6,4,63,23.73644583025953,92.64864927860555,7,Address_208,"[(4, 14)]",2024-11-04 09:00:00
209,209,2,7,563,23.743919016056964,92.60827937274001,7,Address_209,"[(5, 11), (3, 10)]",2024-11-04 09:00:00
210,210,6,9,1066,23.536777305920722,92.80822979080546,7,Address_210,"[(5, 5), (1, 13), (4, 13), (2, 15)]",2024-11-04 09:00:00
211,211,7,4,1572,26.378829970018998,74.6289195564356,8,Address_211,"[(1, 20), (3, 13), (4, 7), (4, 11)]",2024-11-04 09:00:00
212,212,8,2,1821,26.445839426032613,74.60090646991695,8,Address_212,"[(2, 9), (4, 2), (3, 9), (5, 14), (2, 4), (1, 17)]",2024-11-04 09:00:00
213,213,7,2,327,26.563734274531075,74.7309252938825,8,Address_213,"[(2, 15)]",2024-11-04 09:00:00
214,214,10,2,71,26.441573724150686,74.670812205719,8,Address_214,"[(2, 14), (5, 4), (2, 18)]",2024-11-04 09:00:00
215,215,10,4,1824,26.468733886799455,74.6479651302686,8,Address_215,"[(4, 16), (5, 17)]",2024-11-04 09:00:00
216,216,10,7,1327,26.410252299482817,74.59048851657658,8,Address_216,"[(4, 17), (4, 18), (2, 1)]",2024-11-04 09:00:00
217,217,8,9,1075,26.457189605517975,74.51403711572459,8,Address_217,"[(1, 11), (1, 19), (1, 12)]",2024-11-04 09:00:00
218,218,10,3,2321,26.47684048941863,74.70862584216606,8,Address_218,"[(5, 10), (4, 12), (4, 10)]",2024-11-04 09:00:00
219,219,10,1,2073,26.40504080681255,74.67252969714865,8,Address_219,"[(3, 1), (3, 6), (3, 18), (3, 17), (4, 19), (5, 18)]",2024-11-04 09:00:00
220,220,8,2,2329,26.411851695432407,74.64540459172815,8,Address_220,"[(1, 5), (5, 7), (2, 6), (2, 9), (5, 10), (3, 3)]",2024-11-04 09:00:00
221,221,7,2,1080,26.578510173629557,74.66789383721235,8,Address_221,"[(1, 16), (4, 3), (3, 2), (3, 11)]",2024-11-04 09:00:00
222,222,10,10,1321,26.55037694913621,74.67959012339595,8,Address_222,"[(2, 6), (4, 12), (1, 18), (3, 17)]",2024-11-04 09:00:00
223,223,7,3,330,26.42729897201965,74.67216847658499,8,Address_223,"[(3, 12), (1, 19), (1, 15), (3, 3), (5, 8)]",2024-11-04 09:00:00
224,224,8,10,2071,26.447812959193,74.63898341745217,8,Address_224,"[(5, 9), (3, 19), (1, 6), (4, 18), (1, 1)]",2024-11-04 09:00:00
225,225,8,9,2077,26.401042704861876,74.61451731025412,8,Address_225,"[(3, 3), (5, 8), (4, 20), (4, 17)]",2024-11-04 09:00:00
226,226,10,5,71,26.474058377025077,74.77684912280064,8,Address_226,"[(4, 20), (5, 7), (5, 9)]",2024-11-04 09:00:00
227,227,10,7,1830,26.478037407704587,74.70957611250016,8,Address_227,"[(5, 10)]",2024-11-04 09:00:00
228,228,8,3,2077,26.338483578111823,74.6858061921296,8,Address_228,"[(1, 5), (5, 13), (2, 12)]",2024-11-04 09:00:00
229,229,10,4,73,26.4723742005801,74.57678778882996,8,Address_229,"[(1, 6), (3, 20), (4, 3), (4, 13)]",2024-11-04 09:00:00
230,230,7,9,823,26.445463859464592,74.65564241391438,8,Address_230,"[(4, 17), (1, 10), (3, 18), (4, 7), (5, 6), (1, 18)]",2024-11-04 09:00:00
231,231,8,10,577,26.402573328336977,74.48936347866636,8,Address_231,"[(5, 17)]",2024-11-04 09:00:00
232,232,10,10,73,26.431050593659236,74.6235360312379,8,Address_232,"[(3, 14), (3, 11), (5, 18)]",2024-11-04 09:00:00
233,233,8,7,329,26.388821137702887,74.61409094746467,8,Address_233,"[(1, 1), (2, 5), (3, 6), (3, 20), (1, 17)]",2024-11-04 09:00:00
234,234,10,5,328,26.466273517894763,74.61730336931015,8,Address_234,"[(5, 10), (3, 16), (2, 7), (2, 16), (4, 6)]",2024-11-04 09:00:00
235,235,10,9,1572,26.529259786232775,74.64652010161089,8,Address_235,"[(5, 10), (5, 6), (2, 9), (5, 9)]",2024-11-04 09:00:00
236,236,7,4,1578,26.44914588883587,74.71091417912234,8,Address_236,"[(4, 2), (5, 12), (2, 14), (4, 10), (2, 2), (2, 19)]",2024-11-04 09:00:00
237,237,7,7,322,26.423566951740316,74.72168762859984,8,Address_237,"[(4, 6), (2, 17), (2, 4), (1, 11), (5, 10)]",2024-11-04 09:00:00
238,238,10,2,1572,26.533181209445544,74.58281866284985,8,Address_238,"[(1, 18)]",2024-11-04 09:00:00
239,239,7,9,79,26.45832821202193,74.66581999806331,8,Address_239,"[(3, 1), (3, 12), (4, 12), (5, 4), (4, 20)]",2024-11-04 09:00:00
240,240,10,7,574,26.52146672821978,74.60939533173932,8,Address_240,"[(4, 12), (1, 2), (5, 7), (4, 19), (3, 19)]",2024-11-04 09:00:00
241,241,2,8,1832,20.654526913237383,77.03255332633651,9,Address_241,"[(3, 16), (2, 15), (4, 9), (3, 1), (1, 19)]",2024-11-04 09:00:00
242,242,10,1,585,20.681166356465226,76.92630840897057,9,Address_242,"[(4, 15), (4, 6), (3, 6)]",2024-11-04 09:00:00
243,243,2,2,1331,20.71551178592306,76.98712418027884,9,Address_243,"[(2, 13), (2, 10)]",2024-11-04 09:00:00
244,244,9,10,337,20.720651509454168,77.05563530441034,9,Address_244,"[(3, 9), (2, 20)]",2024-11-04 09:00:00
245,245,10,8,1332,20.659592509244295,76.95741178081677,9,Address_245,"[(5, 10), (5, 5), (4, 6), (3, 20)]",2024-11-04 09:00:00
246,246,9,8,1840,20.66840811644543,76.91957150004264,9,Address_246,"[(2, 4), (1, 15), (4, 11), (4, 18), (1, 3)]",2024-11-04 09:00:00
247,247,10,2,1087,20.649759923658873,76.92074817907987,9,Address_247,"[(4, 5)]",2024-11-04 09:00:00
248,248,9,2,1334,20.789226981110794,76.99432146815322,9,Address_248,"[(3, 9), (2, 6), (1, 12), (1, 8), (4, 15), (3, 5)]",2024-11-04 09:00:00
249,249,10,4,837,20.696257115431248,77.01594430486703,9,Address_249,"[(5, 18), (1, 4), (4, 4)]",2024-11-04 09:00:00
250,250,9,6,581,20.728499522637676,76.93073616254149,9,Address_250,"[(3, 9), (1, 5), (5, 15), (2, 8), (4, 17)]",2024-11-04 09:00:00
251,251,2,4,332,20.69141816742038,77.04380247558036,9,Address_251,"[(5, 11), (1, 4), (3, 20)]",2024-11-04 09:00:00
252,252,9,10,1589,20.64441672386874,76.9713510681294,9,Address_252,"[(3, 8), (5, 20), (4, 17), (4, 9)]",2024-11-04 09:00:00
253,253,9,10,2334,20.768506252343343,76.96882879971736,9,Address_253,"[(2, 12)]",2024-11-04 09:00:00
254,254,9,8,1837,20.68253303205674,77.03708657163676,9,Address_254,"[(4, 12), (2, 13), (3, 8), (2, 4), (4, 17)]",2024-11-04 09:00:00
255,255,10,3,82,20.815485612575344,77.0581631793785,9,Address_255,"[(4, 19)]",2024-11-04 09:00:00
256,256,2,4,1832,20.683069053761553,77.10008681176966,9,Address_256,"[(5, 18), (5, 5), (1, 5), (3, 1), (4, 15), (1, 20)]",2024-11-04 09:00:00
257,257,9,3,1587,20.65196565577132,76.97117099061066,9,Address_257,"[(5, 5)]",2024-11-04 09:00:00
258,258,10,4,1586,20.712507287912892,77.00667917761017,9,Address_258,"[(1, 11), (4, 12), (3, 15), (2, 16), (2, 14), (5, 1)]",2024-11-04 09:00:00
259,259,2,5,840,20.651526466871886,76.91932134088165,9,Address_259,"[(1, 6), (5, 11), (5, 16), (4, 4), (2, 6)]",2024-11-04 09:00:00
260,260,9,8,84,20.714902719937673,76.99516416046646,9,Address_260,"[(1, 7), (4, 9), (1, 18), (2, 5), (4, 20), (3, 5)]",2024-11-04 09:00:00
261,261,9,6,840,20.689795682515662,76.89792681942285,9,Address_261,"[(5, 17), (2, 10), (4, 5), (2, 16), (5, 18)]",2024-11-04 09:00:00
262,262,9,8,837,20.722572331081746,77.03392822983376,9,Address_262,"[(5, 19), (4, 15), (5, 18)]",2024-11-04 09:00:00
263,263,9,8,840,20.702234805826674,77.03624567662041,9,Address_263,"[(3, 8), (4, 16), (4, 20)]",2024-11-04 09:00:00
264,264,9,7,2089,20.65646950940176,76.92276788677616,9,Address_264,"[(4, 6), (3, 17)]",2024-11-04 09:00:00
265,265,2,6,1831,20.664693424404778,76.9775517098118,9,Address_265,"[(4, 10), (4, 12), (5, 17)]",2024-11-04 09:00:00
266,266,2,5,2336,20.64127853485795,77.07272796835373,9,Address_266,"[(1, 15), (5, 11), (2, 10)]",2024-11-04 09:00:00
267,267,10,4,1832,20.705734863356668,77.02281334464158,9,Address_267,"[(3, 8), (5, 19), (4, 7), (3, 17), (5, 7), (2, 20)]",2024-11-04 09:00:00
268,268,2,6,1085,20.768424718579347,76.99220412171567,9,Address_268,"[(5, 4)]",2024-11-04 09:00:00
269,269,10,3,1835,20.739384999785074,77.07853287759403,9,Address_269,"[(5, 19), (4, 7), (4, 12), (1, 8)]",2024-11-04 09:00:00
270,270,10,5,1338,20.663461212491768,77.02763029777151,9,Address_270,"[(3, 16)]",2024-11-04 09:00:00
271,271,1,8,343,9.575292430143406,76.31327256753819,10,Address_271,"[(5, 19), (4, 1), (1, 19), (2, 6), (5, 7), (3, 13)]",2024-11-04 09:00:00
272,272,6,5,1347,9.470930938019182,76.31324708515564,10,Address_272,"[(5, 6), (2, 13), (1, 9), (5, 10), (3, 16), (5, 1)]",2024-11-04 09:00:00
273,273,7,1,849,9.499397569245936,76.31027539269222,10,Address_273,"[(3, 8), (2, 2), (5, 15), (5, 19)]",2024-11-04 09:00:00
274,274,6,6,843,9.680826626963423,76.39240155398396,10,Address_274,"[(1, 12), (1, 1), (2, 18), (4, 9)]",2024-11-04 09:00:00
275,275,6,6,1345,9.552103247192024,76.13370742665187,10,Address_275,"[(2, 15), (4, 15)]",2024-11-04 09:00:00
276,276,6,9,599,9.471923355075637,76.29761604974001,10,Address_276,"[(1, 2), (1, 12), (4, 17), (4, 13)]",2024-11-04 09:00:00
277,277,7,4,1598,9.672497353323468,76.27487790891594,10,Address_277,"[(2, 15), (1, 3), (2, 1), (1, 14), (2, 19), (4, 8)]",2024-11-04 09:00:00
278,278,10,10,1095,9.499081152035181,76.38742306145915,10,Address_278,"[(4, 15), (4, 15)]",2024-11-04 09:00:00
279,279,10,4,347,9.478469199742511,76.24994162505628,10,Address_279,"[(1, 12), (2, 16), (3, 13)]",2024-11-04 09:00:00
280,280,10,9,847,9.608017462589759,76.27468983732886,10,Address_280,"[(3, 10), (5, 6)]",2024-11-04 09:00:00
281,281,7,7,849,9.46540463983801,76.25587975528308,10,Address_281,"[(5, 17), (4, 19)]",2024-11-04 09:00:00
282,282,4,3,94,9.591708333661776,76.32972884767536,10,Address_282,"[(1, 12), (2, 10), (5, 8), (2, 13), (3, 14)]",2024-11-04 09:00:00
283,283,10,1,99,9.54483873534796,76.2941678219262,10,Address_283,"[(3, 11)]",2024-11-04 09:00:00
284,284,1,5,347,9.527307581992135,76.24677578043685,10,Address_284,"[(2, 11), (3, 15)]",2024-11-04 09:00:00
285,285,10,2,2099,9.329152156422573,76.42835591676882,10,Address_285,"[(1, 20), (2, 2), (5, 18), (2, 17), (3, 6)]",2024-11-04 09:00:00
286,286,7,8,2346,9.420134627659237,76.36220228871788,10,Address_286,"[(2, 12), (1, 10), (5, 19)]",2024-11-04 09:00:00
287,287,10,8,597,9.667425425834733,76.43749243087379,10,Address_287,"[(4, 17), (1, 11), (5, 11), (3, 18), (3, 2)]",2024-11-04 09:00:00
288,288,6,5,2095,9.541910434586756,76.3493273193812,10,Address_288,"[(2, 15), (5, 19)]",2024-11-04 09:00:00
289,289,4,10,91,9.496723882788173,76.3297592671601,10,Address_289,"[(2, 7), (5, 2)]",2024-11-04 09:00:00
290,290,1,9,1350,9.533710271157709,76.29919693103608,10,Address_290,"[(4, 20), (4, 11), (3, 20), (1, 6), (2, 2)]",2024-11-04 09:00:00
291,291,6,4,343,9.453824959607047,76.14946624592982,10,Address_291,"[(5, 14), (1, 18), (4, 18), (2, 16)]",2024-11-04 09:00:00
292,292,6,5,1842,9.481069758387791,76.32595543633508,10,Address_292,"[(3, 17), (4, 8), (1, 1), (3, 14), (4, 15), (5, 5)]",2024-11-04 09:00:00
293,293,1,3,849,9.43112932696934,76.36041631600725,10,Address_293,"[(5, 9), (2, 2)]",2024-11-04 09:00:00
294,294,6,3,591,9.52825213879325,76.39505552397272,10,Address_294,"[(1, 8), (1, 14), (2, 14), (2, 14), (1, 4)]",2024-11-04 09:00:00
295,295,1,2,841,9.479638623840742,76.3124533107283,10,Address_295,"[(3, 12)]",2024-11-04 09:00:00
296,296,10,2,1841,9.61887549275195,76.39214000160442,10,Address_296,"[(1, 11), (3, 5), (5, 15), (5, 2)]",2024-11-04 09:00:00
297,297,7,3,1099,9.625515604942933,76.42452960267975,10,Address_297,"[(1, 9), (1, 17), (3, 16), (5, 15)]",2024-11-04 09:00:00
298,298,4,4,2350,9.485223340335745,76.32596406209804,10,Address_298,"[(1, 1), (3, 12)]",2024-11-04 09:00:00
299,299,7,10,343,9.527002844355088,76.37623512082435,10,Address_299,"[(5, 20), (3, 13)]",2024-11-04 09:00:00
300,300,4,8,349,9.603641806628461,76.47630173292887,10,Address_300,"[(1, 8), (5, 12), (5, 5), (3, 4), (2, 17)]",2024-11-04 09:00:00
301,301,10,3,110,27.8818871973237,78.08101499780608,11,Address_301,"[(3, 3)]",2024-11-04 09:00:00
302,302,10,4,1602,27.880827518464752,78.25176799840905,11,Address_302,"[(4, 14), (5, 14), (3, 11), (1, 9), (5, 2), (2, 2)]",2024-11-04 09:00:00
303,303,2,10,2357,28.002969095265396,78.20863561467458,11,Address_303,"[(3, 1), (4, 11), (1, 11), (3, 10), (4, 10), (1, 18)]",2024-11-04 09:00:00
304,304,10,10,860,27.925149451058008,77.95169246070644,11,Address_304,"[(1, 1), (1, 7), (2, 5), (2, 12), (5, 9), (2, 10)]",2024-11-04 09:00:00
305,305,5,5,852,27.813402521195425,77.99012985316338,11,Address_305,"[(2, 13), (3, 2), (3, 8), (5, 19), (2, 8), (2, 2)]",2024-11-04 09:00:00
306,306,4,2,1359,27.904015579432166,78.04021043014596,11,Address_306,"[(3, 12), (2, 20)]",2024-11-04 09:00:00
307,307,10,7,1602,27.882588672999507,77.94948881813512,11,Address_307,"[(4, 1), (5, 3), (5, 13)]",2024-11-04 09:00:00
308,308,7,6,2103,27.700679417748905,78.05195050830834,11,Address_308,"[(5, 11), (5, 2), (2, 11), (1, 8)]",2024-11-04 09:00:00
309,309,10,1,1355,28.01856125605905,78.18611437513583,11,Address_309,"[(1, 7), (1, 13), (4, 20), (1, 6)]",2024-11-04 09:00:00
310,310,6,1,2109,27.943204476755838,78.22930513716511,11,Address_310,"[(1, 1), (1, 13), (5, 20), (2, 11), (4, 18), (3, 8)]",2024-11-04 09:00:00
311,311,5,2,605,27.851623509643677,78.17153044981508,11,Address_311,"[(2, 3), (5, 5), (1, 19), (5, 6), (3, 6)]",2024-11-04 09:00:00
312,312,5,1,1353,27.855931838121666,78.09333805588295,11,Address_312,"[(5, 1)]",2024-11-04 09:00:00
313,313,5,6,1109,27.686351314517978,78.21730801071242,11,Address_313,"[(2, 6), (2, 9), (4, 1), (3, 3)]",2024-11-04 09:00:00
314,314,2,2,604,27.97071549136762,78.12202615826126,11,Address_314,"[(1, 3), (3, 9)]",2024-11-04 09:00:00
315,315,2,1,1608,27.856204445131308,78.14266976760206,11,Address_315,"[(4, 9), (3, 20), (4, 15), (4, 11), (5, 19), (1, 17)]",2024-11-04 09:00:00
316,316,6,2,1859,27.89098042950007,77.94126199362793,11,Address_316,"[(5, 11)]",2024-11-04 09:00:00
317,317,7,9,108,27.879158145227905,78.0805314690224,11,Address_317,"[(4, 10)]",2024-11-04 09:00:00
318,318,10,7,2353,28.067044170753327,77.99946626485504,11,Address_318,"[(2, 17), (5, 16), (5, 6), (5, 8)]",2024-11-04 09:00:00
319,319,4,3,1103,27.87057334586857,78.07586218032358,11,Address_319,"[(5, 15), (3, 18), (5, 10), (3, 20), (5, 1), (3, 17)]",2024-11-04 09:00:00
320,320,10,5,1107,27.95098510147046,78.10677909131508,11,Address_320,"[(5, 6), (2, 9)]",2024-11-04 09:00:00
321,321,7,3,856,27.830353414520165,78.1675867415684,11,Address_321,"[(3, 12), (2, 7), (1, 15)]",2024-11-04 09:00:00
322,322,10,9,2351,27.740647803458117,77.97393927495338,11,Address_322,"[(4, 20)]",2024-11-04 09:00:00
323,323,6,9,1851,27.928002918150042,78.07184667793244,11,Address_323,"[(5, 7)]",2024-11-04 09:00:00
324,324,4,8,602,27.982846006979596,77.82938388420972,11,Address_324,"[(4, 6)]",2024-11-04 09:00:00
325,325,4,5,1851,27.831285447816697,78.15742097815998,11,Address_325,"[(3, 6)]",2024-11-04 09:00:00
326,326,10,6,2106,27.878870866141437,78.07551617578994,11,Address_326,"[(4, 18), (2, 5), (1, 6), (1, 6)]",2024-11-04 09:00:00
327,327,2,1,360,27.90842728769403,78.03492136493416,11,Address_327,"[(5, 8), (5, 13), (5, 10), (1, 13), (5, 16)]",2024-11-04 09:00:00
328,328,5,1,855,27.994376782414864,78.21327347350494,11,Address_328,"[(2, 16), (5, 7), (1, 8)]",2024-11-04 09:00:00
329,329,4,3,1609,27.784033059142846,78.03398863570146,11,Address_329,"[(3, 19), (5, 4), (2, 14), (1, 9), (1, 1), (2, 15)]",2024-11-04 09:00:00
330,330,7,1,2351,27.82110891672288,78.34480534422947,11,Address_330,"[(2, 20), (5, 20), (1, 15), (2, 2), (2, 14)]",2024-11-04 09:00:00
331,331,8,7,620,26.462319642948387,89.3644500995772,12,Address_331,"[(1, 15), (1, 19)]",2024-11-04 09:00:00
332,332,2,8,1117,26.499982604642256,89.46198455082002,12,Address_332,"[(3, 13), (2, 10), (3, 5), (4, 12), (2, 3)]",2024-11-04 09:00:00
333,333,4,8,1620,26.49157320737027,89.52991892385178,12,Address_333,"[(3, 8), (1, 8)]",2024-11-04 09:00:00
334,334,8,8,1618,26.491017948175877,89.50792428937548,12,Address_334,"[(4, 11)]",2024-11-04 09:00:00
335,335,4,10,1868,26.423609850938806,89.53547063219386,12,Address_335,"[(1, 10), (3, 8), (4, 4)]",2024-11-04 09:00:00
336,336,8,7,2369,26.35644719918715,89.61313524808457,12,Address_336,"[(5, 10)]",2024-11-04 09:00:00
337,337,8,2,363,26.60853379576107,89.55591486398998,12,Address_337,"[(2, 20), (4, 5), (4, 18), (4, 6), (3, 19)]",2024-11-04 09:00:00
338,338,4,10,2115,26.59489534368493,89.48887827657995,12,Address_338,"[(5, 19), (5, 10), (1, 13), (5, 10), (5, 8)]",2024-11-04 09:00:00
339,339,4,9,617,26.533744740856484,89.50096262296914,12,Address_339,"[(5, 15), (3, 14), (2, 6), (5, 7), (3, 15), (3, 10)]",2024-11-04 09:00:00
340,340,4,3,2366,26.51916951542659,89.53792020907962,12,Address_340,"[(4, 5), (1, 10), (2, 14)]",2024-11-04 09:00:00
341,341,4,2,369,26.33906992239188,89.48833239792816,12,Address_341,"[(2, 15), (5, 12), (5, 10)]",2024-11-04 09:00:00
342,342,4,3,1867,26.430467360786228,89.43920405514415,12,Address_342,"[(1, 17), (3, 15)]",2024-11-04 09:00:00
343,343,4,9,1361,26.4136949217375,89.49648723745813,12,Address_343,"[(1, 19), (1, 20), (2, 20)]",2024-11-04 09:00:00
344,344,8,5,1618,26.50661721731268,89.44375556271125,12,Address_344,"[(5, 6), (4, 8)]",2024-11-04 09:00:00
345,345,4,5,1365,26.464607118879975,89.56453858002942,12,Address_345,"[(1, 20), (2, 6), (3, 15), (4, 17), (1, 3), (1, 19)]",2024-11-04 09:00:00
346,346,8,5,365,26.497210464374103,89.48577047570689,12,Address_346,"[(3, 20), (5, 2)]",2024-11-04 09:00:00
347,347,4,3,1867,26.448197431024816,89.36769854199127,12,Address_347,"[(4, 15)]",2024-11-04 09:00:00
348,348,2,5,115,26.557427010079873,89.54330749864398,12,Address_348,"[(3, 5), (2, 13), (1, 19), (1, 15)]",2024-11-04 09:00:00
349,349,4,3,616,26.494933539808198,89.53662272506618,12,Address_349,"[(2, 4), (1, 8), (1, 6), (2, 20), (2, 3), (3, 17)]",2024-11-04 09:00:00
350,350,8,10,1866,26.487872925626224,89.56841052147291,12,Address_350,"[(5, 14)]",2024-11-04 09:00:00
351,351,8,9,1863,26.473356364104323,89.5192502511811,12,Address_351,"[(1, 14), (1, 13), (1, 4), (5, 18), (5, 15)]",2024-11-04 09:00:00
352,352,2,4,368,26.357479503941093,89.4314856052922,12,Address_352,"[(3, 4), (5, 9), (3, 8), (4, 4), (4, 16), (4, 16)]",2024-11-04 09:00:00
353,353,2,6,616,26.551128544398512,89.37950483942578,12,Address_353,"[(4, 14)]",2024-11-04 09:00:00
354,354,2,6,2113,26.50595736821086,89.4359139758659,12,Address_354,"[(1, 8), (2, 17), (4, 1), (3, 12), (1, 20), (1, 6)]",2024-11-04 09:00:00
355,355,4,4,118,26.450273803564528,89.6822182118711,12,Address_355,"[(5, 11)]",2024-11-04 09:00:00
356,356,8,9,1863,26.49926775447253,89.51429861563103,12,Address_356,"[(3, 19), (5, 11)]",2024-11-04 09:00:00
357,357,4,10,1364,26.478422049256064,89.5242857189864,12,Address_357,"[(1, 12), (5, 18), (4, 20), (4, 19)]",2024-11-04 09:00:00
358,358,8,6,869,26.4127243268565,89.50086717385891,12,Address_358,"[(1, 12), (1, 8), (5, 4), (5, 13), (2, 10)]",2024-11-04 09:00:00
359,359,8,2,1118,26.48412728788757,89.5285400574775,12,Address_359,"[(1, 4)]",2024-11-04 09:00:00
360,360,4,1,111,26.472701141211513,89.4308108466195,12,Address_360,"[(3, 10), (4, 3), (4, 6), (3, 12)]",2024-11-04 09:00:00
361,361,4,7,627,25.47963509376096,81.755836019293,13,Address_361,"[(4, 1), (5, 19), (2, 10), (3, 17), (2, 11)]",2024-11-04 09:00:00
362,362,3,6,879,25.473950981919128,81.91450477662637,13,Address_362,"[(3, 17), (2, 12), (5, 13), (4, 17), (3, 17), (1, 18)]",2024-11-04 09:00:00
363,363,3,5,1628,25.455845331551025,81.85928529367953,13,Address_363,"[(1, 9), (3, 19), (3, 17), (5, 5), (1, 12)]",2024-11-04 09:00:00
364,364,7,4,2377,25.487995568790325,81.92624858565922,13,Address_364,"[(4, 18), (4, 17), (2, 19)]",2024-11-04 09:00:00
365,365,4,3,1375,25.4486073452758,81.85531111318423,13,Address_365,"[(5, 7), (4, 16), (4, 1)]",2024-11-04 09:00:00
366,366,2,1,373,25.488427176170838,81.96185985922754,13,Address_366,"[(4, 2), (2, 14), (5, 1), (1, 19)]",2024-11-04 09:00:00
367,367,7,7,629,25.479969488520904,81.88117875013292,13,Address_367,"[(1, 4)]",2024-11-04 09:00:00
368,368,7,3,878,25.436058890866857,81.82326419001299,13,Address_368,"[(1, 11), (2, 15), (5, 7), (3, 8), (1, 11), (2, 20)]",2024-11-04 09:00:00
369,369,4,7,2380,25.448880337843708,81.86432838065542,13,Address_369,"[(2, 2), (4, 8), (3, 10), (5, 14), (3, 7), (4, 19)]",2024-11-04 09:00:00
370,370,2,5,1625,25.401464543971436,81.75362470383273,13,Address_370,"[(3, 18), (2, 9)]",2024-11-04 09:00:00
371,371,4,9,624,25.35715022289249,81.78953504868272,13,Address_371,"[(3, 13), (2, 2), (4, 1)]",2024-11-04 09:00:00
372,372,3,1,128,25.369981473324202,81.95024134304799,13,Address_372,"[(2, 5)]",2024-11-04 09:00:00
373,373,3,7,625,25.431888586265774,81.84441638098662,13,Address_373,"[(1, 6)]",2024-11-04 09:00:00
374,374,5,8,629,25.421058974334738,81.80443775915104,13,Address_374,"[(4, 2), (3, 7), (1, 3), (1, 10)]",2024-11-04 09:00:00
375,375,2,10,2122,25.44535412103423,81.83168687456056,13,Address_375,"[(5, 5), (5, 18), (5, 2)]",2024-11-04 09:00:00
376,376,5,4,130,25.416057975582895,81.89561954789241,13,Address_376,"[(3, 18)]",2024-11-04 09:00:00
377,377,4,3,121,25.463026034086955,81.82640766570195,13,Address_377,"[(2, 13), (4, 11), (2, 18), (1, 18), (3, 17), (3, 18)]",2024-11-04 09:00:00
378,378,2,9,1625,25.435835378532744,81.84163631003884,13,Address_378,"[(1, 1), (5, 13), (4, 5)]",2024-11-04 09:00:00
379,379,4,10,2377,25.461910301661277,81.86658107620129,13,Address_379,"[(2, 3), (5, 9), (3, 16)]",2024-11-04 09:00:00
380,380,3,2,2372,25.523174993509755,81.89620889240567,13,Address_380,"[(3, 11), (2, 16), (4, 1)]",2024-11-04 09:00:00
381,381,5,10,372,25.50316775583513,81.92001214467038,13,Address_381,"[(1, 12), (2, 17), (2, 15), (3, 4), (1, 17), (1, 8)]",2024-11-04 09:00:00
382,382,3,6,1621,25.515324917240253,81.87764455945833,13,Address_382,"[(4, 9), (3, 9), (2, 14), (5, 13)]",2024-11-04 09:00:00
383,383,5,7,378,25.4425295386021,81.90781710841661,13,Address_383,"[(1, 3), (3, 8), (4, 19), (2, 14)]",2024-11-04 09:00:00
384,384,5,7,630,25.450094570562683,81.8931635566543,13,Address_384,"[(3, 17)]",2024-11-04 09:00:00
385,385,3,8,2121,25.444814068514276,81.84045934693596,13,Address_385,"[(3, 9)]",2024-11-04 09:00:00
386,386,5,5,2121,25.525795466223656,81.77463640480147,13,Address_386,"[(4, 19), (2, 1)]",2024-11-04 09:00:00
387,387,3,3,372,25.405992083766236,81.79090765166168,13,Address_387,"[(1, 7), (3, 16), (2, 9), (2, 19), (5, 10)]",2024-11-04 09:00:00
388,388,5,1,124,25.440414072416107,81.83860621191236,13,Address_388,"[(4, 12), (2, 14)]",2024-11-04 09:00:00
389,389,2,7,1380,25.403829095656896,81.78028719080484,13,Address_389,"[(2, 10), (5, 18), (4, 10), (1, 17)]",2024-11-04 09:00:00
390,390,3,3,1127,25.459735700254285,81.80068036160866,13,Address_390,"[(5, 1), (1, 15), (5, 14), (1, 5)]",2024-11-04 09:00:00
391,391,4,9,2382,27.576813683628174,76.62122553457466,14,Address_391,"[(1, 19), (1, 16), (3, 5)]",2024-11-04 09:00:00
392,392,5,7,131,27.595193472969527,76.57093864166262,14,Address_392,"[(5, 19), (3, 5), (2, 1), (3, 15), (1, 8), (5, 18)]",2024-11-04 09:00:00
393,393,3,10,884,27.703897465441337,76.54770757697102,14,Address_393,"[(1, 20), (5, 10), (4, 5), (4, 6), (1, 9)]",2024-11-04 09:00:00
394,394,8,6,1636,27.55866517578435,76.59149093397801,14,Address_394,"[(5, 9), (5, 14), (2, 5)]",2024-11-04 09:00:00
395,395,3,4,889,27.49889169640875,76.60760238062217,14,Address_395,"[(1, 12)]",2024-11-04 09:00:00
396,396,3,5,1135,27.55274457726444,76.6633037006945,14,Address_396,"[(4, 5), (5, 14), (4, 14), (3, 9), (5, 15), (3, 1)]",2024-11-04 09:00:00
397,397,3,8,1882,27.58339381691319,76.4742784481884,14,Address_397,"[(5, 17), (1, 3), (1, 9)]",2024-11-04 09:00:00
398,398,8,6,388,27.513545520636345,76.60258684658557,14,Address_398,"[(4, 7), (5, 10)]",2024-11-04 09:00:00
399,399,6,3,2137,27.556436856511947,76.57503405703928,14,Address_399,"[(5, 18)]",2024-11-04 09:00:00
400,400,4,3,1140,27.398777720953166,76.71077916665625,14,Address_400,"[(1, 9), (4, 15), (5, 3), (5, 14)]",2024-11-04 09:00:00
401,401,8,10,1381,27.482922775215627,76.51040893183193,14,Address_401,"[(2, 17), (3, 12), (1, 14), (4, 3)]",2024-11-04 09:00:00
402,402,8,1,135,27.70153883978453,76.47483622480352,14,Address_402,"[(5, 14), (4, 11)]",2024-11-04 09:00:00
403,403,3,1,1137,27.590190100860596,76.6272131163951,14,Address_403,"[(2, 5)]",2024-11-04 09:00:00
404,404,5,6,1383,27.399396645654303,76.65762813687742,14,Address_404,"[(3, 3), (2, 5), (1, 12)]",2024-11-04 09:00:00
405,405,6,8,138,27.66014471198016,76.68756347187752,14,Address_405,"[(4, 10), (1, 3), (4, 4), (1, 13), (2, 6)]",2024-11-04 09:00:00
406,406,8,7,2139,27.59931852128801,76.71398899382558,14,Address_406,"[(2, 17), (1, 17), (3, 18), (5, 17), (3, 17), (3, 11)]",2024-11-04 09:00:00
407,407,4,9,632,27.601899164502978,76.68790872133435,14,Address_407,"[(1, 4), (2, 12), (4, 6), (4, 1), (2, 13)]",2024-11-04 09:00:00
408,408,4,8,890,27.541690978057936,76.630552423962,14,Address_408,"[(3, 2), (3, 9)]",2024-11-04 09:00:00
409,409,4,6,2135,27.566989716721732,76.60451616007698,14,Address_409,"[(5, 1), (2, 17), (2, 17)]",2024-11-04 09:00:00
410,410,6,6,1137,27.562743461557485,76.51904646605728,14,Address_410,"[(2, 4), (4, 10)]",2024-11-04 09:00:00
411,411,5,4,381,27.74381036195992,76.6805868417682,14,Address_411,"[(2, 1), (4, 4), (4, 11), (4, 2), (3, 5)]",2024-11-04 09:00:00
412,412,6,4,1635,27.562225439631757,76.64310781355155,14,Address_412,"[(2, 8), (3, 8), (4, 17), (3, 15), (3, 8), (4, 2)]",2024-11-04 09:00:00
413,413,8,8,1136,27.588656749800407,76.61114830780286,14,Address_413,"[(5, 2), (4, 4), (5, 14), (4, 15), (4, 9), (4, 5)]",2024-11-04 09:00:00
414,414,8,9,1131,27.636888674637436,76.69976094447426,14,Address_414,"[(4, 5), (4, 7), (1, 14)]",2024-11-04 09:00:00
415,415,8,6,2383,27.438527436219065,76.75513263680136,14,Address_415,"[(5, 20), (3, 2), (1, 14), (3, 16), (3, 1)]",2024-11-04 09:00:00
416,416,4,8,136,27.587213978274235,76.57223278361424,14,Address_416,"[(5, 19)]",2024-11-04 09:00:00
417,417,6,10,1383,27.650120373928672,76.45684000741426,14,Address_417,"[(1, 20), (3, 12), (4, 2), (5, 9)]",2024-11-04 09:00:00
418,418,3,10,883,27.571585406834586,76.46354404793989,14,Address_418,"[(1, 2), (2, 5), (2, 8), (5, 7), (2, 9), (5, 14)]",2024-11-04 09:00:00
419,419,5,7,1137,27.55589673941745,76.60498858355005,14,Address_419,"[(2, 3), (5, 14), (2, 20), (2, 8)]",2024-11-04 09:00:00
420,420,6,5,1382,27.674611250637852,76.54161345506138,14,Address_420,"[(5, 4), (1, 16), (4, 5), (4, 10), (5, 7), (2, 11)]",2024-11-04 09:00:00
421,421,5,1,1393,30.48418371496522,76.7302331111242,15,Address_421,"[(1, 3), (1, 7), (5, 15), (3, 10), (5, 3), (4, 2)]",2024-11-04 09:00:00
422,422,1,7,894,30.325680284951844,76.81951538357615,15,Address_422,"[(5, 7), (5, 14), (4, 18), (4, 20), (3, 18)]",2024-11-04 09:00:00
423,423,9,5,2150,30.346940656140966,76.7906976052163,15,Address_423,"[(2, 7), (1, 15)]",2024-11-04 09:00:00
424,424,1,7,646,30.21611276446138,76.92435094898883,15,Address_424,"[(5, 11), (2, 4), (5, 15), (2, 14)]",2024-11-04 09:00:00
425,425,9,10,397,30.386202344952956,76.6213938522734,15,Address_425,"[(1, 13), (4, 9), (2, 7), (3, 19), (2, 18), (1, 19)]",2024-11-04 09:00:00
426,426,9,7,2148,30.31945260606898,76.84440071094988,15,Address_426,"[(2, 1), (4, 19), (1, 10), (5, 15)]",2024-11-04 09:00:00
427,427,1,9,398,30.375325001068372,76.80449471726506,15,Address_427,"[(1, 20), (3, 10), (3, 2), (5, 4), (4, 2), (5, 12)]",2024-11-04 09:00:00
428,428,5,4,1143,30.25486816689409,76.78869869844878,15,Address_428,"[(5, 17), (2, 16), (3, 18), (2, 20), (5, 6), (4, 19)]",2024-11-04 09:00:00
429,429,9,7,900,30.358643210335384,76.76153797698255,15,Address_429,"[(2, 9), (2, 13), (5, 15), (1, 11), (2, 20)]",2024-11-04 09:00:00
430,430,5,6,398,30.321894724961002,76.81476233581948,15,Address_430,"[(4, 4), (5, 14), (5, 16), (1, 19), (5, 17)]",2024-11-04 09:00:00
431,431,9,7,1398,30.22750080346349,76.8557906092967,15,Address_431,"[(2, 8)]",2024-11-04 09:00:00
432,432,9,4,2141,30.356596434885525,76.78879942605077,15,Address_432,"[(4, 14)]",2024-11-04 09:00:00
433,433,9,9,2400,30.278216909478346,76.68680437772674,15,Address_433,"[(5, 6), (4, 20), (3, 11)]",2024-11-04 09:00:00
434,434,9,4,1144,30.361596148258744,76.79885931498308,15,Address_434,"[(4, 11), (2, 2), (2, 16), (1, 14)]",2024-11-04 09:00:00
435,435,9,8,2397,30.41802310085049,76.8187308821583,15,Address_435,"[(4, 11), (5, 18), (1, 16)]",2024-11-04 09:00:00
436,436,9,4,2148,30.38060186886734,76.71235934187789,15,Address_436,"[(3, 13), (1, 18), (4, 11), (1, 14), (4, 19), (1, 11)]",2024-11-04 09:00:00
437,437,1,5,1148,30.259646280846464,76.81211245423034,15,Address_437,"[(4, 20), (4, 14), (1, 20)]",2024-11-04 09:00:00
438,438,5,1,2393,30.459739910579746,76.65306372561129,15,Address_438,"[(5, 4), (1, 6)]",2024-11-04 09:00:00
439,439,9,5,1644,30.319691336016323,76.82721032209851,15,Address_439,"[(1, 5), (3, 5), (3, 20)]",2024-11-04 09:00:00
440,440,5,10,1643,30.381932319828415,76.7894461551041,15,Address_440,"[(3, 20), (3, 14), (2, 9), (3, 14), (4, 6)]",2024-11-04 09:00:00
441,441,1,9,1147,30.42694247382006,76.86079354298026,15,Address_441,"[(2, 16), (4, 9), (3, 8), (2, 12)]",2024-11-04 09:00:00
442,442,1,1,398,30.38053338568875,76.80462065590474,15,Address_442,"[(5, 7), (5, 17)]",2024-11-04 09:00:00
443,443,5,4,898,30.354651595417515,76.68121575728836,15,Address_443,"[(2, 19), (1, 2), (2, 17), (5, 6), (5, 20), (2, 14)]",2024-11-04 09:00:00
444,444,5,8,399,30.347329577864215,76.81781731814635,15,Address_444,"[(5, 15), (3, 7), (4, 2), (4, 5), (2, 8)]",2024-11-04 09:00:00
445,445,9,1,141,30.35299126158993,76.66041314409979,15,Address_445,"[(4, 5)]",2024-11-04 09:00:00
446,446,9,4,1645,30.400176687197472,76.60585956046557,15,Address_446,"[(4, 20), (5, 9), (1, 16), (4, 2), (3, 7), (3, 4)]",2024-11-04 09:00:00
447,447,1,10,1142,30.47488166406585,76.78636202361739,15,Address_447,"[(4, 15), (4, 15), (3, 16), (3, 17), (2, 3)]",2024-11-04 09:00:00
448,448,9,7,391,30.34221099651584,76.60713330614936,15,Address_448,"[(3, 17), (3, 1)]",2024-11-04 09:00:00
449,449,5,4,897,30.245717953298424,76.7601889528732,15,Address_449,"[(2, 17), (5, 6), (2, 3), (2, 1)]",2024-11-04 09:00:00
450,450,9,9,642,30.258310269969787,76.70299538545765,15,Address_450,"[(1, 1)]",2024-11-04 09:00:00
451,451,6,6,660,21.140620908331545,77.72128651875389,16,Address_451,"[(1, 15)]",2024-11-04 09:00:00
452,452,3,6,903,21.11954819732678,77.80766935697972,16,Address_452,"[(1, 16)]",2024-11-04 09:00:00
453,453,3,2,1654,20.84025079813241,77.81715178116187,16,Address_453,"[(4, 8), (2, 6), (2, 16), (1, 7), (2, 9), (5, 5)]",2024-11-04 09:00:00
454,454,3,7,152,20.84773083223522,77.74121605440557,16,Address_454,"[(2, 17), (2, 4), (3, 18)]",2024-11-04 09:00:00
455,455,6,9,655,21.091022301767104,77.74936243488986,16,Address_455,"[(4, 3), (1, 3), (1, 2), (1, 17), (4, 14), (1, 7)]",2024-11-04 09:00:00
456,456,6,10,1401,20.8868485783649,77.76393297299143,16,Address_456,"[(2, 18), (5, 11), (5, 5), (2, 12)]",2024-11-04 09:00:00
457,457,10,1,1651,21.03364570072638,77.90093872986378,16,Address_457,"[(2, 3), (1, 10), (5, 11), (2, 16), (2, 11), (5, 17)]",2024-11-04 09:00:00
458,458,6,6,1909,20.838226175172718,77.79923844726139,16,Address_458,"[(3, 12)]",2024-11-04 09:00:00
459,459,6,6,2153,21.032098180140572,77.81395882491037,16,Address_459,"[(5, 5), (3, 14), (5, 1), (2, 9)]",2024-11-04 09:00:00
460,460,10,1,2157,20.864286209134825,77.60551877308524,16,Address_460,"[(1, 12), (2, 14), (4, 11), (4, 6)]",2024-11-04 09:00:00
461,461,3,7,1406,20.936002014009496,77.58759983583597,16,Address_461,"[(1, 7), (1, 19), (1, 3), (2, 12), (5, 15), (1, 13)]",2024-11-04 09:00:00
462,462,6,5,906,20.864057676577993,77.74309062536217,16,Address_462,"[(1, 20), (2, 15), (2, 12), (1, 9)]",2024-11-04 09:00:00
463,463,9,7,902,20.93231300352087,77.74737826320603,16,Address_463,"[(3, 11), (2, 4)]",2024-11-04 09:00:00
464,464,3,3,1405,21.025547685427576,77.70403351473365,16,Address_464,"[(2, 5), (2, 15), (3, 13), (4, 13), (1, 10)]",2024-11-04 09:00:00
465,465,6,1,2157,20.768863957689575,77.63037061906688,16,Address_465,"[(5, 18)]",2024-11-04 09:00:00
466,466,9,1,405,20.95317943631208,77.72892748231158,16,Address_466,"[(5, 2), (5, 4), (1, 9), (2, 10), (2, 16)]",2024-11-04 09:00:00
467,467,10,1,2404,20.837871788510483,77.77569438230648,16,Address_467,"[(1, 5), (3, 3), (5, 8), (2, 1)]",2024-11-04 09:00:00
468,468,6,7,654,20.9180852621132,77.7756513670669,16,Address_468,"[(1, 3), (1, 2), (1, 11), (2, 3)]",2024-11-04 09:00:00
469,469,9,7,1902,20.944935479141485,77.73792983797048,16,Address_469,"[(2, 1)]",2024-11-04 09:00:00
470,470,3,2,403,20.94292252161869,77.96352605698671,16,Address_470,"[(2, 6), (5, 5), (1, 14), (3, 11), (2, 10), (1, 1)]",2024-11-04 09:00:00
471,471,10,8,1653,20.947942394246148,77.72526596719767,16,Address_471,"[(3, 18), (5, 9), (1, 8), (4, 10), (3, 13)]",2024-11-04 09:00:00
472,472,6,3,159,20.822323048352516,77.6854222976945,16,Address_472,"[(3, 3), (5, 19)]",2024-11-04 09:00:00
473,473,3,7,1159,20.9440351129733,77.6758795804326,16,Address_473,"[(4, 16), (4, 12), (3, 15), (3, 7)]",2024-11-04 09:00:00
474,474,9,2,401,20.90673483480744,77.88552862966831,16,Address_474,"[(4, 13), (4, 11), (5, 10), (2, 9), (5, 10), (5, 9)]",2024-11-04 09:00:00
475,475,10,4,655,20.93159844925763,77.97983007072686,16,Address_475,"[(3, 12)]",2024-11-04 09:00:00
476,476,3,1,152,21.010296542896818,77.73513972917269,16,Address_476,"[(3, 8), (2, 3)]",2024-11-04 09:00:00
477,477,6,3,1403,20.939578809863335,77.79251897212443,16,Address_477,"[(1, 18), (5, 15), (2, 11), (3, 18), (5, 10), (1, 12)]",2024-11-04 09:00:00
478,478,6,4,654,20.942278249528677,77.92698977435292,16,Address_478,"[(2, 7), (1, 20), (2, 11), (4, 9)]",2024-11-04 09:00:00
479,479,9,1,1409,20.95088201762999,77.7155880387951,16,Address_479,"[(1, 5)]",2024-11-04 09:00:00
480,480,10,10,906,20.93459737877183,77.7603555682966,16,Address_480,"[(3, 20), (5, 4), (5, 14)]",2024-11-04 09:00:00
481,481,6,6,668,31.643143123995454,74.83727830548146,17,Address_481,"[(2, 8), (2, 14), (5, 2), (3, 3), (1, 11), (2, 2)]",2024-11-04 09:00:00
482,482,4,10,1663,31.68284732887667,75.0237601778044,17,Address_482,"[(5, 13), (2, 8), (2, 16)]",2024-11-04 09:00:00
483,483,10,4,163,31.624893496915337,74.87902979828709,17,Address_483,"[(2, 17), (1, 2), (3, 3), (4, 11), (1, 7), (4, 2)]",2024-11-04 09:00:00
484,484,4,2,1415,31.593087233355444,74.85438434290387,17,Address_484,"[(3, 6), (1, 3)]",2024-11-04 09:00:00
485,485,1,9,166,31.646645303062233,74.92922299106736,17,Address_485,"[(2, 4), (2, 16), (4, 5)]",2024-11-04 09:00:00
486,486,3,3,1162,31.64711540523276,74.90647794137506,17,Address_486,"[(3, 19), (3, 12), (2, 19), (4, 1), (5, 17)]",2024-11-04 09:00:00
487,487,1,5,1666,31.53373370781644,74.81278758346829,17,Address_487,"[(1, 13), (4, 14), (3, 4), (3, 9), (3, 15)]",2024-11-04 09:00:00
488,488,4,2,912,31.481404366924384,74.90248772092036,17,Address_488,"[(4, 7), (4, 2), (3, 2), (3, 12), (5, 12), (2, 14)]",2024-11-04 09:00:00
489,489,6,1,916,31.60694535166361,74.93588176949362,17,Address_489,"[(4, 4), (5, 19), (2, 13)]",2024-11-04 09:00:00
490,490,1,1,163,31.575232142957443,74.91388312511981,17,Address_490,"[(1, 18), (5, 3), (4, 1), (3, 7), (3, 8), (1, 1)]",2024-11-04 09:00:00
491,491,1,4,661,31.669353273697972,74.84355273014279,17,Address_491,"[(1, 12), (1, 4)]",2024-11-04 09:00:00
492,492,4,4,2412,31.499490966930047,74.8250840404242,17,Address_492,"[(4, 17), (3, 8)]",2024-11-04 09:00:00
493,493,3,5,665,31.70407425484118,75.0098721401012,17,Address_493,"[(2, 7), (2, 16), (3, 16), (5, 20)]",2024-11-04 09:00:00
494,494,7,10,912,31.625582669209585,74.85121180743995,17,Address_494,"[(2, 8), (4, 12), (3, 11), (1, 19)]",2024-11-04 09:00:00
495,495,7,4,2419,31.69279392722319,74.74298767683275,17,Address_495,"[(4, 6), (3, 14), (2, 5), (1, 19), (5, 14)]",2024-11-04 09:00:00
496,496,3,1,417,31.5499856447966,74.87611343261591,17,Address_496,"[(4, 8), (3, 5), (2, 16), (4, 19)]",2024-11-04 09:00:00
497,497,6,4,914,31.610691078237082,74.89495804986186,17,Address_497,"[(4, 17), (4, 1), (5, 5), (2, 12), (1, 19), (4, 7)]",2024-11-04 09:00:00
498,498,6,2,2418,31.632931003205368,74.88521773159742,17,Address_498,"[(2, 6), (4, 15), (3, 18)]",2024-11-04 09:00:00
499,499,4,3,920,31.62696227403034,74.85851401807054,17,Address_499,"[(3, 16), (1, 2), (4, 14), (4, 13), (1, 12)]",2024-11-04 09:00:00
500,500,7,10,914,31.599518158692106,74.92380037131625,17,Address_500,"[(3, 9), (4, 15), (1, 12)]",2024-11-04 09:00:00
501,501,1,1,1914,31.712966949033845,74.97696363714046,17,Address_501,"[(2, 7)]",2024-11-04 09:00:00
502,502,10,6,1166,31.648634824308502,74.74459963270903,17,Address_502,"[(3, 6), (3, 13), (4, 12)]",2024-11-04 09:00:00
503,503,1,10,1665,31.58279291170246,74.8858870218746,17,Address_503,"[(5, 15), (2, 15), (4, 10), (4, 7)]",2024-11-04 09:00:00
504,504,10,3,1911,31.562334050093025,74.79626862978844,17,Address_504,"[(1, 12), (4, 19), (5, 13), (4, 2)]",2024-11-04 09:00:00
505,505,7,3,665,31.55291826338657,74.86254554417035,17,Address_505,"[(5, 12), (4, 6), (2, 19), (1, 17)]",2024-11-04 09:00:00
506,506,10,3,1418,31.665590061466485,74.92041880028526,17,Address_506,"[(3, 14)]",2024-11-04 09:00:00
507,507,4,1,662,31.607936392359733,74.74362497685237,17,Address_507,"[(3, 13), (3, 6), (1, 14), (2, 13)]",2024-11-04 09:00:00
508,508,7,3,415,31.665501145507417,74.8233953636759,17,Address_508,"[(2, 4), (3, 7), (1, 3), (4, 16)]",2024-11-04 09:00:00
509,509,1,2,914,31.596073115267156,74.85674763832964,17,Address_509,"[(5, 5), (4, 5), (3, 1), (1, 13), (2, 16), (3, 18)]",2024-11-04 09:00:00
510,510,6,2,417,31.48046223943988,74.9059744708654,17,Address_510,"[(5, 11), (5, 4), (4, 2), (1, 13), (2, 17)]",2024-11-04 09:00:00
511,511,6,5,927,23.73792685870795,86.9690806412839,18,Address_511,"[(1, 2), (5, 15), (1, 10)]",2024-11-04 09:00:00
512,512,3,3,174,23.675175206989127,87.00101614919483,18,Address_512,"[(1, 12), (4, 4), (5, 14), (4, 15), (5, 15), (1, 11)]",2024-11-04 09:00:00
513,513,3,4,676,23.724224530825538,87.06384059160706,18,Address_513,"[(3, 15), (5, 13)]",2024-11-04 09:00:00
514,514,2,7,679,23.653365970247883,86.85995220878121,18,Address_514,"[(3, 14), (4, 15)]",2024-11-04 09:00:00
515,515,3,3,2428,23.68740541655115,86.98243793823342,18,Address_515,"[(4, 1), (2, 7), (2, 13), (3, 5), (1, 9), (2, 16)]",2024-11-04 09:00:00
516,516,6,10,924,23.618369389075273,87.05205257661716,18,Address_516,"[(4, 17), (5, 9), (2, 11), (1, 17), (2, 14), (4, 19)]",2024-11-04 09:00:00
517,517,2,8,421,23.57297960182817,86.93324503371275,18,Address_517,"[(2, 3), (5, 18), (2, 7), (2, 6), (5, 4)]",2024-11-04 09:00:00
518,518,6,4,2425,23.67171528597905,86.99668528021739,18,Address_518,"[(3, 13), (1, 2), (4, 8), (1, 2)]",2024-11-04 09:00:00
519,519,2,2,1177,23.62238982517529,86.88564924266578,18,Address_519,"[(5, 7), (4, 6), (2, 15), (4, 3)]",2024-11-04 09:00:00
520,520,6,4,677,23.68385501468244,86.98354277276331,18,Address_520,"[(4, 10), (1, 12)]",2024-11-04 09:00:00
521,521,6,5,179,23.736667249679158,86.90713884518894,18,Address_521,"[(5, 14), (2, 2)]",2024-11-04 09:00:00
522,522,2,10,2427,23.687631840619712,86.98156019366101,18,Address_522,"[(2, 10), (1, 11), (1, 4)]",2024-11-04 09:00:00
523,523,2,8,426,23.67297116774345,86.907055368806,18,Address_523,"[(4, 15), (3, 5), (5, 17), (3, 17)]",2024-11-04 09:00:00
524,524,3,10,178,23.6629771625561,86.94757409038708,18,Address_524,"[(5, 15)]",2024-11-04 09:00:00
525,525,3,4,1430,23.72895049546933,86.9849040778456,18,Address_525,"[(2, 3), (2, 7)]",2024-11-04 09:00:00
526,526,3,8,2429,23.7014778408499,86.98482285600367,18,Address_526,"[(1, 2), (5, 15), (5, 18)]",2024-11-04 09:00:00
527,527,1,8,1425,23.695100960422124,86.9789775989028,18,Address_527,"[(1, 3), (1, 17), (5, 13)]",2024-11-04 09:00:00
528,528,3,9,2428,23.61750666479912,87.07343035139937,18,Address_528,"[(2, 3)]",2024-11-04 09:00:00
529,529,6,8,427,23.687497172243916,86.98354912357391,18,Address_529,"[(1, 19), (5, 9), (4, 19), (1, 5)]",2024-11-04 09:00:00
530,530,3,7,1426,23.669327747301125,87.04013450188394,18,Address_530,"[(2, 3), (2, 13)]",2024-11-04 09:00:00
531,531,3,9,2180,23.60318957201152,86.91843265300315,18,Address_531,"[(5, 8), (4, 19)]",2024-11-04 09:00:00
532,532,3,2,427,23.71922182696715,86.88187042113445,18,Address_532,"[(1, 3), (3, 1), (3, 20), (3, 5)]",2024-11-04 09:00:00
533,533,2,4,673,23.66474194044081,86.97893577581361,18,Address_533,"[(4, 12)]",2024-11-04 09:00:00
534,534,3,9,1927,23.693009662629482,86.91842140619259,18,Address_534,"[(1, 3), (1, 12), (3, 20), (5, 9), (3, 3)]",2024-11-04 09:00:00
535,535,10,9,1429,23.647908656960656,86.91341339028108,18,Address_535,"[(3, 17), (1, 9), (3, 15)]",2024-11-04 09:00:00
536,536,1,1,174,23.6848923491216,86.98426712173469,18,Address_536,"[(1, 6), (2, 1), (3, 2)]",2024-11-04 09:00:00
537,537,10,4,1172,23.602520564421845,87.03025480820186,18,Address_537,"[(2, 12), (3, 16)]",2024-11-04 09:00:00
538,538,2,6,1675,23.772278884374003,87.02415175989258,18,Address_538,"[(1, 1)]",2024-11-04 09:00:00
539,539,6,7,1424,23.742325681215938,87.05374699952753,18,Address_539,"[(1, 15), (2, 3), (1, 20), (1, 12), (1, 13), (5, 3)]",2024-11-04 09:00:00
540,540,6,6,1921,23.670517560122025,87.05175547882095,18,Address_540,"[(2, 12), (1, 4), (5, 10), (4, 7), (1, 15), (4, 3)]",2024-11-04 09:00:00
541,541,9,9,436,19.8559295227625,75.50049984377661,19,Address_541,"[(4, 11)]",2024-11-04 09:00:00
542,542,9,7,438,19.86051107046999,75.22136399133836,19,Address_542,"[(5, 5), (2, 7), (5, 12), (2, 4), (1, 1)]",2024-11-04 09:00:00
543,543,4,5,684,19.762555351530548,75.43496449537797,19,Address_543,"[(2, 5), (5, 14), (1, 16)]",2024-11-04 09:00:00
544,544,4,7,931,19.971739080809602,75.25850735799482,19,Address_544,"[(3, 6), (5, 17), (4, 8), (5, 2), (5, 20)]",2024-11-04 09:00:00
545,545,3,6,688,19.814400540605742,75.18076515400088,19,Address_545,"[(4, 16)]",2024-11-04 09:00:00
546,546,4,6,435,19.810981690305546,75.42566980188077,19,Address_546,"[(5, 5), (1, 5), (4, 10)]",2024-11-04 09:00:00
547,547,4,7,933,19.78874348998135,75.37426022657955,19,Address_547,"[(1, 13), (3, 1), (2, 6), (3, 11), (4, 15)]",2024-11-04 09:00:00
548,548,9,7,1931,19.795264437759204,75.17156532739473,19,Address_548,"[(2, 13), (3, 12), (2, 6)]",2024-11-04 09:00:00
549,549,4,5,2183,19.964643984652003,75.22025682250171,19,Address_549,"[(3, 5), (2, 16), (3, 6), (3, 17)]",2024-11-04 09:00:00
550,550,3,2,2434,19.95340452083927,75.35245945912199,19,Address_550,"[(4, 13), (4, 2), (4, 3), (4, 9), (4, 8), (5, 4)]",2024-11-04 09:00:00
551,551,3,4,1435,19.879519402747768,75.18852247639306,19,Address_551,"[(3, 5), (1, 18), (5, 2), (3, 12), (3, 17), (3, 20)]",2024-11-04 09:00:00
552,552,6,2,185,19.9331045506748,75.50090429588158,19,Address_552,"[(5, 15), (1, 18), (1, 5), (2, 13), (2, 10)]",2024-11-04 09:00:00
553,553,4,7,935,19.996745036331387,75.27258249532252,19,Address_553,"[(1, 18), (4, 15), (3, 20)]",2024-11-04 09:00:00
554,554,4,9,689,19.853937620281382,75.2866644424426,19,Address_554,"[(5, 11), (1, 9), (3, 13), (1, 2), (5, 16), (5, 3)]",2024-11-04 09:00:00
555,555,4,7,1686,19.883516836263343,75.3293305657976,19,Address_555,"[(4, 7), (2, 3), (5, 20)]",2024-11-04 09:00:00
556,556,6,5,685,19.74704348585868,75.43832506874315,19,Address_556,"[(1, 11), (3, 14), (3, 17), (1, 9)]",2024-11-04 09:00:00
557,557,9,1,2433,19.87924395268043,75.34866173309408,19,Address_557,"[(2, 12), (5, 5)]",2024-11-04 09:00:00
558,558,6,3,1686,20.034089420457864,75.26355225139058,19,Address_558,"[(5, 11), (3, 8), (4, 15)]",2024-11-04 09:00:00
559,559,6,9,2435,19.86424117888802,75.35301285062674,19,Address_559,"[(4, 19), (4, 7), (2, 1), (4, 9)]",2024-11-04 09:00:00
560,560,4,10,2188,20.014791302855215,75.17386883301151,19,Address_560,"[(5, 18)]",2024-11-04 09:00:00
561,561,6,5,1931,19.91182280314589,75.3207249521032,19,Address_561,"[(1, 1)]",2024-11-04 09:00:00
562,562,6,3,1690,19.736593675398534,75.4359801108651,19,Address_562,"[(3, 14), (5, 14), (5, 19), (1, 8), (5, 2), (5, 7)]",2024-11-04 09:00:00
563,563,3,3,1434,19.919855630042775,75.45071290594454,19,Address_563,"[(5, 11), (2, 11), (5, 19), (4, 5), (1, 4), (2, 17)]",2024-11-04 09:00:00
564,564,4,8,1936,19.747249923367352,75.19154277988636,19,Address_564,"[(3, 9), (4, 15), (3, 16), (5, 9), (4, 20), (5, 13)]",2024-11-04 09:00:00
565,565,3,7,2181,19.84341138108176,75.43398309933319,19,Address_565,"[(2, 19), (3, 10)]",2024-11-04 09:00:00
566,566,4,4,431,19.96351326309615,75.47534220892781,19,Address_566,"[(1, 20), (5, 17), (4, 18), (4, 19), (5, 12)]",2024-11-04 09:00:00
567,567,6,5,2188,20.02889605139927,75.22600244897738,19,Address_567,"[(4, 5), (2, 3), (4, 19)]",2024-11-04 09:00:00
568,568,9,7,2431,20.012471018427092,75.29616839424224,19,Address_568,"[(3, 19), (3, 10), (3, 1), (4, 4), (5, 10)]",2024-11-04 09:00:00
569,569,9,5,440,19.80678737470146,75.53753684293518,19,Address_569,"[(4, 2), (1, 4), (1, 16)]",2024-11-04 09:00:00
570,570,6,5,185,19.86084808314462,75.33330662413715,19,Address_570,"[(3, 14), (3, 15), (3, 3)]",2024-11-04 09:00:00
571,571,1,3,950,24.70563947577305,84.3560591552674,20,Address_571,"[(1, 2), (4, 14)]",2024-11-04 09:00:00
572,572,3,10,1444,24.718954955999425,84.43456295141658,20,Address_572,"[(4, 17)]",2024-11-04 09:00:00
573,573,1,5,2194,24.832712890138403,84.33602232065297,20,Address_573,"[(3, 15), (4, 10), (1, 11), (2, 18), (1, 10)]",2024-11-04 09:00:00
574,574,3,9,447,24.77106113678368,84.32339894003108,20,Address_574,"[(4, 14)]",2024-11-04 09:00:00
575,575,1,2,695,24.717807957788356,84.43924447615278,20,Address_575,"[(1, 17), (2, 1), (3, 7)]",2024-11-04 09:00:00
576,576,1,8,949,24.794876367393613,84.29758456442879,20,Address_576,"[(2, 7), (1, 7), (1, 6), (2, 3)]",2024-11-04 09:00:00
577,577,1,7,195,24.770134739992578,84.38515790979021,20,Address_577,"[(5, 2), (3, 14), (2, 3)]",2024-11-04 09:00:00
578,578,3,6,2196,24.694652079208172,84.36903914351599,20,Address_578,"[(3, 15)]",2024-11-04 09:00:00
579,579,1,8,698,24.823951459254637,84.29792329346228,20,Address_579,"[(2, 7), (2, 4), (1, 11)]",2024-11-04 09:00:00
580,580,1,7,945,24.72907071276446,84.29680071884185,20,Address_580,"[(3, 8)]",2024-11-04 09:00:00
581,581,1,3,692,24.76522838469882,84.38781812096448,20,Address_581,"[(1, 4), (5, 6), (1, 6), (5, 7), (5, 18)]",2024-11-04 09:00:00
582,582,1,6,1443,24.709831003077333,84.39345396431597,20,Address_582,"[(4, 19), (3, 19), (5, 8), (3, 19)]",2024-11-04 09:00:00
583,583,3,2,2193,24.849802361919686,84.35904027108266,20,Address_583,"[(3, 12), (1, 13), (5, 20)]",2024-11-04 09:00:00
584,584,3,4,944,24.714111000770295,84.29990340171392,20,Address_584,"[(4, 4)]",2024-11-04 09:00:00
585,585,3,2,949,24.722071342171837,84.33428531558722,20,Address_585,"[(2, 4), (5, 7), (4, 12)]",2024-11-04 09:00:00
586,586,3,5,1950,24.70449044043841,84.35603035633027,20,Address_586,"[(3, 2), (4, 5), (2, 20)]",2024-11-04 09:00:00
587,587,1,3,950,24.772441158931063,84.41130946597508,20,Address_587,"[(2, 19), (4, 1), (3, 6), (4, 17), (5, 17)]",2024-11-04 09:00:00
588,588,3,6,945,24.763384372276064,84.37464116546114,20,Address_588,"[(1, 16), (3, 3), (5, 7), (3, 19), (2, 3), (1, 18)]",2024-11-04 09:00:00
589,589,3,2,1942,24.72172631349481,84.38822242571604,20,Address_589,"[(4, 17), (1, 7)]",2024-11-04 09:00:00
590,590,1,2,945,24.739212874449272,84.45304154743987,20,Address_590,"[(2, 11), (2, 18)]",2024-11-04 09:00:00
591,591,3,3,1693,24.73947272965361,84.4157069074899,20,Address_591,"[(4, 16), (1, 3), (4, 14), (4, 11), (4, 8), (4, 1)]",2024-11-04 09:00:00
592,592,3,2,1444,24.76518861456856,84.36182210799242,20,Address_592,"[(2, 9), (2, 11), (1, 17), (1, 3)]",2024-11-04 09:00:00
593,593,3,10,1697,24.839740869974822,84.35486002039059,20,Address_593,"[(5, 5), (3, 9)]",2024-11-04 09:00:00
594,594,1,4,2195,24.752074093081255,84.37256141071242,20,Address_594,"[(5, 4), (4, 8)]",2024-11-04 09:00:00
595,595,3,6,949,24.712325117631842,84.43562875049658,20,Address_595,"[(3, 8)]",2024-11-04 09:00:00
596,596,1,1,445,24.702665494764883,84.34722876644946,20,Address_596,"[(2, 3), (2, 1)]",2024-11-04 09:00:00
597,597,1,2,1691,24.73872148884372,84.37564634381916,20,Address_597,"[(5, 10), (5, 6), (5, 19), (1, 5), (3, 1), (1, 14)]",2024-11-04 09:00:00
598,598,1,3,700,24.73401044091036,84.309925154554,20,Address_598,"[(3, 9), (2, 8), (1, 17), (3, 14)]",2024-11-04 09:00:00
599,599,3,6,1698,24.742193258366424,84.35353873499614,20,Address_599,"[(4, 15), (5, 8), (2, 9), (3, 16), (5, 10)]",2024-11-04 09:00:00
600,600,1,7,442,24.7552751931333,84.25480756034399,20,Address_600,"[(4, 3)]",2024-11-04 09:00:00
601,601,9,3,454,25.92948469624895,80.76268157919108,21,Address_601,"[(5, 3), (5, 16), (3, 8), (5, 20)]",2024-11-04 09:00:00
602,602,9,1,1708,25.75814700943047,80.86783989051577,21,Address_602,"[(3, 16), (5, 19), (5, 9), (4, 10), (5, 18)]",2024-11-04 09:00:00
603,603,5,2,1204,25.93609726450791,80.85125967347841,21,Address_603,"[(3, 9), (5, 10), (1, 5), (4, 18), (3, 20)]",2024-11-04 09:00:00
604,604,9,9,951,25.914568186853092,80.76582626046957,21,Address_604,"[(4, 2), (3, 19), (5, 6), (3, 10)]",2024-11-04 09:00:00
605,605,5,2,951,25.8457011982088,80.75965920611647,21,Address_605,"[(2, 1), (1, 9)]",2024-11-04 09:00:00
606,606,9,6,1451,25.817884735131546,80.737015156403,21,Address_606,"[(2, 5), (1, 14)]",2024-11-04 09:00:00
607,607,9,3,1453,25.872325495237394,80.85329622009743,21,Address_607,"[(5, 8)]",2024-11-04 09:00:00
608,608,9,2,202,25.97586084979077,80.79966061254261,21,Address_608,"[(2, 11), (2, 6), (5, 16)]",2024-11-04 09:00:00
609,609,5,3,2210,25.806190014038645,80.8617176749651,21,Address_609,"[(1, 7), (2, 3), (2, 14), (1, 7), (4, 11)]",2024-11-04 09:00:00
610,610,5,2,955,25.877112807910763,80.8107524625776,21,Address_610,"[(1, 12), (1, 14), (5, 5), (1, 3), (4, 18)]",2024-11-04 09:00:00
611,611,9,10,1954,25.86090743330724,80.83327905336432,21,Address_611,"[(3, 16)]",2024-11-04 09:00:00
612,612,5,10,1210,25.855785124222304,80.71689964527117,21,Address_612,"[(5, 3), (1, 15), (3, 20)]",2024-11-04 09:00:00
613,613,5,8,703,25.884783710194544,80.8336559175876,21,Address_613,"[(5, 6), (4, 2), (3, 14), (2, 10), (3, 16)]",2024-11-04 09:00:00
614,614,5,4,2208,25.804255180925715,80.69170363708412,21,Address_614,"[(3, 14)]",2024-11-04 09:00:00
615,615,9,10,1210,25.889709229621282,80.77667475164372,21,Address_615,"[(2, 20), (5, 17), (3, 5), (1, 8), (3, 12), (2, 1)]",2024-11-04 09:00:00
616,616,9,1,1704,25.89953924983533,80.7877586945072,21,Address_616,"[(2, 16), (1, 10), (5, 14), (4, 18), (1, 17)]",2024-11-04 09:00:00
617,617,9,3,2205,26.00260779305684,80.7496080992274,21,Address_617,"[(3, 20), (3, 4), (2, 2)]",2024-11-04 09:00:00
618,618,5,9,1453,25.94320930930847,80.70682279462078,21,Address_618,"[(2, 19), (4, 11), (5, 7)]",2024-11-04 09:00:00
619,619,5,8,1458,25.895722560784378,80.81054648555103,21,Address_619,"[(4, 10), (3, 5), (3, 1), (1, 3), (2, 3)]",2024-11-04 09:00:00
620,620,5,7,457,25.93149558605959,80.80422421425543,21,Address_620,"[(3, 3), (2, 5), (2, 6), (5, 17), (3, 20), (3, 16)]",2024-11-04 09:00:00
621,621,5,9,1704,25.956357432834334,80.81087814200073,21,Address_621,"[(2, 2), (5, 13), (3, 1), (3, 3), (3, 6)]",2024-11-04 09:00:00
622,622,5,6,1201,25.79372669019493,80.81990288815453,21,Address_622,"[(3, 2), (2, 18), (2, 11), (1, 2)]",2024-11-04 09:00:00
623,623,9,4,2454,25.881997785671825,80.79095345758975,21,Address_623,"[(1, 10), (3, 19)]",2024-11-04 09:00:00
624,624,5,1,203,25.900218237384667,80.78581068668299,21,Address_624,"[(5, 17), (3, 15), (5, 20), (4, 10), (5, 19), (5, 4)]",2024-11-04 09:00:00
625,625,5,7,956,25.77048210510946,80.75775053644017,21,Address_625,"[(5, 3)]",2024-11-04 09:00:00
626,626,9,3,1209,25.87588410670002,80.76084586341578,21,Address_626,"[(4, 14), (4, 5), (4, 11), (3, 7), (1, 16)]",2024-11-04 09:00:00
627,627,9,4,2455,25.903851067215918,80.86938983740703,21,Address_627,"[(3, 9), (2, 4), (3, 3), (5, 15), (1, 11), (1, 15)]",2024-11-04 09:00:00
628,628,9,8,1959,25.972203197134903,80.65007380151435,21,Address_628,"[(3, 11), (1, 5), (5, 10), (1, 19)]",2024-11-04 09:00:00
629,629,5,1,2205,25.927607357552827,80.69090237465683,21,Address_629,"[(1, 20), (2, 9)]",2024-11-04 09:00:00
630,630,9,6,2454,25.832127059347254,80.74106596235518,21,Address_630,"[(5, 20), (2, 12), (2, 11)]",2024-11-04 09:00:00
631,631,8,2,461,28.808848793597164,79.03521388995587,22,Address_631,"[(3, 1), (2, 6), (4, 17)]",2024-11-04 09:00:00
632,632,7,7,1715,28.930989580224125,79.11764011585763,22,Address_632,"[(1, 2), (1, 19), (3, 4), (2, 10)]",2024-11-04 09:00:00
633,633,1,1,967,28.82409283146285,79.00342812193905,22,Address_633,"[(3, 10), (3, 18), (5, 11)]",2024-11-04 09:00:00
634,634,7,7,968,28.811963970339573,78.99202541490347,22,Address_634,"[(3, 18), (5, 6), (4, 16), (4, 14)]",2024-11-04 09:00:00
635,635,8,5,1220,28.803410700555773,79.03044443236833,22,Address_635,"[(4, 14), (2, 5)]",2024-11-04 09:00:00
636,636,7,10,2219,28.81270351005031,79.03463381417538,22,Address_636,"[(3, 20), (1, 12), (3, 9), (5, 18), (1, 15), (5, 12)]",2024-11-04 09:00:00
637,637,8,2,717,28.81260436840674,79.04147656033543,22,Address_637,"[(5, 9)]",2024-11-04 09:00:00
638,638,1,4,468,28.68765751302206,79.11056968995126,22,Address_638,"[(3, 2)]",2024-11-04 09:00:00
639,639,7,1,2219,28.797290525162147,79.09611085757304,22,Address_639,"[(3, 13), (4, 3), (4, 4), (3, 18)]",2024-11-04 09:00:00
640,640,8,3,1461,28.806103316481316,79.04414472510922,22,Address_640,"[(1, 20)]",2024-11-04 09:00:00
641,641,7,2,966,28.697610208107463,79.07367461936346,22,Address_641,"[(2, 7), (3, 17), (4, 14)]",2024-11-04 09:00:00
642,642,7,10,1970,28.81886168108552,79.13929547997746,22,Address_642,"[(3, 3), (2, 10)]",2024-11-04 09:00:00
643,643,1,8,469,28.794740997978053,79.01002041440589,22,Address_643,"[(4, 14), (4, 14), (5, 9)]",2024-11-04 09:00:00
644,644,1,7,470,28.822750541346053,79.01509156302498,22,Address_644,"[(2, 18), (3, 15), (1, 9)]",2024-11-04 09:00:00
645,645,8,10,1961,28.880352556074584,79.08527380998629,22,Address_645,"[(2, 4)]",2024-11-04 09:00:00
646,646,1,8,1716,28.914876535779158,79.0704754587799,22,Address_646,"[(3, 13), (2, 15), (5, 7), (1, 12), (5, 17), (4, 14)]",2024-11-04 09:00:00
647,647,1,1,1463,28.779792755257606,79.10856757493661,22,Address_647,"[(3, 1), (2, 16), (3, 7), (1, 5), (2, 8)]",2024-11-04 09:00:00
648,648,8,8,218,28.852964565625292,79.07637660679151,22,Address_648,"[(4, 2)]",2024-11-04 09:00:00
649,649,8,5,1961,28.77801006753028,78.92773789498833,22,Address_649,"[(5, 10)]",2024-11-04 09:00:00
650,650,8,8,1970,28.76658316257563,78.88054771141996,22,Address_650,"[(5, 13), (1, 19), (3, 7)]",2024-11-04 09:00:00
651,651,7,7,1464,28.852365447514565,79.07268824602936,22,Address_651,"[(1, 11)]",2024-11-04 09:00:00
652,652,8,4,214,28.7755194481323,78.89671798981945,22,Address_652,"[(3, 13), (5, 11), (3, 13)]",2024-11-04 09:00:00
653,653,1,10,962,28.83421634738604,79.0196637851314,22,Address_653,"[(3, 6), (3, 9), (5, 1), (2, 4), (2, 11)]",2024-11-04 09:00:00
654,654,7,4,1220,28.77109214368139,79.01744688951402,22,Address_654,"[(4, 12), (1, 3), (1, 11)]",2024-11-04 09:00:00
655,655,7,1,219,28.870534515079328,78.99831178085165,22,Address_655,"[(1, 20), (2, 11), (5, 5)]",2024-11-04 09:00:00
656,656,7,2,1715,28.81271504534718,78.98985814908272,22,Address_656,"[(2, 1), (1, 16), (2, 6)]",2024-11-04 09:00:00
657,657,8,5,2463,28.79940072038702,78.98953756045752,22,Address_657,"[(5, 18)]",2024-11-04 09:00:00
658,658,8,7,712,28.869219677513243,79.10169432822482,22,Address_658,"[(4, 12), (3, 2)]",2024-11-04 09:00:00
659,659,1,2,719,28.83766049021425,79.06539931476203,22,Address_659,"[(5, 5), (5, 12), (1, 17), (3, 6)]",2024-11-04 09:00:00
660,660,1,8,714,28.886446291969968,79.03251032309215,22,Address_660,"[(4, 7), (5, 15), (2, 12), (2, 15), (2, 17), (3, 19)]",2024-11-04 09:00:00
661,661,4,2,1974,34.34153041227396,74.42563194672823,23,Address_661,"[(2, 18), (2, 2), (2, 6), (4, 18), (1, 14)]",2024-11-04 09:00:00
662,662,1,5,1224,34.25523686979293,74.33516393751991,23,Address_662,"[(1, 2), (3, 3), (3, 10)]",2024-11-04 09:00:00
663,663,1,7,1229,34.079276569776795,74.43110990136319,23,Address_663,"[(3, 11), (4, 5), (4, 6), (3, 13), (2, 9), (1, 5)]",2024-11-04 09:00:00
664,664,4,5,972,34.34623879661199,74.36809726604878,23,Address_664,"[(5, 15), (5, 19)]",2024-11-04 09:00:00
665,665,4,3,2230,34.36590655404835,74.46043137984893,23,Address_665,"[(3, 15), (5, 18)]",2024-11-04 09:00:00
666,666,1,1,730,34.231016377017994,74.31104861554783,23,Address_666,"[(1, 18), (3, 20), (5, 11), (2, 4), (5, 17)]",2024-11-04 09:00:00
667,667,4,10,976,34.3366484829984,74.4709485695603,23,Address_667,"[(1, 9), (2, 15), (1, 5), (3, 5), (1, 11)]",2024-11-04 09:00:00
668,668,4,3,2472,34.16617781232647,74.37020873109122,23,Address_668,"[(1, 15)]",2024-11-04 09:00:00
669,669,4,5,472,34.22650934873202,74.40873485430451,23,Address_669,"[(3, 3)]",2024-11-04 09:00:00
670,670,4,4,228,34.06450429086864,74.15707662523751,23,Address_670,"[(2, 16), (5, 8), (2, 8), (4, 14), (4, 10), (4, 7)]",2024-11-04 09:00:00
671,671,1,2,471,34.37998110800676,74.23341272919401,23,Address_671,"[(1, 11), (3, 19), (4, 8), (4, 12), (4, 18)]",2024-11-04 09:00:00
672,672,4,5,2478,34.20922459888844,74.34312320477468,23,Address_672,"[(1, 13), (5, 13)]",2024-11-04 09:00:00
673,673,4,8,721,34.226342900622484,74.45989234085289,23,Address_673,"[(3, 19), (5, 10), (5, 17)]",2024-11-04 09:00:00
674,674,1,7,1722,34.305567661865354,74.52087479127557,23,Address_674,"[(5, 16), (2, 4), (4, 6)]",2024-11-04 09:00:00
675,675,1,3,972,34.00875275689034,74.39409349544343,23,Address_675,"[(2, 20), (2, 8), (5, 14), (5, 5), (2, 17), (5, 10)]",2024-11-04 09:00:00
676,676,4,2,473,34.07095989751895,74.35900523402083,23,Address_676,"[(3, 16), (3, 2), (2, 13)]",2024-11-04 09:00:00
677,677,1,1,1224,34.0752852403395,74.17058696703839,23,Address_677,"[(4, 11), (3, 19), (5, 5)]",2024-11-04 09:00:00
678,678,4,4,727,34.31479398203699,74.34495887570596,23,Address_678,"[(3, 8), (3, 18), (3, 8)]",2024-11-04 09:00:00
679,679,4,5,723,34.29045565282081,74.24767768850087,23,Address_679,"[(1, 10), (4, 20), (2, 9), (5, 4)]",2024-11-04 09:00:00
680,680,1,4,226,34.20167367164119,74.35987935464993,23,Address_680,"[(4, 7)]",2024-11-04 09:00:00
681,681,4,5,1979,34.15983268521858,74.44459380242951,23,Address_681,"[(2, 16), (3, 19), (2, 9), (2, 10)]",2024-11-04 09:00:00
682,682,4,2,1976,34.25391394024498,74.42017410860176,23,Address_682,"[(3, 18), (1, 10), (4, 3), (1, 8), (1, 8)]",2024-11-04 09:00:00
683,683,4,8,476,34.33251766951343,74.17091747438941,23,Address_683,"[(2, 5), (3, 12), (2, 6)]",2024-11-04 09:00:00
684,684,1,2,474,34.232863347720716,74.35900901344978,23,Address_684,"[(1, 5), (4, 10), (4, 12)]",2024-11-04 09:00:00
685,685,4,5,473,34.04731375688838,74.43764983819109,23,Address_685,"[(3, 20), (2, 9), (4, 11), (3, 3), (4, 18), (2, 14)]",2024-11-04 09:00:00
686,686,1,9,1723,34.29571150151777,74.27529893289976,23,Address_686,"[(2, 6), (3, 5), (4, 4)]",2024-11-04 09:00:00
687,687,1,9,2230,34.23357120267629,74.32756892768278,23,Address_687,"[(5, 19)]",2024-11-04 09:00:00
688,688,1,7,1476,34.218798943194834,74.2949367189842,23,Address_688,"[(5, 4), (4, 6)]",2024-11-04 09:00:00
689,689,1,2,1227,34.11275922871257,74.3100665390809,23,Address_689,"[(2, 8), (5, 5), (3, 10), (2, 7), (4, 10), (5, 12)]",2024-11-04 09:00:00
690,690,1,6,477,34.19090674917763,74.32988383225718,23,Address_690,"[(4, 16), (5, 1), (5, 9), (1, 1)]",2024-11-04 09:00:00
691,691,8,5,239,23.21415300289011,87.89503033801707,24,Address_691,"[(2, 10)]",2024-11-04 09:00:00
692,692,8,4,2482,23.176170493050424,87.77351716959203,24,Address_692,"[(2, 16)]",2024-11-04 09:00:00
693,693,8,4,239,23.239760657856014,87.90645892126304,24,Address_693,"[(1, 13), (1, 3), (2, 3), (3, 19)]",2024-11-04 09:00:00
694,694,7,8,2236,23.290824690603074,87.82824078444447,24,Address_694,"[(4, 18), (3, 17), (3, 2)]",2024-11-04 09:00:00
695,695,8,2,2486,23.194000304999594,87.8164342964338,24,Address_695,"[(5, 5), (1, 11), (4, 19), (5, 14), (3, 6), (2, 16)]",2024-11-04 09:00:00
696,696,2,5,1733,23.286841265945366,88.00928992253262,24,Address_696,"[(5, 17), (4, 13), (1, 19)]",2024-11-04 09:00:00
697,697,2,2,983,23.15677133456341,87.835437151855,24,Address_697,"[(3, 1), (5, 14), (5, 9), (4, 14), (3, 19)]",2024-11-04 09:00:00
698,698,7,1,1982,23.180101907092173,87.88841163872078,24,Address_698,"[(5, 7)]",2024-11-04 09:00:00
699,699,7,1,733,23.274420056796824,87.73008352930806,24,Address_699,"[(1, 18)]",2024-11-04 09:00:00
700,700,2,7,736,23.402696601059308,87.84989267543874,24,Address_700,"[(2, 19), (1, 19), (1, 5), (1, 10), (1, 6)]",2024-11-04 09:00:00
701,701,2,7,737,23.143072597316205,87.81760704961658,24,Address_701,"[(3, 2), (4, 4)]",2024-11-04 09:00:00
702,702,2,8,2485,23.249142394322853,87.84555982917765,24,Address_702,"[(3, 9)]",2024-11-04 09:00:00
703,703,8,9,1981,23.118110419440402,87.87132746138619,24,Address_703,"[(2, 2), (3, 6), (2, 2), (2, 7), (5, 8)]",2024-11-04 09:00:00
704,704,5,3,1990,23.15355425572322,87.87609269729093,24,Address_704,"[(4, 18), (5, 14), (1, 2)]",2024-11-04 09:00:00
705,705,8,2,984,23.193812392191067,87.84175951729573,24,Address_705,"[(1, 20), (2, 17), (1, 4), (1, 6), (3, 9)]",2024-11-04 09:00:00
706,706,7,8,2481,23.252630981321634,87.82180741144379,24,Address_706,"[(2, 5), (3, 14)]",2024-11-04 09:00:00
707,707,5,8,1735,23.321574919675545,87.75238422278657,24,Address_707,"[(4, 5), (5, 16), (2, 17)]",2024-11-04 09:00:00
708,708,5,8,485,23.236585643015626,87.8349768165326,24,Address_708,"[(4, 1), (1, 15)]",2024-11-04 09:00:00
709,709,2,8,1731,23.274481796641336,87.81060964759872,24,Address_709,"[(5, 1)]",2024-11-04 09:00:00
710,710,8,5,2485,23.238137671304404,87.94338659207232,24,Address_710,"[(3, 3), (2, 4), (1, 17), (2, 9), (5, 6)]",2024-11-04 09:00:00
711,711,5,3,234,23.113074055219535,87.87886101620565,24,Address_711,"[(3, 19), (1, 2), (3, 4), (4, 9), (2, 6), (2, 6)]",2024-11-04 09:00:00
712,712,5,10,1485,23.313429892889594,87.81030390473485,24,Address_712,"[(2, 12), (2, 17), (3, 18), (1, 5), (5, 17)]",2024-11-04 09:00:00
713,713,7,8,481,23.128815408772326,87.86288122962391,24,Address_713,"[(1, 1), (3, 16), (5, 5)]",2024-11-04 09:00:00
714,714,2,4,1487,23.162572467688037,87.8188089516318,24,Address_714,"[(2, 14), (1, 12), (5, 18), (5, 10)]",2024-11-04 09:00:00
715,715,5,2,740,23.220937477804412,87.82851239181095,24,Address_715,"[(5, 2), (4, 6)]",2024-11-04 09:00:00
716,716,2,2,1740,23.349136439592662,87.89562846913816,24,Address_716,"[(3, 20), (2, 6), (1, 11), (4, 17), (5, 8)]",2024-11-04 09:00:00
717,717,7,2,2231,23.256595439021112,87.87470427567786,24,Address_717,"[(4, 5), (5, 8), (2, 2), (3, 19), (3, 5)]",2024-11-04 09:00:00
718,718,8,4,482,23.1936772967201,87.71867482473671,24,Address_718,"[(4, 19), (2, 11), (2, 11), (5, 13)]",2024-11-04 09:00:00
719,719,2,8,984,23.287595802441476,87.9438647890047,24,Address_719,"[(4, 13), (4, 6), (4, 17)]",2024-11-04 09:00:00
720,720,2,8,1982,23.26968915667813,87.84860680713156,24,Address_720,"[(4, 14), (4, 8), (5, 19), (5, 14), (1, 9)]",2024-11-04 09:00:00
721,721,2,5,1997,28.320362314585903,79.23087310460487,25,Address_721,"[(1, 8), (1, 13), (2, 7), (4, 4), (5, 14), (4, 7)]",2024-11-04 09:00:00
722,722,1,2,495,28.362707854335092,79.38718479067853,25,Address_722,"[(2, 20)]",2024-11-04 09:00:00
723,723,7,2,1998,28.27623260082196,79.401956886701,25,Address_723,"[(4, 13), (4, 10)]",2024-11-04 09:00:00
724,724,2,6,996,28.457787071765782,79.40952818175028,25,Address_724,"[(3, 1), (1, 11)]",2024-11-04 09:00:00
725,725,4,3,1997,28.350240634802347,79.4303240211831,25,Address_725,"[(2, 17), (5, 8), (3, 17)]",2024-11-04 09:00:00
726,726,7,9,247,28.325834444461346,79.47515873314732,25,Address_726,"[(4, 20), (1, 18), (3, 2), (3, 13), (2, 4), (2, 13)]",2024-11-04 09:00:00
727,727,2,10,1492,28.252525303317658,79.59204560925393,25,Address_727,"[(5, 3), (4, 20), (1, 18), (1, 4), (3, 17)]",2024-11-04 09:00:00
728,728,3,2,1750,28.32476395434935,79.32818938014137,25,Address_728,"[(3, 6), (3, 3), (5, 14), (4, 9), (2, 15)]",2024-11-04 09:00:00
729,729,1,8,1745,28.359609137876173,79.36199506527576,25,Address_729,"[(5, 17), (2, 10), (1, 5)]",2024-11-04 09:00:00
730,730,8,3,500,28.39890268817554,79.55789044475824,25,Address_730,"[(3, 3), (5, 16), (4, 2), (2, 17), (5, 9), (2, 20)]",2024-11-04 09:00:00
731,731,10,5,2495,28.3872041520275,79.46122293486592,25,Address_731,"[(1, 10), (4, 19), (2, 20), (1, 13)]",2024-11-04 09:00:00
732,732,4,10,2248,28.332178270416982,79.50662504513319,25,Address_732,"[(3, 6)]",2024-11-04 09:00:00
733,733,1,1,1743,28.366547968135762,79.23979529570158,25,Address_733,"[(1, 13), (5, 11)]",2024-11-04 09:00:00
734,734,1,2,244,28.192878527990565,79.49069456620052,25,Address_734,"[(1, 10)]",2024-11-04 09:00:00
735,735,10,2,993,28.354316105458043,79.39833542995792,25,Address_735,"[(2, 18), (4, 4), (3, 10)]",2024-11-04 09:00:00
736,736,8,6,497,28.34358978498811,79.44797228715687,25,Address_736,"[(1, 9), (4, 9), (1, 20), (2, 17)]",2024-11-04 09:00:00
737,737,2,5,1750,28.231427792577815,79.33074703142536,25,Address_737,"[(4, 10), (1, 18), (3, 6), (2, 11), (3, 17), (1, 13)]",2024-11-04 09:00:00
738,738,1,9,1248,28.366424533130083,79.59195922439123,25,Address_738,"[(3, 1), (4, 20)]",2024-11-04 09:00:00
739,739,3,1,1991,28.36475186300961,79.43102236871664,25,Address_739,"[(1, 14), (3, 8)]",2024-11-04 09:00:00
740,740,7,3,1497,28.391593277601658,79.38769359971069,25,Address_740,"[(2, 7), (4, 12), (5, 15), (5, 11), (4, 2)]",2024-11-04 09:00:00
741,741,4,7,2498,28.29474640960519,79.62137608083134,25,Address_741,"[(2, 14), (1, 1)]",2024-11-04 09:00:00
742,742,10,4,2492,28.400238049749067,79.4555481196822,25,Address_742,"[(1, 9)]",2024-11-04 09:00:00
743,743,2,2,993,28.326988283963775,79.57911158079693,25,Address_743,"[(4, 4), (3, 16), (5, 5), (4, 14)]",2024-11-04 09:00:00
744,744,4,9,2244,28.498033247704896,79.3740434519008,25,Address_744,"[(5, 9), (4, 13)]",2024-11-04 09:00:00
745,745,3,8,242,28.2906190377228,79.24396786767599,25,Address_745,"[(3, 7), (2, 12), (5, 2), (2, 9), (2, 17)]",2024-11-04 09:00:00
746,746,2,4,1494,28.22189165131811,79.58697821928862,25,Address_746,"[(3, 4)]",2024-11-04 09:00:00
747,747,4,7,1993,28.426918004649302,79.53665512506282,25,Address_747,"[(3, 18), (1, 20)]",2024-11-04 09:00:00
748,748,1,1,2499,28.34942667830624,79.37696432759735,25,Address_748,"[(1, 16), (4, 3), (2, 19), (3, 19), (3, 18)]",2024-11-04 09:00:00
749,749,7,9,2248,28.214511537477417,79.40200502405912,25,Address_749,"[(4, 17)]",2024-11-04 09:00:00
750,750,7,1,492,28.324587356888305,79.30938562830163,25,Address_750,"[(5, 2), (4, 4), (5, 18)]",2024-11-04 09:00:00
