request_id,driver_id,driver_location,distance
91,157,"(27.174509856491564, 78.00222629659454)",0.19263746830004988
31,96,"(19.397585953478192, 78.31383048546596)",0.44205366260847806
211,371,"(26.373267472644997, 74.61499015360577)",0.4712240712847872
271,496,"(9.485476186721106, 76.37412276737227)",0.47257493854707744
541,918,"(19.964094897415904, 75.25638988558653)",0.5422256102733872
361,611,"(25.40380064046753, 81.86081439562116)",0.6194488128474697
391,678,"(27.568486226407213, 76.60091755249415)",0.6908225324906094
32,85,"(19.40012893314681, 78.3105464027599)",0.842288406402373
33,53,"(19.3861126648211, 78.315762346861)",0.8520428378585051
241,423,"(20.717828540901134, 77.0136096422255)",0.871584668261718
92,187,"(27.169826431837265, 77.9925720213162)",0.9132648786049171
242,433,"(20.712508586204898, 77.00015431503884)",0.9211644709675946
243,402,"(20.708135401908248, 77.000325369988)",0.9621021261136748
93,192,"(27.17707231305456, 77.99220838595193)",0.9736274365371588
244,404,"(20.71055674263235, 76.99902162581523)",1.033239236834785
392,694,"(27.56108302837247, 76.61330838704718)",1.081524379911728
94,195,"(27.183436692908057, 78.00296625114586)",1.159413218171608
451,766,"(20.96119878478654, 77.70645783621832)",1.2518217456470435
542,921,"(19.956968378764948, 75.27069961902357)",1.253935778196353
212,383,"(26.37993016153411, 74.59845408504232)",1.337996283461801
245,429,"(20.71617287652246, 77.02112588897826)",1.3788053440283705
95,170,"(27.18463058138448, 78.00809719552511)",1.4557681494789045
181,343,"(23.68100671636557, 92.70600907521931)",1.4973357076183829
452,763,"(20.94311941495022, 77.71020499866104)",1.5076495552702904
1,39,"(30.151723449489648, 74.03009048471604)",1.516145864519125
96,151,"(27.17891560553421, 77.98678015415112)",1.546596267468148
151,260,"(23.040003444986944, 72.56588702632537)",1.5917475633440699
182,337,"(23.69190157864596, 92.6985601654792)",1.6086889643561324
453,774,"(20.94067942519548, 77.71688343299587)",1.6202051575705163
152,255,"(23.041602281741625, 72.54239673496707)",1.6541607036919628
272,497,"(9.503799595632415, 76.37107996897419)",1.6810166283153722
571,953,"(24.90342585953152, 84.33278953714797)",1.7008588614872107
246,431,"(20.696071616780458, 77.01152184643463)",1.7182803854865538
393,697,"(27.547268293029088, 76.60989202455765)",1.838157165425048
34,92,"(19.381971078979763, 78.32938177798587)",2.008974203992986
61,132,"(23.909972341000188, 91.29045514694218)",2.01695908792332
394,658,"(27.553063321269462, 76.58445919794258)",2.0555571628376996
454,775,"(20.945063447993125, 77.69974689140004)",2.0926653878411883
97,160,"(27.15408971247593, 78.0017428714593)",2.1212949150777747
98,189,"(27.19048382539137, 78.01001398358312)",2.1226029057146008
273,463,"(9.506156595726043, 76.38540324684644)",2.141677120126064
481,808,"(31.56092675075398, 74.86925411862084)",2.2068357459063925
331,569,"(26.58719929523272, 89.52526795830838)",2.221179949741392
247,421,"(20.73037796406372, 77.00124169062704)",2.2634329523157586
153,287,"(23.030751705066944, 72.54912693420083)",2.2882693269783574
395,695,"(27.578311778572186, 76.6190939678822)",2.4116358092090238
248,417,"(20.696038484196965, 76.99106722539248)",2.5180334014536516
62,106,"(23.877954739598646, 91.2851353140818)",2.5562793554005983
249,420,"(20.73361152670155, 77.00275341740955)",2.5590896128988185
274,498,"(9.469726862069292, 76.36323363639222)",2.58398453812754
362,645,"(25.425802764219476, 81.87515653263758)",2.6333792498248463
275,466,"(9.511242946439012, 76.3662798854335)",2.6416627287119723
631,1053,"(28.79406560173932, 78.86629243641964)",2.6876154959536622
276,453,"(9.50993284221981, 76.36216936496656)",2.726396161906334
2,32,"(30.160435106133686, 74.05207498823995)",2.7566283672927785
250,422,"(20.720181011077766, 76.98411402791568)",2.7613516514315406
251,409,"(20.72020694615645, 77.03383572574845)",2.772825191400641
252,449,"(20.68690469908926, 77.00349991690375)",2.7740857888379207
35,75,"(19.407870374396985, 78.29299170628684)",2.779008828924206
277,500,"(9.482278317201596, 76.35122676275452)",2.8054811184061093
36,52,"(19.400535215938557, 78.34098051616597)",2.8447420083635038
421,722,"(30.40492408108621, 76.67574080992402)",2.8559513795214873
396,679,"(27.582978611954847, 76.61986215708455)",2.8588786111501245
183,321,"(23.704521134777064, 92.68814150730364)",2.8612124996034827
397,664,"(27.53949809973897, 76.58925199086937)",2.8615235543252764
253,426,"(20.69770341236942, 76.9853212909151)",2.8847912646809575
398,684,"(27.57218035557336, 76.62985007639712)",2.9114482233852788
154,257,"(23.05871969528113, 72.52752438274558)",2.9878684218228453
455,792,"(20.931584026224893, 77.7312118468265)",3.0328348261067566
155,283,"(23.02521396042825, 72.5433253682432)",3.070726054729924
278,459,"(9.502994300324032, 76.35129839530885)",3.0794812824971936
482,803,"(31.5258473789566, 74.87447558853636)",3.106625311754461
279,462,"(9.461722683556308, 76.37080514864272)",3.125872541247701
156,261,"(23.044933250038397, 72.58552183660045)",3.150583696297913
399,698,"(27.58779623576665, 76.61700614385308)",3.165679289378715
456,787,"(20.97686211944212, 77.73673811171349)",3.1792944242017636
332,580,"(26.54622654209136, 89.52035518853423)",3.2089605824194427
254,418,"(20.727237204770734, 76.98302333242792)",3.2222157227911903
400,683,"(27.56274867669681, 76.63517103044113)",3.2265303728072667
401,699,"(27.59000083284652, 76.59195651656817)",3.2360539265928256
280,456,"(9.477304827661804, 76.3489165395552)",3.2374663881611947
157,296,"(23.036119634798084, 72.58299955377277)",3.252310060091355
255,441,"(20.719270856963732, 76.97877769128462)",3.2570195441225414
483,845,"(31.524028517193727, 74.87508046286844)",3.264348208253646
256,444,"(20.733637704423785, 77.03019628215827)",3.323807132234006
281,465,"(9.485461692740012, 76.3456998337031)",3.3264020989674354
158,290,"(23.04134646632041, 72.58639122150902)",3.3374561120103317
159,256,"(23.047021546328036, 72.58793912034658)",3.3586288399634356
160,300,"(23.02045875461909, 72.5517616863187)",3.3627909898116144
121,226,"(18.884419739261723, 74.61639572050264)",3.36653654251795
484,819,"(31.57584077295734, 74.90923260126802)",3.3679887301658535
601,1024,"(25.831699152326056, 80.81781646952044)",3.4496024342300364
333,579,"(26.58117407765876, 89.50487148877869)",3.4671585905728075
161,253,"(23.027799976487497, 72.57856179824662)",3.4687356627201953
257,432,"(20.685641485429752, 76.9889169122237)",3.5341246518562395
37,78,"(19.39446913192996, 78.28101827024248)",3.547966711582879
457,779,"(20.95753843817988, 77.75099360502233)",3.570925266264747
402,674,"(27.593866279729543, 76.61081946800407)",3.5926150302862214
511,851,"(23.55887144506197, 87.00927732421003)",3.5955398345167016
162,277,"(23.052969150210185, 72.59050123843275)",3.608351085000682
38,55,"(19.39711196073937, 78.34932741238823)",3.6371458221332134
458,755,"(20.92904638987135, 77.73822653931855)",3.6729172402335255
184,325,"(23.711063065254343, 92.68279750873349)",3.6761836158836676
185,312,"(23.70094514749061, 92.7185406014414)",3.6831899170292455
258,438,"(20.740988730209963, 76.99291968123501)",3.6938007891420197
63,120,"(23.904638762053118, 91.31098236609358)",3.7386161785228578
259,414,"(20.706540863570687, 77.04460764642728)",3.7498067049052013
459,788,"(20.92369374712132, 77.70317368486643)",3.7792478393005395
422,730,"(30.408620324135416, 76.71020277096224)",3.8206080717255055
460,777,"(20.94443768968756, 77.68036923432143)",3.958883977937629
260,447,"(20.719235586311623, 77.04622812674802)",3.9784438017121175
485,837,"(31.58153203327089, 74.86760973815473)",3.9880884911119123
461,782,"(20.93969181950863, 77.6813041876094)",4.0617108653183855
186,309,"(23.715359535061573, 92.69518280000054)",4.0637757000457
282,484,"(9.45686622754291, 76.35771792919256)",4.124224384961728
334,568,"(26.555732187707328, 89.57596184402263)",4.15161281035536
486,835,"(31.55693576179436, 74.8458060120919)",4.174907289569864
187,344,"(23.642718246962243, 92.68069002069196)",4.178098458193344
462,771,"(20.928653148732323, 77.7453787311946)",4.197715134460678
163,280,"(23.03284529626637, 72.59162186374667)",4.201161216956407
463,759,"(20.930155713111688, 77.68640176328933)",4.204838881938313
261,442,"(20.71593153616153, 77.04914553473682)",4.214779435341235
464,753,"(20.94369930838713, 77.7562031704572)",4.299293479279944
262,430,"(20.68739394133601, 76.97591071202898)",4.3445292190699405
335,595,"(26.59171015649409, 89.57466941893158)",4.3660229936761565
465,772,"(20.921777394991175, 77.73901257652668)",4.3847082494950556
466,786,"(20.95699163083348, 77.67436150994065)",4.399889350940637
39,95,"(19.43335053115361, 78.31519346815057)",4.406283719345996
122,204,"(18.904364082341218, 74.57480404757146)",4.423227998684754
64,148,"(23.875621112628988, 91.31050186058256)",4.461934404170357
65,126,"(23.85923376274935, 91.26666283327326)",4.485574135450991
66,133,"(23.86145275229673, 91.29456057877564)",4.624668579182177
403,651,"(27.564277202421543, 76.55548145714044)",4.633631836919216
602,1027,"(25.849117203370756, 80.74120727053663)",4.646877659417425
67,139,"(23.85685109660159, 91.26840313958397)",4.718848077858205
40,94,"(19.435999564890523, 78.30595654012133)",4.79203536657094
283,460,"(9.512986022310288, 76.33914782814001)",4.796013348559569
68,108,"(23.856044435820724, 91.28469834005467)",4.870484508192188
263,425,"(20.669522164952767, 76.99474488681953)",4.8772925216727945
188,341,"(23.70770877950583, 92.65409972937807)",4.969224909397838
543,928,"(19.95057819042807, 75.30692132709214)",4.978766877837496
41,98,"(19.43656487345929, 78.3286855601772)",4.980044154066139
603,1034,"(25.87641960089674, 80.78622744937942)",4.995173027671836
284,478,"(9.504964412037666, 76.33277160988762)",5.022511065376795
285,467,"(9.484691825371875, 76.33004010629173)",5.042155710160218
487,813,"(31.542265008364883, 74.83651919002627)",5.087608946217525
189,345,"(23.72360856204293, 92.703037397732)",5.101163028673298
190,332,"(23.65675117415545, 92.7353487535864)",5.105898104416122
404,663,"(27.591206395956405, 76.56202164763458)",5.11031722989209
632,1090,"(28.83474071713059, 78.87430147178378)",5.123096944567751
405,675,"(27.544170433345556, 76.55457549970804)",5.136700508654164
191,328,"(23.712813682966814, 92.72582777369792)",5.137727958822547
363,616,"(25.444033078924072, 81.84205975540776)",5.172873169827689
42,59,"(19.43350749578781, 78.34059517651725)",5.183214322672058
264,436,"(20.70335758967008, 77.0581435485835)",5.1959183091647825
364,624,"(25.44354141872108, 81.84063343487144)",5.196472280605237
192,302,"(23.635104519807665, 92.6723676181492)",5.251615545268846
286,457,"(9.536823941772427, 76.38582716255121)",5.38693466220893
661,1133,"(33.993748652612325, 74.395440801707)",5.3946174272665965
265,445,"(20.71106608334618, 77.06105604014347)",5.4225773826711405
633,1093,"(28.75153084906516, 78.86256237260037)",5.425822204797674
604,1017,"(25.84484608383325, 80.83558643242802)",5.432159038144494
287,481,"(9.468149870468556, 76.33109652126244)",5.439421530243416
213,387,"(26.419666057882004, 74.6330097527641)",5.487021381975446
266,446,"(20.699102563795613, 77.06016246590485)",5.500504735277865
267,411,"(20.67875530500163, 76.96842188409103)",5.555939189421821
268,406,"(20.663666517765, 76.99251928373316)",5.567995885008069
69,127,"(23.848330157981543, 91.26984232818248)",5.6441121931702645
488,850,"(31.59505367716589, 74.85802695350067)",5.7443608514235756
691,1158,"(23.194309908201035, 87.78777059730992)",5.745759407784641
336,599,"(26.54903165176769, 89.59035537585781)",5.762663031569884
288,488,"(9.482756938517811, 76.32336665829447)",5.794116985506514
423,746,"(30.421117276777288, 76.73937382469647)",5.842691625172653
489,842,"(31.58209579619652, 74.83920490672696)",5.8842689018564265
365,627,"(25.450357212030404, 81.83970654005311)",5.904174775302456
269,448,"(20.71028611375855, 76.95214452662799)",5.906434558179838
70,128,"(23.84548860542576, 91.2839951162314)",6.011981205192945
43,67,"(19.44515725197701, 78.33404016918252)",6.0632049480152705
214,389,"(26.42926252792529, 74.61437942437489)",6.0877684465388056
44,66,"(19.44027172120948, 78.28425817295127)",6.088617939163809
289,455,"(9.544218776674771, 76.37817274018555)",6.1006897092647385
45,80,"(19.411422186698378, 78.25942235197947)",6.1358961453546925
46,51,"(19.338563931535663, 78.31693422904259)",6.137612153958032
290,454,"(9.48284462042704, 76.31972242354946)",6.189582247237435
572,993,"(24.869014529603405, 84.2700509285842)",6.1948570759869055
605,1011,"(25.88729461323273, 80.78820291039918)",6.215112695894574
662,1149,"(34.08258928019302, 74.43455765897407)",6.244624312430136
215,357,"(26.41169184770377, 74.56323437948322)",6.257902601056135
366,633,"(25.45240054719483, 81.89775092362422)",6.273907310977665
721,1234,"(28.30681700273429, 79.29732077607329)",6.286289832904758
301,532,"(27.750010362455264, 78.02937775260745)",6.327062214806505
302,536,"(27.744734260412244, 78.0588739120857)",6.348880795917325
367,639,"(25.445220952475868, 81.82343841734321)",6.389144139046667
216,391,"(26.33525005032801, 74.56368460625593)",6.398018746701532
544,908,"(19.915436675265955, 75.29455708830257)",6.433890387074062
270,427,"(20.76580207026312, 77.03036448976309)",6.4542625501779085
337,586,"(26.55591784338012, 89.47383459237508)",6.554229186808446
368,634,"(25.450199362606643, 81.82716860435228)",6.569075911290809
71,125,"(23.83980359712082, 91.27814366608976)",6.579206571457852
217,372,"(26.428435433213597, 74.63829480809423)",6.5925575094274285
369,615,"(25.44899286492612, 81.82498822300148)",6.600735556711679
338,585,"(26.52495281466858, 89.580759798156)",6.6422750569823865
634,1095,"(28.7349629448195, 78.9148407827647)",6.6603174804021545
606,1043,"(25.88139384632972, 80.74623439236032)",6.669649761991143
47,99,"(19.44700112887169, 78.28542623240416)",6.678766406991638
291,472,"(9.464947406495869, 76.32009038466504)",6.684492426177599
370,605,"(25.391387244696656, 81.80166847110686)",6.690786415125007
371,614,"(25.45730219609029, 81.83733389072911)",6.700468055824379
406,691,"(27.511675652491785, 76.6402276641249)",6.76173922760265
607,1007,"(25.8762521282137, 80.83016539218383)",6.828552776883206
339,597,"(26.535051677364915, 89.59380310164532)",6.840348237535158
218,381,"(26.331134260956897, 74.56157723270212)",6.866996164214021
608,1015,"(25.770109009990705, 80.76783492584308)",7.008601711756948
490,812,"(31.6113850911982, 74.86679225770025)",7.067474000276531
372,644,"(25.46419108827016, 81.84671274370567)",7.068547341414605
292,482,"(9.496105916039632, 76.31118764297291)",7.121432961814657
635,1052,"(28.7381392347254, 78.93462717243828)",7.186981345905659
545,912,"(19.8997470759209, 75.25757295519966)",7.188936774311174
546,932,"(19.937062084525127, 75.3239686357879)",7.190080291269608
219,369,"(26.4396703552005, 74.61424215024053)",7.242398439723056
692,1196,"(23.237509840604357, 87.7652220030046)",7.256909051793877
220,362,"(26.42556835271815, 74.6569260543856)",7.311816396402774
293,471,"(9.531198858587924, 76.32401089555181)",7.335550898887774
636,1073,"(28.8003002063451, 78.96860848300891)",7.352013102359115
609,1010,"(25.85048869460556, 80.71288289487552)",7.35908222486909
722,1209,"(28.351393180952503, 79.33037170871748)",7.441124729505836
373,632,"(25.42489891199336, 81.9371213867942)",7.444633971541139
48,76,"(19.45940344512799, 78.32900019830126)",7.45258673371527
610,1044,"(25.89680970514169, 80.80095998999583)",7.46507200387266
407,682,"(27.495300035246, 76.60601453927339)",7.471949509255767
611,1047,"(25.89861223571636, 80.79075636475555)",7.491319946131489
547,914,"(19.91763369790858, 75.31346307046387)",7.5054894273734964
374,604,"(25.438532035115728, 81.80230983630055)",7.582425496744875
294,468,"(9.46572112261707, 76.31075883211402)",7.6005409499581775
295,490,"(9.54335879873867, 76.41872496618612)",7.628070688887983
424,704,"(30.36259909137076, 76.66569305067577)",7.654373412715084
408,688,"(27.63130600400297, 76.59274785818747)",7.718870960539062
491,844,"(31.613526862576865, 74.92478346057948)",7.745910193168838
612,1038,"(25.899101797491607, 80.7642929920833)",7.747314794132009
573,967,"(24.846053246994387, 84.35563055813336)",7.750345782151616
409,659,"(27.581326427442196, 76.5267571035798)",7.750443724972752
410,656,"(27.62148923441926, 76.64446430787616)",7.7645661009648075
340,570,"(26.508467302238213, 89.50182126048688)",7.772776616310822
303,540,"(27.736232531868307, 78.09364089968471)",7.78921627785254
411,696,"(27.632300422645077, 76.5943138480745)",7.811278829126529
548,927,"(19.89569243104069, 75.24527109367638)",7.815682892375927
663,1125,"(34.092048229200785, 74.46953714458365)",7.823428683375705
613,1046,"(25.89660833769101, 80.75221854497991)",7.874053917368802
637,1089,"(28.76440714647348, 78.96845536147508)",7.896953240597409
425,732,"(30.36362398294127, 76.70744960012497)",7.8989718827667845
412,686,"(27.522652736422955, 76.66888154090687)",7.903477623325734
512,882,"(23.60691591808876, 87.02684537846031)",7.9451911273906
492,836,"(31.62203993688234, 74.88114479171801)",7.961160116329565
549,910,"(19.985202502431157, 75.33461719905239)",7.979803755134039
221,397,"(26.324442550353645, 74.66787643853868)",7.988153474124459
723,1203,"(28.29874055412037, 79.31302570695331)",8.000389377129508
550,920,"(19.90606421914098, 75.3066754026696)",8.008988530381759
493,810,"(31.621767333284403, 74.8748197672982)",8.011349896386184
638,1057,"(28.80651635090187, 78.81282142475538)",8.05215186357323
375,650,"(25.47064676021224, 81.83597228820543)",8.108448540134454
72,145,"(23.82593346546857, 91.27718353357815)",8.1162073697039
693,1178,"(23.230364850911474, 87.79111637059991)",8.169709254980539
413,700,"(27.51950268056975, 76.53517554745038)",8.17067180957327
494,805,"(31.623555437633797, 74.87562571346777)",8.194937506238551
304,501,"(27.74534400066022, 77.97230880654183)",8.208400840184305
341,554,"(26.610757447815267, 89.46829676972341)",8.217661556946629
73,146,"(23.969029797892823, 91.24774866823564)",8.26780184747762
426,750,"(30.367591966127844, 76.72621904497817)",8.304269737156636
49,54,"(19.42556126457227, 78.38671917694033)",8.328531170832955
376,630,"(25.391582244719185, 81.78489180289927)",8.345832523525678
551,915,"(19.96965131248328, 75.34222450155426)",8.449934365973196
614,1031,"(25.907280960434857, 80.79231388517952)",8.466133525368923
495,843,"(31.60951321750908, 74.94665962367252)",8.497539155586363
496,806,"(31.6247964074939, 74.8664765236777)",8.508838271468388
497,807,"(31.627253460663724, 74.88359676788097)",8.52055114344569
296,493,"(9.56372140031236, 76.35577380476448)",8.54941865534306
414,672,"(27.635555079615788, 76.57462413666785)",8.58158678931091
415,690,"(27.56957166007057, 76.51574436052002)",8.582785231921276
615,1021,"(25.855875257890883, 80.86483755339273)",8.590926617822362
297,473,"(9.49852608909019, 76.29795756655146)",8.593348467545058
377,640,"(25.461642860495605, 81.81053718115874)",8.612502250028541
74,116,"(23.82652735033601, 91.30592515634052)",8.64846305022041
552,947,"(19.890239300320985, 75.28691251852158)",8.649547857215014
498,818,"(31.627913274120555, 74.87669829468466)",8.659221156072757
513,870,"(23.60897570564069, 86.91389339867959)",8.6786762190312
724,1242,"(28.341885859305883, 79.34286268568098)",8.693215183696351
378,622,"(25.473876422313868, 81.90423206267627)",8.693824115252866
222,400,"(26.32322340299078, 74.67631277709206)",8.698230376099385
298,494,"(9.415637785765192, 76.40215564235358)",8.69835412221808
639,1078,"(28.85792728248346, 78.84565946713434)",8.706320660427215
299,451,"(9.51966299714327, 76.30238518955485)",8.722465891919816
616,1003,"(25.90988675873364, 80.77656735481669)",8.734643364492104
305,537,"(27.69753983001717, 78.11988253840688)",8.738949970348731
379,603,"(25.44232160864539, 81.79121525148499)",8.756674102371855
75,103,"(23.847100150101003, 91.20964350647044)",8.77422403587948
694,1188,"(23.192859737724252, 87.81865636628577)",8.778615676661257
725,1228,"(28.40620909278229, 79.31638544678343)",8.800750357509978
306,520,"(27.70116070266043, 78.12037406070449)",8.818735635622463
553,930,"(19.914217595444025, 75.32748210666784)",8.857902098532085
3,8,"(30.11729268876645, 74.09835350263066)",8.870948936569727
726,1213,"(28.40518581189033, 79.31873146947896)",8.879887894416694
223,376,"(26.450650453547556, 74.63839669846219)",8.89829939528891
380,610,"(25.452157818755524, 81.9378637126964)",8.955929232381603
300,452,"(9.48386942497892, 76.29402799244687)",8.985557964896064
727,1225,"(28.34317715752696, 79.34632750672478)",9.019736901909118
76,124,"(23.8629781781242, 91.35460901456833)",9.048703855017001
381,637,"(25.322429806494, 81.8485758040559)",9.1809260207605
617,1045,"(25.82027624417409, 80.69240058107864)",9.189246789839883
382,602,"(25.434535804675573, 81.78208551650066)",9.203877512856142
383,635,"(25.3890381064279, 81.95724012546776)",9.206620509942155
77,109,"(23.816851202579997, 91.26069389822678)",9.233605574650355
695,1176,"(23.261163913766293, 87.74923908760863)",9.284043575194106
416,661,"(27.487990811778506, 76.64568826946388)",9.310458671473333
618,1009,"(25.85858316634147, 80.87251501565805)",9.414961684253674
554,906,"(19.88402375397206, 75.29042404655853)",9.420921812029777
384,606,"(25.384347770703027, 81.77542312328094)",9.433354189696141
78,140,"(23.968071030080228, 91.2209462531572)",9.437961482615966
385,643,"(25.470245925779786, 81.92581344539762)",9.504193762019778
386,612,"(25.323671875293982, 81.83215049006739)",9.520722319779374
696,1152,"(23.22409216711657, 87.81325335351148)",9.524024102979771
79,119,"(23.815974259129447, 91.24992392198224)",9.559196682279707
555,931,"(19.900602690991956, 75.3233222590116)",9.581946198850327
342,562,"(26.484349442822253, 89.53787760408159)",9.588598644768593
343,556,"(26.48998712702176, 89.57296873759493)",9.62544936365241
80,111,"(23.984563291190828, 91.28915392324257)",9.638249260195403
640,1077,"(28.84779763723226, 78.96979071014812)",9.666112605583358
4,1,"(30.111307754732803, 74.10368515032316)",9.680040156143793
81,144,"(23.85885852322107, 91.189961961032)",9.702166438345046
556,903,"(19.896903536249823, 75.32087211669308)",9.724642400017933
619,1019,"(25.90875785881286, 80.7374907291121)",9.732172613378431
50,84,"(19.480925929168688, 78.3235345992862)",9.739071738469013
557,933,"(19.904288470427662, 75.32993407730523)",9.776301909246632
620,1042,"(25.744025516971, 80.79418028434874)",9.794893133271266
664,1139,"(34.10191791168557, 74.38351447107775)",9.798293847818234
417,660,"(27.478144533487512, 76.63290073757852)",9.840849995055079
621,1008,"(25.91827666001245, 80.7633547209724)",9.84650935282332
344,560,"(26.481859769353385, 89.54307947808867)",9.880122379516663
641,1067,"(28.85908689325605, 78.96022091449812)",9.88217540882228
345,551,"(26.512167723152785, 89.46260656090874)",9.89620856049742
51,91,"(19.48078018170947, 78.33715928744587)",9.959050055356245
622,1018,"(25.813509735135465, 80.88159488745245)",10.03653741590358
642,1091,"(28.8388310974414, 78.80482820618295)",10.112665785991547
623,1026,"(25.886977953029135, 80.86409559770986)",10.160456931956002
624,1049,"(25.922404388145427, 80.79530627160526)",10.170729858217424
558,907,"(19.911127634527688, 75.34108697799587)",10.199264211792938
643,1070,"(28.83498978604906, 78.98634136307743)",10.211035771192606
82,102,"(23.819777023501004, 91.32585523087522)",10.217548009158133
644,1059,"(28.881605271964983, 78.91807926492443)",10.247706176364368
307,509,"(27.769968722027382, 78.08920148993299)",10.271948078494754
5,35,"(30.0859249534458, 74.08070637007324)",10.285064428406788
625,1037,"(25.888899296882784, 80.70238211562973)",10.308782291000822
6,44,"(30.154907335119866, 74.13074952523948)",10.340437241958151
728,1227,"(28.426874929072355, 79.31197451990974)",10.343365439571977
83,149,"(23.809937359265437, 91.3062258377323)",10.396237736672337
427,713,"(30.465655165948764, 76.77986038865204)",10.396993486494884
346,561,"(26.579278983628107, 89.43353166593782)",10.400598636750356
347,582,"(26.56687725566197, 89.64221539828067)",10.406190906313597
697,1185,"(23.27253021361398, 87.7304592553411)",10.425559230514713
559,946,"(19.995641678916392, 75.35583054761791)",10.448786195674252
52,97,"(19.306078648393022, 78.27863179948338)",10.459886328962755
560,938,"(19.8912829228161, 75.32557836567719)",10.519886045147015
348,600,"(26.518906192636948, 89.62729334480412)",10.607054342370962
53,93,"(19.40049725593325, 78.41595483710434)",10.632372106882535
54,69,"(19.299658518073223, 78.2962267004558)",10.640410183947862
428,714,"(30.47028078104005, 76.78038896066104)",10.647400340070876
84,134,"(23.80456900316929, 91.2537093970912)",10.70405987466685
85,101,"(23.866542193236324, 91.1755815100048)",10.705022542804048
349,565,"(26.47397242239333, 89.537800714191)",10.7424556082319
698,1187,"(23.24291331921085, 87.81283323655346)",10.744784311922896
514,899,"(23.61024989378171, 86.88854308289993)",10.751818824177809
626,1035,"(25.85806951138709, 80.6795808678984)",10.79437216839217
645,1081,"(28.80818382365981, 79.00324462717556)",10.81953364574525
627,1048,"(25.77214102380977, 80.86925656848167)",10.845827521693483
628,1013,"(25.818747237465125, 80.67584105093316)",10.85458095753376
699,1175,"(23.21470654953317, 87.83317101699194)",10.879409849775527
55,88,"(19.39010732922332, 78.41952986325411)",10.988352230721869
574,984,"(24.80674307410081, 84.32000682600444)",11.025922435567196
729,1247,"(28.2943895366428, 79.34984241674209)",11.135192302498035
515,891,"(23.652753092342493, 86.9554732054287)",11.143424447449195
700,1167,"(23.237397097453456, 87.82277434770624)",11.156232673352505
629,1014,"(25.89380968791087, 80.87100451950663)",11.172136299117444
561,935,"(19.87113714246348, 75.30435072226344)",11.282205028465697
7,9,"(30.063969523566712, 74.00296567791212)",11.322964598116446
56,90,"(19.32261702857911, 78.39249869911818)",11.353406875560506
429,742,"(30.432156231500063, 76.79782425305937)",11.355861552210548
730,1226,"(28.28427551932244, 79.34468078565882)",11.388687872923958
57,68,"(19.44664563489952, 78.22075088939374)",11.488104231945135
562,942,"(19.89578894313908, 75.34433829115974)",11.526957515671862
58,77,"(19.486100130206196, 78.26433386748842)",11.556292698520375
701,1195,"(23.213256280286902, 87.84254415528763)",11.72232842389123
516,886,"(23.542580051805192, 86.86001411066732)",11.729130573545813
630,1002,"(25.91787369591556, 80.71560083451587)",11.74873855432829
430,729,"(30.38669996885358, 76.79196165230113)",11.83854559650896
59,62,"(19.4998909486046, 78.32432221430619)",11.846907696583326
517,860,"(23.47565767138005, 87.05346345311993)",11.87322234157972
518,869,"(23.62907875284938, 87.05751859864893)",11.889009236966107
519,861,"(23.656362293310718, 86.93874827151703)",11.942435090987189
520,877,"(23.661369290952923, 86.98183420201634)",11.95745586420603
8,17,"(30.09798752251657, 74.12266208141445)",12.030086710406959
9,21,"(30.15798896841568, 74.14888962965658)",12.052320124492537
123,216,"(18.95527243263581, 74.51996841855801)",12.248648326525027
665,1122,"(34.086928524127075, 74.32727854687275)",12.257679185958226
431,702,"(30.45382845757434, 76.80491053905205)",12.310743670955166
702,1192,"(23.287627554121418, 87.75808330181927)",12.342455375470726
703,1179,"(23.249348701146957, 87.82773994612528)",12.368483872512266
704,1157,"(23.26093462738946, 87.81597143357536)",12.38043274640695
432,708,"(30.31775572712969, 76.67633126187572)",12.530464337185274
10,29,"(30.170235684454088, 74.15456736273981)",12.595465797737317
575,965,"(24.905673031539376, 84.44114464590614)",12.607595826731762
521,883,"(23.440614472921496, 86.98139235856492)",12.633553987398866
60,73,"(19.48690879250475, 78.24467043742118)",12.707898446607194
576,968,"(24.796433764883695, 84.27761961649355)",12.771018053328792
646,1066,"(28.676637048910216, 78.90071526381217)",12.839029207898266
308,528,"(27.797985170846964, 78.08604137772372)",12.844900663945529
433,718,"(30.3575523817673, 76.78384708523852)",12.884057470347583
11,13,"(30.04891749750609, 74.00805181480621)",12.90751701616547
434,738,"(30.31546332913508, 76.6981601059918)",12.908008973530784
647,1056,"(28.873268425679434, 78.98868575387914)",12.933398745180222
577,990,"(24.8677718525664, 84.43746852385252)",12.95004091480275
522,879,"(23.669403942455023, 86.99236348577368)",12.95679581217567
435,712,"(30.35862667276276, 76.78592633531963)",12.9657979828874
12,20,"(30.179072654895656, 74.15825587674894)",13.0368888802007
13,50,"(30.1963966024826, 74.15469674988697)",13.087479294762684
578,987,"(24.78877445780042, 84.3320642675641)",13.115862391783356
705,1151,"(23.223305391952408, 87.85491149361424)",13.297081453863965
706,1200,"(23.217806296770117, 87.85733262713461)",13.315963489890715
436,745,"(30.39303526476454, 76.81148392010398)",13.33087503504607
666,1105,"(34.03884299596535, 74.2942732174091)",13.368645555389614
437,728,"(30.35733213337166, 76.7901162577461)",13.37182413228415
438,720,"(30.363472001409335, 76.7955761548578)",13.400160499502583
523,854,"(23.673622148497564, 86.95604398686208)",13.426712909450425
439,739,"(30.376920514612248, 76.80562842140009)",13.48825236926925
648,1071,"(28.83673470816905, 79.0229634791336)",13.53706579510926
524,874,"(23.672761105409617, 87.00465688704296)",13.555390531840347
731,1221,"(28.31314779537091, 79.38795469806166)",13.663005066740219
440,709,"(30.38538631484977, 76.81228627355092)",13.692096191898775
309,516,"(27.77896570857251, 77.93140906844975)",13.699112771727647
441,733,"(30.36082171924292, 76.79801027410657)",13.75859745584046
525,900,"(23.646849478453863, 87.06372725675003)",13.759769224308835
442,711,"(30.45625000783855, 76.82043485443393)",13.822208236488384
443,747,"(30.361343415228493, 76.79947191805992)",13.842439799623593
526,868,"(23.67655908450295, 87.00145122590531)",13.898517245192098
14,27,"(30.104380208971552, 74.15091157916562)",13.922130343816137
649,1055,"(28.905289595140356, 78.95465140108483)",13.929180491654133
15,26,"(30.04888196173782, 74.08092821797362)",13.953414543172398
444,741,"(30.304511077740585, 76.68746739025649)",14.02113109112786
732,1248,"(28.25907177637616, 79.35506582504692)",14.02988111886609
650,1097,"(28.670331710680586, 78.93253100161718)",14.040598968139749
527,894,"(23.67598797015668, 87.01056448688884)",14.050740989359129
733,1216,"(28.3847712797948, 79.3920777733484)",14.051404517855588
707,1171,"(23.112925092189563, 87.85170221491583)",14.078124241574153
310,503,"(27.81062971853268, 78.08469706942834)",14.083370171320748
311,547,"(27.81576001660812, 78.06853536505795)",14.120063002445669
528,895,"(23.6813307946626, 86.98302239554626)",14.180294049865708
529,871,"(23.437155631045304, 86.91804296686314)",14.211714092861236
708,1155,"(23.158257445307555, 87.87135297318598)",14.212409687201266
709,1163,"(23.125348544665965, 87.86048470554285)",14.22085450759302
667,1121,"(34.148534736074865, 74.39187843466122)",14.231938055590067
734,1211,"(28.241992536045323, 79.33510267327806)",14.271259782450247
735,1224,"(28.46142879589837, 79.32517329224677)",14.304060902857179
651,1061,"(28.81498303699309, 79.03834227771358)",14.318308330970769
652,1094,"(28.80393421827407, 79.0406224587956)",14.37213579695951
668,1119,"(34.0858681290274, 74.29996739136091)",14.373971064553867
16,6,"(30.112013510521876, 74.16120027497414)",14.43681277273401
653,1083,"(28.76596936208666, 79.03999522102784)",14.541239145095
710,1184,"(23.277603194827957, 87.82756183898812)",14.551720999592446
579,956,"(24.781304083088905, 84.27098225670174)",14.57800067101412
445,740,"(30.36990676745629, 76.81588596257254)",14.717915279294486
446,707,"(30.36619735838354, 76.81380034635619)",14.735909070883194
580,974,"(24.77307682145064, 84.3308483684788)",14.836979284944878
447,735,"(30.372252992850115, 76.81962208930894)",14.922448665688112
448,726,"(30.350222443105263, 76.8056070365976)",15.035061613165427
581,991,"(24.867958967667096, 84.46077436460233)",15.185410363648442
736,1239,"(28.454630591025136, 79.3527494428917)",15.19480606581254
582,994,"(24.78763872062429, 84.39177490416814)",15.198534177656917
583,998,"(24.77080538853655, 84.34183849413147)",15.23744258650611
654,1096,"(28.798251522458617, 79.05025558396021)",15.265356912351368
17,46,"(30.159258154687542, 74.18283245278285)",15.305574351673144
124,245,"(18.93598714678988, 74.71690924214788)",15.380294330270496
449,710,"(30.45230748460942, 76.83793014603172)",15.391593388754258
584,966,"(24.77229671516213, 84.35799168310332)",15.43823396093656
18,28,"(30.22796705219756, 74.16667214888706)",15.45914321671534
450,734,"(30.378362236881703, 76.83016393140383)",15.574224447433762
711,1164,"(23.26806237906486, 87.85338082924712)",15.71354593525787
737,1250,"(28.29471314665811, 79.40338260134807)",15.778431393846965
738,1223,"(28.39811494500868, 79.4057505241418)",15.789240895514233
585,989,"(24.772213813067093, 84.3716669381117)",15.879979907143767
712,1154,"(23.235239790331512, 87.87740809829225)",15.928756341253429
669,1129,"(34.15766312860174, 74.3681401934284)",15.959289128940384
19,16,"(30.136871586718694, 74.18837577766809)",16.119495103007292
713,1190,"(23.26434537480809, 87.86258964338418)",16.208233922912992
739,1246,"(28.294664273102654, 79.4102733914668)",16.40590949248896
740,1206,"(28.342808960750805, 79.42251493313162)",16.46721943935121
741,1232,"(28.34459768446719, 79.42294875799865)",16.502588149734528
586,985,"(24.81453386119824, 84.44640596982526)",16.607749400226858
587,960,"(24.75685761132717, 84.30418731541668)",16.60984355281244
588,980,"(24.771258136723397, 84.388317345623)",16.643195722792164
589,992,"(24.76074609477511, 84.35682133852441)",16.647838400560257
20,23,"(30.13963571736532, 74.19458575265575)",16.65286842393019
590,972,"(24.772500260189048, 84.39144158303257)",16.6605106602794
21,37,"(30.136755701081334, 74.19488630756142)",16.737035199995216
714,1165,"(23.28943673733476, 87.84575871160482)",16.77298159217194
670,1104,"(34.11626431081733, 74.58648704766236)",16.88610947918774
22,19,"(30.24658934017752, 74.17233340562501)",16.965931791864172
715,1173,"(23.233238653925937, 87.88991474515241)",17.030851818225088
671,1142,"(34.14687485782028, 74.32243870973603)",17.13123825634354
23,47,"(30.097287287125823, 74.18419258045765)",17.13147361885422
24,42,"(30.18876271606523, 74.2005573845072)",17.215239876508825
312,538,"(27.8223409812024, 78.12784793262153)",17.2261652426164
591,958,"(24.76691823126887, 84.39937692345583)",17.583440159262903
716,1160,"(23.320165891217588, 87.8113559918395)",17.58455484821237
125,213,"(19.00240316989303, 74.50252906319326)",17.61884217912469
592,969,"(24.760763469331582, 84.39262741751826)",17.883344247045894
593,954,"(24.75306893300801, 84.37253800392445)",17.915504196222827
717,1162,"(23.26926605885689, 87.87957761767895)",17.94405329611265
25,5,"(30.139491950935355, 74.2100113291729)",18.120008773337087
718,1153,"(23.28370799643788, 87.87196305312648)",18.28444652119211
313,530,"(27.852556638226897, 77.97023878984723)",18.716053026551148
314,515,"(27.801843133705862, 77.88250820774695)",18.984341921314556
315,525,"(27.862380035946384, 78.05928516188105)",19.020154620301525
672,1126,"(34.03134038654396, 74.23166790712266)",19.07572115304907
673,1113,"(34.18194898420921, 74.34453039485412)",19.330197484018047
26,24,"(30.114879753430927, 74.21690223866601)",19.36807340303772
126,201,"(19.00085224299613, 74.70882244521493)",19.409607546168367
719,1183,"(23.35325927601159, 87.74800771044099)",19.447118835499428
720,1198,"(23.19957372113222, 87.92405473757327)",19.548162858840737
27,25,"(30.077564987946676, 74.2015628433796)",19.629991059171175
28,11,"(30.192756338956865, 74.22529330246317)",19.633046465810047
316,535,"(27.865351505521065, 78.07741416861465)",19.680614583010342
317,513,"(27.74766872015186, 78.22341059552302)",19.862078407444407
674,1118,"(34.207579245471294, 74.41334222153982)",20.265520686940075
675,1108,"(34.02048737741297, 74.21822419903503)",20.3195085205666
676,1115,"(34.20363683658344, 74.3757867414157)",20.52451651212795
318,545,"(27.873999751410967, 78.07454319207332)",20.55711730106351
677,1143,"(34.199242522894714, 74.3571799901574)",20.615335531470027
678,1148,"(34.18875780434131, 74.32963464170128)",20.6403618173163
29,43,"(30.347066591843934, 74.06448664617481)",20.70691924151477
679,1109,"(34.17845089023704, 74.30773700641186)",20.748930892627776
127,207,"(18.887658680049576, 74.78634213603647)",20.77985020139389
680,1144,"(34.21069765756359, 74.39744781461536)",20.82580465696078
30,3,"(30.18452166142855, 74.24163451731678)",21.067770013726825
319,524,"(27.87089008605574, 78.10624374892113)",21.097161782989115
128,219,"(18.91797669855669, 74.78335255995174)",21.106258436660013
320,519,"(27.87701004541992, 77.97680495526258)",21.136238281373796
321,526,"(27.881144333817883, 78.0754536858526)",21.352992613734923
322,521,"(27.881263057722748, 78.07688390702663)",21.394987505636593
681,1127,"(34.21850505260982, 74.46518528495645)",21.48669205305675
323,508,"(27.8809272225052, 78.08446037016246)",21.527424396335068
682,1102,"(34.197933137600586, 74.32958938310311)",21.539421760002533
324,527,"(27.88504078109819, 78.07079435930747)",21.69050253120587
325,517,"(27.883744771740304, 78.08129924195184)",21.7589928078264
326,546,"(27.887379926056933, 78.07203742541115)",21.968428290841725
129,214,"(18.965906674533503, 74.77273571785412)",22.128494238638233
683,1136,"(34.21347171448956, 74.34678176961845)",22.439266000287535
684,1123,"(34.211672662213566, 74.33916664255436)",22.529658910640837
327,550,"(27.880365767036817, 78.12415559135506)",22.736459405004464
130,237,"(19.08350730281912, 74.60800358211718)",24.117488600558804
131,242,"(19.018324040982808, 74.76132751984281)",24.631094451956134
132,238,"(19.06171615546204, 74.70252956979009)",24.645818278833637
133,243,"(19.028069450500592, 74.75511031804996)",24.922137094518277
134,233,"(18.89805174048531, 74.84213190476449)",26.744751785758282
135,230,"(19.10662453654676, 74.68161435266954)",28.30271648473982
136,215,"(19.063031831919503, 74.76511110918699)",28.509610524453127
137,227,"(19.06233093535321, 74.76741942024206)",28.607873425990572
138,206,"(19.11163190888853, 74.49098752132473)",29.097403864467992
139,246,"(19.128376905571088, 74.56958018056329)",29.11192214713355
140,212,"(19.08782488745856, 74.74362429785684)",29.36446941323995
