Request_id,Assigned_driver_id,Assigned_Driver_latitude,Assigned_Driver_longitude,Request_latitude,Request_longitude,Distance
1,44,30.13309807312468,74.07842990427723,30.15025120908681,74.09870355744877,2.727370178370539
2,8,30.142417868092117,74.06382981725824,30.15025120908681,74.09870355744877,3.464575160249918
3,16,30.15052176302927,74.15361315457648,30.15025120908681,74.09870355744877,5.279718697737681
4,3,30.199638421917832,74.10700149273613,30.15025120908681,74.09870355744877,5.5492353565829395
5,43,30.15863242098835,74.16608063727308,30.15025120908681,74.09870355744877,6.544824166072509
6,22,30.187277681385385,74.15475791629962,30.15025120908681,74.09870355744877,6.781522450103389
7,11,30.090590698522632,74.1181667944169,30.15025120908681,74.09870355744877,6.893008677726726
8,38,30.086180893351894,74.09967545852476,30.15025120908681,74.09870355744877,7.1249073223749555
9,49,30.080803964505343,74.11050579914158,30.15025120908681,74.09870355744877,7.805175719168336
10,20,30.15317403995268,74.18073512789123,30.15025120908681,74.09870355744877,7.894034916303716
11,17,30.199713275590334,74.15949015514933,30.15025120908681,74.09870355744877,8.024517699058995
12,26,30.133497938326403,74.19132885281033,30.15025120908681,74.09870355744877,9.099544520995506
13,9,30.124310943937616,74.18949188381002,30.15025120908681,74.09870355744877,9.19472463809652
14,34,30.067079100858415,74.09440699956637,30.15025120908681,74.09870355744877,9.257546646944276
15,45,30.06479727942226,74.10108627051652,30.15025120908681,74.09870355744877,9.504807333570096
16,15,30.149241953219494,74.19955108536543,30.15025120908681,74.09870355744877,9.697340032688253
17,36,30.171015633940016,74.1977751545594,30.15025120908681,74.09870355744877,9.800731989521603
18,31,30.2402029723534,74.10934356453069,30.15025120908681,74.09870355744877,10.05431651458573
19,40,30.13252078983092,74.20319245617542,30.15025120908681,74.09870355744877,10.23926528309087
20,30,30.10363320705476,74.19430981867254,30.15025120908681,74.09870355744877,10.555376712268915
21,4,30.131886310844404,74.20726575714211,30.15025120908681,74.09870355744877,10.637244145525651
22,39,30.098571752168755,74.19763410009955,30.15025120908681,74.09870355744877,11.115475732077387
23,6,30.092889532977587,74.19918273899773,30.15025120908681,74.09870355744877,11.579143162596985
24,24,30.04891871280347,74.13923890559083,30.15025120908681,74.09870355744877,11.923360094172388
25,41,30.13405504435422,74.22364330824848,30.15025120908681,74.09870355744877,12.148361157720252
26,33,30.03585017932881,74.13380424878024,30.15025120908681,74.09870355744877,13.16141426020467
27,32,30.075875570185605,74.20694215154037,30.15025120908681,74.09870355744877,13.296227597754823
28,7,30.16589751129837,74.23639237431915,30.15025120908681,74.09870355744877,13.35177171312801
29,1,30.056143375661254,74.18962291044184,30.15025120908681,74.09870355744877,13.638102101346668
30,18,30.090712844202493,74.22876463338157,30.15025120908681,74.09870355744877,14.153189418418208
31,69,19.4572288893727,78.30397202134466,19.44900954109353,78.29608120292016,1.2327938641898801
32,97,19.460648885878285,78.3099683538421,19.44900954109353,78.29608120292016,1.9480826446831918
33,94,19.425192436297305,78.29967389088188,19.44900954109353,78.29608120292016,2.675000888587207
34,75,19.429440330013595,78.32029617462204,19.44900954109353,78.29608120292016,3.3439420278696943
35,90,19.440645253317197,78.33150975865286,19.44900954109353,78.29608120292016,3.829438249233895
36,89,19.41384395421223,78.30389907380547,19.44900954109353,78.29608120292016,3.995246634924222
37,78,19.41113196897343,78.30590768402745,19.44900954109353,78.29608120292016,4.336010324136126
38,54,19.427857462772835,78.34034209918794,19.44900954109353,78.29608120292016,5.203009854496296
39,85,19.484124262700263,78.34019372166925,19.44900954109353,78.29608120292016,6.05256419527236
40,86,19.396242102257077,78.25766172505737,19.44900954109353,78.29608120292016,7.117551154502684
41,60,19.509492853969217,78.31906881393753,19.44900954109353,78.29608120292016,7.144133680732878
42,76,19.382240776317296,78.30318714173244,19.44900954109353,78.29608120292016,7.461653991303681
43,93,19.496550678172408,78.34742631132848,19.44900954109353,78.29608120292016,7.544483674213092
44,53,19.40292846301267,78.35177467990667,19.44900954109353,78.29608120292016,7.769436105374913
45,98,19.37659811395508,78.29860492240654,19.44900954109353,78.29608120292016,8.056132162146602
46,65,19.37544691545858,78.28921731349952,19.44900954109353,78.29608120292016,8.211403561481003
47,77,19.376529107181103,78.31668714444477,19.44900954109353,78.29608120292016,8.344148840432936
48,92,19.439578363907973,78.37606614213645,19.44900954109353,78.29608120292016,8.451972211842405
49,91,19.372551146363456,78.30910289389988,19.44900954109353,78.29608120292016,8.610769070079549
50,82,19.40163056106971,78.23055907847035,19.44900954109353,78.29608120292016,8.658265105685823
51,87,19.37919768169806,78.25792482066942,19.44900954109353,78.29608120292016,8.733402997410412
52,84,19.36654561779523,78.28999234411592,19.44900954109353,78.29608120292016,9.191778645739715
53,96,19.383228498645508,78.35888625387084,19.44900954109353,78.29608120292016,9.842934421127444
54,55,19.36498035222876,78.32899568006134,19.44900954109353,78.29608120292016,9.96089076919658
55,81,19.345681812400173,78.31717336209664,19.44900954109353,78.29608120292016,11.700553186756187
56,100,19.510308413992814,78.20433017881116,19.44900954109353,78.29608120292016,11.788582022748727
57,68,19.44654417550516,78.18140800459719,19.44900954109353,78.29608120292016,12.026694136962083
58,59,19.45193840392137,78.18124994061208,19.44900954109353,78.29608120292016,12.044346259524307
59,51,19.545588682005075,78.35211193434579,19.44900954109353,78.29608120292016,12.240155881228802
60,80,19.385929560574105,78.19517607953348,19.44900954109353,78.29608120292016,12.695523233224701
61,121,23.822132837197096,91.26398233924942,23.83822756442152,91.23702774400468,3.2741003170112557
62,125,23.82251133773634,91.20909236361904,23.83822756442152,91.23702774400468,3.3358381687756773
63,107,23.84567459256138,91.27449022709152,23.83822756442152,91.23702774400468,3.899104269916335
64,147,23.83593292157371,91.27719092395245,23.83822756442152,91.23702774400468,4.092950251231704
65,116,23.81889984094045,91.27269200994246,23.83822756442152,91.23702774400468,4.216470537770467
66,122,23.835880115705,91.28004963207933,23.83822756442152,91.23702774400468,4.383527478871191
67,128,23.824794101920805,91.28208531648438,23.83822756442152,91.23702774400468,4.82027714179543
68,106,23.88094493925203,91.25734453732916,23.83822756442152,91.23702774400468,5.179833305706097
69,134,23.88116288025097,91.26080419913129,23.83822756442152,91.23702774400468,5.351542905362919
70,131,23.832402475773225,91.2912228163892,23.83822756442152,91.23702774400468,5.5501705570593955
71,112,23.836637359921337,91.29664202922945,23.83822756442152,91.23702774400468,6.065918972263982
72,123,23.824994707797615,91.17501223904046,23.83822756442152,91.23702774400468,6.477197190904879
73,119,23.86182228360604,91.29816912563284,23.83822756442152,91.23702774400468,6.7488949649830845
74,133,23.84397704361503,91.3060413679589,23.83822756442152,91.23702774400468,7.048199500765609
75,118,23.785080479901065,91.2771532095984,23.83822756442152,91.23702774400468,7.182390385580045
76,117,23.80898199245276,91.3018123211165,23.83822756442152,91.23702774400468,7.34861704343317
77,111,23.81566383336521,91.30585339612556,23.83822756442152,91.23702774400468,7.436801497084204
78,105,23.80099125707039,91.17329414583456,23.83822756442152,91.23702774400468,7.692567358094446
79,130,23.790018060818262,91.30094010626472,23.83822756442152,91.23702774400468,8.426638136583723
80,136,23.807718014441143,91.3220845620345,23.83822756442152,91.23702774400468,9.293392017554108
81,113,23.92295620240767,91.265562547107,23.83822756442152,91.23702774400468,9.85800116378311
82,108,23.75317457239561,91.19578288239228,23.83822756442152,91.23702774400468,10.346635938052371
83,129,23.883564500233675,91.14631948055538,23.83822756442152,91.23702774400468,10.511916793796765
84,110,23.925414211505988,91.29939480751558,23.83822756442152,91.23702774400468,11.584370961479292
85,149,23.891395234280065,91.3376627721068,23.83822756442152,91.23702774400468,11.818354162890818
86,101,23.725194732602063,91.24162288470292,23.83822756442152,91.23702774400468,12.577371524436234
87,124,23.722577427579694,91.24336165095046,23.83822756442152,91.23702774400468,12.875848885207796
88,103,23.731904006484942,91.17139529902433,23.83822756442152,91.23702774400468,13.57837742114598
89,102,23.73710816128705,91.14407544919531,23.83822756442152,91.23702774400468,14.692716238071627
90,138,23.96773306955072,91.16868064565922,23.83822756442152,91.23702774400468,15.988913697707417
91,185,27.15142544013027,77.93946894409326,27.11124266513109,77.90331454243008,5.724062419746792
92,152,27.061063773171306,77.8879343128115,27.11124266513109,77.90331454243008,5.783664447498867
93,154,27.133013202868963,77.96395452185389,27.11124266513109,77.90331454243008,6.471232199581295
94,181,27.140255372333822,77.99105350291153,27.11124266513109,77.90331454243008,9.262965306718872
95,162,27.16255814348372,77.97832330982854,27.11124266513109,77.90331454243008,9.36223848330623
96,193,27.17119536548473,77.97036740140726,27.11124266513109,77.90331454243008,9.405509339399197
97,192,27.16609131883652,77.82341509647107,27.11124266513109,77.90331454243008,9.985280026874282
98,168,27.020639945252213,77.90825356129949,27.11124266513109,77.90331454243008,10.086425695052903
99,199,27.184341958723603,77.96431856448257,27.11124266513109,77.90331454243008,10.124351101552499
100,195,27.19646875271859,77.95181537376693,27.11124266513109,77.90331454243008,10.62238276340588
101,156,27.03418054877553,77.97426659782424,27.11124266513109,77.90331454243008,11.080508835624922
102,167,27.21134309721222,77.88616671013816,27.11124266513109,77.90331454243008,11.259203168493784
103,182,27.196819510814542,77.83396311774409,27.11124266513109,77.90331454243008,11.731584450205585
104,186,27.19704805078408,77.99029805830445,27.11124266513109,77.90331454243008,12.849033673244726
105,159,27.20410636966672,77.98742724867566,27.11124266513109,77.90331454243008,13.261891667933245
106,184,27.186517948956077,78.00978689143969,27.11124266513109,77.90331454243008,13.455203154486407
107,173,27.178101712801517,78.01856314278746,27.11124266513109,77.90331454243008,13.612920274940704
108,158,27.183992376731386,78.01452799438293,27.11124266513109,77.90331454243008,13.657478560705073
109,166,27.221759590250663,77.96425668862435,27.11124266513109,77.90331454243008,13.688141935477338
110,165,27.17813678814827,78.02208258329428,27.11124266513109,77.90331454243008,13.908026394012436
111,188,27.180834711921086,78.03153241730914,27.11124266513109,77.90331454243008,14.860460804767458
112,189,27.233863680267504,77.9697035475351,27.11124266513109,77.90331454243008,15.134046405737491
113,200,27.03971739937789,78.03991385139622,27.11124266513109,77.90331454243008,15.689714556138483
114,170,27.174097843234765,78.04941941340746,27.11124266513109,77.90331454243008,16.057803589556045
115,196,27.221925705498904,78.01001505130576,27.11124266513109,77.90331454243008,16.214020229585852
116,176,27.26125341078567,77.88934640611524,27.11124266513109,77.90331454243008,16.737553240113307
117,157,27.224264896981826,78.01671420240883,27.11124266513109,77.90331454243008,16.84613863325652
118,183,27.14832197895938,78.07017723031326,27.11124266513109,77.90331454243008,17.019813981351547
119,194,27.2177733445825,78.03140009117519,27.11124266513109,77.90331454243008,17.346094655766677
120,177,27.25294718218427,77.8279520861188,27.11124266513109,77.90331454243008,17.43118081631763
121,202,19.10055986952498,74.55062098089395,19.10615745333701,74.4848182595023,6.941943381251348
122,205,19.133234409919694,74.61709560786102,19.10615745333701,74.4848182595023,14.21959804995854
123,212,19.130120358657077,74.64838165394028,19.10615745333701,74.4848182595023,17.38964915909884
124,246,19.14259036799577,74.65732592653274,19.10615745333701,74.4848182595023,18.570579750966388
125,217,19.256949814655258,74.57226634332612,19.10615745333701,74.4848182595023,19.117755271605038
126,245,19.14012671599541,74.66961398432446,19.10615745333701,74.4848182595023,19.77844785742554
127,242,19.10203383765657,74.6778391663131,19.10615745333701,74.4848182595023,20.286066635282026
128,238,19.099312068764263,74.68485624365319,19.10615745333701,74.4848182595023,21.03212580946732
129,243,18.98573279096864,74.65506818651615,19.10615745333701,74.4848182595023,22.3500528481108
130,218,19.09703697921831,74.70035443115138,19.10615745333701,74.4848182595023,22.669621155140334
131,222,19.09739068548365,74.70121672707809,19.10615745333701,74.4848182595023,22.758391535521177
132,201,19.12809303474596,74.70261870804532,19.10615745333701,74.4848182595023,23.012318746572706
133,224,18.959301785526424,74.64218261790735,19.10615745333701,74.4848182595023,23.243887256226465
134,203,19.032408780664163,74.71409785105959,19.10615745333701,74.4848182595023,25.452890437051806
135,207,19.13727212760977,74.72966017884626,19.10615745333701,74.4848182595023,25.954654274797452
136,221,19.09352821755561,74.73742869593579,19.10615745333701,74.4848182595023,26.579815047682306
137,219,19.17180508997606,74.72835612706271,19.10615745333701,74.4848182595023,26.604376710254844
138,214,18.911061694359464,74.63268025959775,19.10615745333701,74.4848182595023,26.6881949726092
139,215,19.0234024091165,74.7233014281765,19.10615745333701,74.4848182595023,26.699425791471214
140,208,18.89878860532249,74.62353803581684,19.10615745333701,74.4848182595023,27.283529270014338
141,249,19.23498729839812,74.71490010930104,19.10615745333701,74.4848182595023,28.092127770764286
142,235,19.20009990535669,74.73522294814556,19.10615745333701,74.4848182595023,28.300804628332283
143,233,19.0601956106834,74.75032864374826,19.10615745333701,74.4848182595023,28.365157425405123
144,228,18.93180736246775,74.70011919441872,19.10615745333701,74.4848182595023,29.80140458999584
145,204,19.11802665295736,74.77239652632528,19.10615745333701,74.4848182595023,30.243460760666032
146,236,19.163633031107533,74.77012347505415,19.10615745333701,74.4848182595023,30.645506944157265
147,250,18.92893032539332,74.72403940015673,19.10615745333701,74.4848182595023,31.949850413135383
148,209,18.89405520710575,74.70311472728392,19.10615745333701,74.4848182595023,32.90873662579695
149,241,19.07499246196815,74.79691800318632,19.10615745333701,74.4848182595023,32.97786377929862
150,216,19.32506270815712,74.7006517049513,19.10615745333701,74.4848182595023,33.25776983413684
151,255,23.01321561677801,72.57005757376636,23.012939218962742,72.56707892955738,0.3063963144616042
152,269,23.00911973650996,72.57322646687271,23.012939218962742,72.56707892955738,0.7591092758056124
153,273,23.011220411964555,72.57873883731901,23.012939218962742,72.56707892955738,1.2085563713435017
154,251,23.023620532019645,72.56239274390175,23.012939218962742,72.56707892955738,1.2808817731583573
155,261,23.017142838871155,72.58574295282837,23.012939218962742,72.56707892955738,1.9665103517822717
156,257,23.032973440428933,72.58148055420875,23.012939218962742,72.56707892955738,2.6711142770341345
157,280,23.027965871244287,72.59030469916668,23.012939218962742,72.56707892955738,2.905448948183907
158,285,23.014566756900606,72.5969085359139,23.012939218962742,72.56707892955738,3.058271470658066
159,284,23.00763851075052,72.59812817631529,23.012939218962742,72.56707892955738,3.2320168821090247
160,265,23.042257402391648,72.56007343924081,23.012939218962742,72.56707892955738,3.337928627772149
161,253,23.048636884430444,72.56407328713556,23.012939218962742,72.56707892955738,3.9812978210545777
162,275,23.007929348172897,72.61367934584156,23.012939218962742,72.56707892955738,4.801861591468609
163,266,22.97761714980649,72.60205044945091,23.012939218962742,72.56707892955738,5.3141528337798745
164,297,23.00156250049908,72.51587871169282,23.012939218962742,72.56707892955738,5.390870115860641
165,294,23.06052607034304,72.59764223486263,23.012939218962742,72.56707892955738,6.146556160846078
166,287,23.067268487668848,72.55250471733018,23.012939218962742,72.56707892955738,6.22248797474412
167,292,23.067998657347648,72.55431903539564,23.012939218962742,72.56707892955738,6.26000454862165
168,298,23.064672049214924,72.59951963264848,23.012939218962742,72.56707892955738,6.641513087413017
169,258,23.06878877574955,72.59297879863365,23.012939218962742,72.56707892955738,6.752031803320142
170,262,23.02055094569508,72.6359315040975,23.012939218962742,72.56707892955738,7.097211968611081
171,263,22.952151548403407,72.58883842466997,23.012939218962742,72.56707892955738,7.116852557058444
172,260,23.074429937265396,72.52718892957016,23.012939218962742,72.56707892955738,7.963074920977285
173,286,22.9391435122286,72.56766288601831,23.012939218962742,72.56707892955738,8.205925960546804
174,289,22.973183631924297,72.63688608398144,23.012939218962742,72.56707892955738,8.402392834640523
175,290,22.982739683482297,72.48943813684937,23.012939218962742,72.56707892955738,8.627432293890463
176,256,23.05077664547831,72.49154060422478,23.012939218962742,72.56707892955738,8.800767628121728
177,281,23.000864885859105,72.65518822730179,23.012939218962742,72.56707892955738,9.117403166924758
178,274,22.94244635884677,72.52125060599869,23.012939218962742,72.56707892955738,9.135203995798303
179,283,23.003274978117005,72.47806984835562,23.012939218962742,72.56707892955738,9.173180486741497
180,272,23.02000789093212,72.47721138614605,23.012939218962742,72.56707892955738,9.230836089489655
181,308,23.909855876715653,92.59576002426049,23.917153361065843,92.59593315330618,0.8116340524692678
182,339,23.866447694979158,92.58591889523682,23.917153361065843,92.59593315330618,5.729398577892697
183,343,23.86605912670158,92.62750449102865,23.917153361065843,92.59593315330618,6.5254201240866205
184,330,23.848577683909,92.58700280670176,23.917153361065843,92.59593315330618,7.679136381229494
185,301,23.83640660995048,92.6287559574068,23.917153361065843,92.59593315330618,9.578824126701596
186,328,23.91607460814217,92.69308319413786,23.917153361065843,92.59593315330618,9.875770973400918
187,326,23.82941106374613,92.6284451346414,23.917153361065843,92.59593315330618,10.301358684442004
188,311,23.81428952575407,92.61663955365069,23.917153361065843,92.59593315330618,11.630126990977795
189,350,23.900209978996685,92.7141269664546,23.917153361065843,92.59593315330618,12.161640487184425
190,336,23.808867533903587,92.5690468735281,23.917153361065843,92.59593315330618,12.347337017940959
191,338,23.83368984971621,92.68874881091736,23.917153361065843,92.59593315330618,13.236221290683483
192,327,23.801743166102003,92.56016949879084,23.917153361065843,92.59593315330618,13.33842384873344
193,312,23.80579719917007,92.52141886407694,23.917153361065843,92.59593315330618,14.516781829276647
194,323,23.81644352212648,92.6912252563027,23.917153361065843,92.59593315330618,14.808753427043875
195,335,23.961678578792075,92.75903623661152,23.917153361065843,92.59593315330618,17.299656207562332
196,346,23.79800771416025,92.72566203926496,23.917153361065843,92.59593315330618,18.69665278071833
197,320,23.772818927502616,92.69778912998264,23.917153361065843,92.59593315330618,19.10209218965617
198,321,23.746138067899192,92.644866411863,23.917153361065843,92.59593315330618,19.656602232577352
199,332,23.744921155512223,92.53628017036282,23.917153361065843,92.59593315330618,20.089538275024776
200,316,23.753056158118536,92.69146475722631,23.917153361065843,92.59593315330618,20.67263944412677
201,344,23.773742107077684,92.72650011421037,23.917153361065843,92.59593315330618,20.751580380682533
202,345,23.74079181372988,92.68520215801335,23.917153361065843,92.59593315330618,21.610650344305675
203,304,23.74522210591353,92.69716648891038,23.917153361065843,92.59593315330618,21.7144952099442
204,303,23.72005808189132,92.63743356673731,23.917153361065843,92.59593315330618,22.318887141710128
205,349,23.73378111167802,92.69953062676323,23.917153361065843,92.59593315330618,22.952129726743834
206,318,23.74171791702938,92.71942413024009,23.917153361065843,92.59593315330618,23.201765035544952
207,307,23.736814887908096,92.71493600558163,23.917153361065843,92.59593315330618,23.422964579013893
208,315,23.906265213672505,92.8419917000198,23.917153361065843,92.59593315330618,25.04142638585403
209,348,23.82624944352402,92.82131580103928,23.917153361065843,92.59593315330618,25.04764257138501
210,324,23.74072105946937,92.76749003298102,23.917153361065843,92.59593315330618,26.25617547562574
211,363,26.274850679947185,74.5056962128088,26.26518513436941,74.54393802395433,3.961681430643484
212,376,26.29597474742767,74.51327128680663,26.26518513436941,74.54393802395433,4.590183559296445
213,366,26.314961502543216,74.50844163973657,26.26518513436941,74.54393802395433,6.569448114558221
214,385,26.32887332628792,74.53098453967512,26.26518513436941,74.54393802395433,7.198568973864637
215,380,26.32000991870723,74.49224268230434,26.26518513436941,74.54393802395433,7.982690855235989
216,369,26.33107058938898,74.50946814023685,26.26518513436941,74.54393802395433,8.091938355952072
217,357,26.32467687942742,74.60754899841076,26.26518513436941,74.54393802395433,9.163675721861296
218,356,26.34528499236469,74.51175450683822,26.26518513436941,74.54393802395433,9.466832472546859
219,353,26.345505655362533,74.63473068848877,26.26518513436941,74.54393802395433,12.715090002382246
220,361,26.374393132021037,74.58316268784286,26.26518513436941,74.54393802395433,12.757163494124832
221,379,26.36457328445496,74.65628217858131,26.26518513436941,74.54393802395433,15.732769060548929
222,382,26.333328849774134,74.68299316006473,26.26518513436941,74.54393802395433,15.79756150044956
223,398,26.424132968354357,74.59823285354977,26.26518513436941,74.54393802395433,18.48372744357349
224,372,26.41906185063772,74.61415950285834,26.26518513436941,74.54393802395433,18.485864170258836
225,371,26.431099758018004,74.51383227764042,26.26518513436941,74.54393802395433,18.691163805901606
226,395,26.421557382269405,74.61557029033519,26.26518513436941,74.54393802395433,18.795908556321873
227,394,26.396399723094888,74.67256902710518,26.26518513436941,74.54393802395433,19.421892389260268
228,396,26.415600282600867,74.64379472460698,26.26518513436941,74.54393802395433,19.461648216994092
229,374,26.427873738295187,74.61758202110136,26.26518513436941,74.54393802395433,19.521860738931938
230,367,26.40120481909852,74.66855575030573,26.26518513436941,74.54393802395433,19.57003125223505
231,400,26.42977815119184,74.64859809031094,26.26518513436941,74.54393802395433,21.064620404270602
232,351,26.357146063946875,74.74210036014951,26.26518513436941,74.54393802395433,22.241815638559657
233,388,26.46128190120725,74.49913154784753,26.26518513436941,74.54393802395433,22.257235422002097
234,389,26.434341893823223,74.6657398174653,26.26518513436941,74.54393802395433,22.38500653040895
235,358,26.4526002724844,74.63777721526665,26.26518513436941,74.54393802395433,22.840839137446405
236,378,26.27116627285536,74.784970788581,26.26518513436941,74.54393802395433,24.04307808913144
237,390,26.463203182853952,74.65196641320146,26.26518513436941,74.54393802395433,24.50830010370657
238,365,26.45502154880962,74.6740685457683,26.26518513436941,74.54393802395433,24.772605509085174
239,355,26.48485000480981,74.62066178363386,26.26518513436941,74.54393802395433,25.59354897634233
240,384,26.463669797584565,74.41096394967435,26.26518513436941,74.54393802395433,25.741378250539647
241,426,20.69159613560489,76.74098746755385,20.70117020230424,76.74279208133954,1.0810104158174567
242,421,20.72498476221065,76.75793460220915,20.70117020230424,76.74279208133954,3.081013218340406
243,450,20.729079938042226,76.83324668950132,20.70117020230424,76.74279208133954,9.906500836465778
244,425,20.6060661509285,76.7607614661972,20.70117020230424,76.74279208133954,10.739097314217862
245,439,20.622182541751982,76.83702841098507,20.70117020230424,76.74279208133954,13.163287153796226
246,407,20.585967149397764,76.79315308869354,20.70117020230424,76.74279208133954,13.840412209224617
247,427,20.78485518134953,76.88588315838719,20.70117020230424,76.74279208133954,17.549718738765645
248,445,20.830820207078787,76.85727633978975,20.70117020230424,76.74279208133954,18.695356896788415
249,415,20.611251915595545,76.9207161082763,20.70117020230424,76.74279208133954,21.039911034259013
250,436,20.848051409291084,76.8723136574477,20.70117020230424,76.74279208133954,21.167787481266558
251,402,20.71040845470243,76.94887494486059,20.70117020230424,76.74279208133954,21.459825423105453
252,434,20.64507465402455,76.9565897985312,20.70117020230424,76.74279208133954,23.10051308011085
253,405,20.56266257473807,76.91638124499059,20.70117020230424,76.74279208133954,23.738544181755895
254,446,20.590950110899826,76.94362631540427,20.70117020230424,76.74279208133954,24.226300720373025
255,424,20.67133618592849,76.97604201356991,20.70117020230424,76.74279208133954,24.489795847015294
256,435,20.748855129125054,76.97792676376905,20.70117020230424,76.74279208133954,25.022124861988733
257,437,20.73508288510734,76.99027373674343,20.70117020230424,76.74279208133954,26.013889393921556
258,441,20.799409406160045,76.97576849520738,20.70117020230424,76.74279208133954,26.574343348058
259,431,20.576582971788348,76.96347796697651,20.70117020230424,76.74279208133954,26.81929592744146
260,449,20.664869073635536,76.99803973247819,20.70117020230424,76.74279208133954,26.85802525981142
261,447,20.87279345287911,76.92476835911502,20.70117020230424,76.74279208133954,26.871235092574338
262,422,20.71522516422503,77.00260815527758,20.70117020230424,76.74279208133954,27.06888166314276
263,413,20.745669492524904,76.99962756755626,20.70117020230424,76.74279208133954,27.165469758662205
264,430,20.69074408472756,77.00755203437204,20.70117020230424,76.74279208133954,27.564560087395385
265,432,20.788823475034256,76.99380640553359,20.70117020230424,76.74279208133954,27.86225882659225
266,410,20.66416756424025,77.00854709885161,20.70117020230424,76.74279208133954,27.950595318118168
267,408,20.880223003433663,76.9333244803037,20.70117020230424,76.74279208133954,28.083836964476063
268,442,20.618485803352456,77.00193709945437,20.70117020230424,76.74279208133954,28.48699189387435
269,409,20.705290231455795,77.02044978971215,20.70117020230424,76.74279208133954,28.884033747548276
270,401,20.790445894372866,77.00585820897075,20.70117020230424,76.74279208133954,29.10051174339746
271,466,9.494571771631042,76.33022677181233,9.496457173993209,76.3263139457618,0.4775984415432446
272,459,9.493389191422748,76.32143673941043,9.496457173993209,76.3263139457618,0.634419106301545
273,490,9.491783897051317,76.33048079347707,9.496457173993209,76.3263139457618,0.6920019251759846
274,464,9.491433801449826,76.34249866427041,9.496457173993209,76.3263139457618,1.8608225035370853
275,460,9.512527964978522,76.33319175940888,9.496457173993209,76.3263139457618,1.9396578333873176
276,488,9.521322354444106,76.32908131835156,9.496457173993209,76.3263139457618,2.7814884565455675
277,482,9.520697385749726,76.31925240523432,9.496457173993209,76.3263139457618,2.8044330917976
278,476,9.522977571959624,76.32662479487009,9.496457173993209,76.3263139457618,2.949130740107116
279,456,9.483208257076958,76.35182500555854,9.496457173993209,76.3263139457618,3.162038276236918
280,497,9.50575359223292,76.3565689868149,9.496457173993209,76.3263139457618,3.475352713641324
281,468,9.486103358688876,76.29309892738695,9.496457173993209,76.3263139457618,3.8203842095867193
282,463,9.526860866022204,76.30807345363878,9.496457173993209,76.3263139457618,3.9282109364088864
283,494,9.46586359168929,76.30083802573101,9.496457173993209,76.3263139457618,4.402222930713931
284,465,9.497240936699136,76.36809905842307,9.496457173993209,76.3263139457618,4.5834422155244825
285,453,9.472410442641594,76.29222541516316,9.496457173993209,76.3263139457618,4.59642951436908
286,461,9.488844262698068,76.27789158420103,9.496457173993209,76.3263139457618,5.377637052156948
287,458,9.45402927195484,76.2961746177804,9.496457173993209,76.3263139457618,5.760593360356265
288,471,9.511022227571528,76.38881501602036,9.496457173993209,76.3263139457618,7.0431509358573035
289,474,9.490900462215086,76.25014202349129,9.496457173993209,76.3263139457618,8.37674423063492
290,473,9.558574121267352,76.37865586336864,9.496457173993209,76.3263139457618,8.980758948822043
291,483,9.418483097220337,76.30328045102115,9.496457173993209,76.3263139457618,9.030899840904105
292,470,9.530889944741729,76.24213731345391,9.496457173993209,76.3263139457618,9.993789198046853
293,496,9.40584900923286,76.33408608748844,9.496457173993209,76.3263139457618,10.111169908854826
294,484,9.52610572077884,76.41469405318652,9.496457173993209,76.3263139457618,10.237665689103732
295,492,9.419074343596328,76.3832834451834,9.496457173993209,76.3263139457618,10.634091568238144
296,457,9.420484071791144,76.2602356146068,9.496457173993209,76.3263139457618,11.130797248247902
297,475,9.411878089460629,76.38185554524175,9.496457173993209,76.3263139457618,11.205479543601278
298,467,9.463559428670848,76.42431772003785,9.496457173993209,76.3263139457618,11.354113413551167
299,493,9.605389544454464,76.33891648777185,9.496457173993209,76.3263139457618,12.19130181571006
300,477,9.37952957222157,76.31514237221407,9.496457173993209,76.3263139457618,13.059375322377036
301,541,27.90978742548538,78.08792688191147,27.92114757135418,78.10585306626358,2.1674951858705915
302,545,27.90063634913098,78.09946823841787,27.92114757135418,78.10585306626358,2.365458203277887
303,548,27.898646901974654,78.10139839675635,27.92114757135418,78.10585306626358,2.5399616771370392
304,542,27.90155413383101,78.09105145877102,27.92114757135418,78.10585306626358,2.6195396651785963
305,537,27.913029511759472,78.08002546917807,27.92114757135418,78.10585306626358,2.6934516893719476
306,524,27.954087050314527,78.09431420766542,27.92114757135418,78.10585306626358,3.8340954522252244
307,509,27.90533430351245,78.07047729646354,27.92114757135418,78.10585306626358,3.8953964595930395
308,510,27.893808847026285,78.07896120078823,27.92114757135418,78.10585306626358,4.027890322693658
309,543,27.88788215101956,78.1256454564639,27.92114757135418,78.10585306626358,4.179105520594274
310,549,27.883460687543177,78.10503454799957,27.92114757135418,78.10585306626358,4.1913621384435755
311,531,27.93287160390019,78.14970838702308,27.92114757135418,78.10585306626358,4.50150218861566
312,528,27.89189298694624,78.0715488573435,27.92114757135418,78.10585306626358,4.684505353978324
313,516,27.87907967214871,78.09532925129156,27.92114757135418,78.10585306626358,4.790693569153239
314,521,27.88014283253122,78.12118517708436,27.92114757135418,78.10585306626358,4.8020101660477685
315,517,27.877637651155965,78.10292536569116,27.92114757135418,78.10585306626358,4.846629422284494
316,547,27.877557437000544,78.0969715309745,27.92114757135418,78.10585306626358,4.9249567593098735
317,514,27.880457659236697,78.12583242592547,27.92114757135418,78.10585306626358,4.932139268613827
318,501,27.96462988491576,78.09288075491754,27.92114757135418,78.10585306626358,5.000115400587785
319,540,27.88121640027512,78.0795938849324,27.92114757135418,78.10585306626358,5.13553223797177
320,522,27.885034644146387,78.07293356509487,27.92114757135418,78.10585306626358,5.156502056785023
321,503,27.883245870812612,78.07055536520778,27.92114757135418,78.10585306626358,5.4583241605347785
322,526,27.884247117783342,78.06867667855674,27.92114757135418,78.10585306626358,5.493811116174256
323,507,27.963431106397916,78.07476207630377,27.92114757135418,78.10585306626358,5.60658510254404
324,527,27.880356030329605,78.07107393814007,27.92114757135418,78.10585306626358,5.679302049191294
325,518,27.884718150327835,78.14879083364228,27.92114757135418,78.10585306626358,5.849099967698076
326,508,27.88105792175266,78.06442673361228,27.92114757135418,78.10585306626358,6.036901771585431
327,539,27.88168148627788,78.0570488112112,27.92114757135418,78.10585306626358,6.50072147709873
328,511,27.900426718406315,78.16846692259388,27.92114757135418,78.10585306626358,6.569741340352441
329,525,27.86128983701574,78.11828381803632,27.92114757135418,78.10585306626358,6.767065332522231
330,519,27.861328147713788,78.08037689018776,27.92114757135418,78.10585306626358,7.107234273281116
331,576,26.42149339279464,89.37051572937919,26.420932248673985,89.39132414597807,2.0730474388516047
332,586,26.46900646023068,89.37626111965865,26.420932248673985,89.39132414597807,5.551985551500634
333,587,26.426328655760138,89.46392186260506,26.420932248673985,89.39132414597807,7.254010988253677
334,591,26.402811776813618,89.46559937072654,26.420932248673985,89.39132414597807,7.666464086826378
335,568,26.36588584491785,89.44540250588665,26.420932248673985,89.39132414597807,8.153458017356035
336,559,26.436728415004985,89.47191042439593,26.420932248673985,89.39132414597807,8.214262882437508
337,553,26.51329527915387,89.42268626358926,26.420932248673985,89.39132414597807,10.73427832185648
338,583,26.4335874526126,89.50230495613813,26.420932248673985,89.39132414597807,11.140155386872246
339,584,26.42806301278713,89.50775585884307,26.420932248673985,89.39132414597807,11.621054760471173
340,578,26.465264376948063,89.49918990942935,26.420932248673985,89.39132414597807,11.816591685219569
341,600,26.4326762196869,89.51089402848983,26.420932248673985,89.39132414597807,11.977625494108604
342,582,26.467350892615404,89.50078222011248,26.420932248673985,89.39132414597807,12.058237256519378
343,563,26.378655316862893,89.50521405058646,26.420932248673985,89.39132414597807,12.278825482478366
344,555,26.358956800003696,89.50916680369055,26.420932248673985,89.39132414597807,13.611431730470178
345,581,26.37383452130897,89.51819052878835,26.420932248673985,89.39132414597807,13.67826591512456
346,589,26.453038449632395,89.53057883665433,26.420932248673985,89.39132414597807,14.317363965284434
347,551,26.443974255359887,89.53396578183198,26.420932248673985,89.39132414597807,14.432161524464426
348,580,26.51585032111177,89.49275044428093,26.420932248673985,89.39132414597807,14.605587311897803
349,571,26.480456240614348,89.52479733579791,26.420932248673985,89.39132414597807,14.845076233536606
350,597,26.560291811550822,89.39056038782218,26.420932248673985,89.39132414597807,15.496262786046875
351,574,26.51206936288172,89.51515181682845,26.420932248673985,89.39132414597807,15.957023472490642
352,599,26.447289896091437,89.55481698184177,26.420932248673985,89.39132414597807,16.54057086996463
353,572,26.543076976684087,89.48646171775955,26.420932248673985,89.39132414597807,16.556748839453366
354,573,26.47580809228197,89.54817768448144,26.420932248673985,89.39132414597807,16.765673126466464
355,558,26.465430909132014,89.55728269431206,26.420932248673985,89.39132414597807,17.248017502398184
356,579,26.49274349449641,89.54703891528831,26.420932248673985,89.39132414597807,17.43708896419766
357,596,26.52325555917388,89.52508153220086,26.420932248673985,89.39132414597807,17.513139389749416
358,560,26.369110396394284,89.5631951635205,26.420932248673985,89.39132414597807,18.062652536681874
359,564,26.359422334801454,89.55937643229113,26.420932248673985,89.39132414597807,18.082605818739353
360,557,26.55851152561357,89.50697969015079,26.420932248673985,89.39132414597807,19.144610675654175
361,617,25.436888724660005,81.90782937827043,25.418489916992648,81.9213442736088,2.4551042111204504
362,628,25.43915029969142,81.89442740812399,25.418489916992648,81.9213442736088,3.5474246858964276
363,640,25.4441641600002,81.94423804054337,25.418489916992648,81.9213442736088,3.6654508023482637
364,618,25.38426752010218,81.9174928664565,25.418489916992648,81.9213442736088,3.82497034661336
365,612,25.45708187862205,81.88796519353298,25.418489916992648,81.9213442736088,5.4450817489975
366,639,25.444901337336283,81.96839598974907,25.418489916992648,81.9213442736088,5.5632578793607435
367,633,25.448178469484823,81.87284858509956,25.418489916992648,81.9213442736088,5.883334418134268
368,622,25.40912558807622,81.86284608313667,25.418489916992648,81.9213442736088,5.966812158176655
369,647,25.43278808546492,81.86321476555061,25.418489916992648,81.9213442736088,6.050282682451817
370,632,25.45315876882161,81.86587245401044,25.418489916992648,81.9213442736088,6.774148478812151
371,606,25.45891880733415,81.8633362256964,25.418489916992648,81.9213442736088,7.357851225225113
372,643,25.483492310714137,81.90361637905997,25.418489916992648,81.9213442736088,7.443875320364733
373,650,25.45831217443966,81.85866665246289,25.418489916992648,81.9213442736088,7.695356589282121
374,625,25.43119739316728,81.84418569264295,25.418489916992648,81.9213442736088,7.876477751770024
375,637,25.393468136529886,81.8459138288843,25.418489916992648,81.9213442736088,8.071059126937643
376,638,25.446007208365675,81.84636392380143,25.418489916992648,81.9213442736088,8.127448004034212
377,604,25.454778045987045,81.85100513226001,25.418489916992648,81.9213442736088,8.134488468465602
378,601,25.461602738844835,81.8551729236408,25.418489916992648,81.9213442736088,8.193325270457484
379,629,25.452361485420948,81.84867979083668,25.418489916992648,81.9213442736088,8.21143677521866
380,607,25.347124599221484,81.90027277444841,25.418489916992648,81.9213442736088,8.212954551088078
381,649,25.42552009311092,81.83884689358138,25.418489916992648,81.9213442736088,8.321841933611754
382,644,25.445226705469395,81.84278475240698,25.418489916992648,81.9213442736088,8.430533402443855
383,648,25.43138710117212,81.83776966434026,25.418489916992648,81.9213442736088,8.514664198237957
384,623,25.436678257446243,81.8384300941693,25.418489916992648,81.9213442736088,8.568617429357396
385,603,25.45358109692873,81.84499831521215,25.418489916992648,81.9213442736088,8.602246204231541
386,630,25.44192413110757,81.83618600982022,25.418489916992648,81.9213442736088,8.93987776596739
387,635,25.444147073029526,81.82918728482431,25.418489916992648,81.9213442736088,9.684196881068662
388,614,25.337567102644854,81.87545976850397,25.418489916992648,81.9213442736088,10.110275510183728
389,611,25.503646565037517,81.96065639445028,25.418489916992648,81.9213442736088,10.258586681593517
390,609,25.51041865468917,81.94891428369506,25.418489916992648,81.9213442736088,10.590104952819134
391,669,27.590592016371176,76.62901226608211,27.6156042101708,76.6221884467623,2.861357949262269
392,698,27.64858647766205,76.59176422684436,27.6156042101708,76.6221884467623,4.736376932430312
393,668,27.644519590993387,76.5799368705507,27.6156042101708,76.6221884467623,5.259585047124933
394,696,27.571881361024403,76.60127360018805,27.6156042101708,76.6221884467623,5.280607124403499
395,672,27.61011563995484,76.55881154126092,27.6156042101708,76.6221884467623,6.2742649873433125
396,678,27.56397108074652,76.58461928427779,27.6156042101708,76.6221884467623,6.8316338519671085
397,664,27.62020599639272,76.69367286517769,27.6156042101708,76.6221884467623,7.061582842235551
398,688,27.5517491371989,76.61726824874314,27.6156042101708,76.6221884467623,7.116899391497528
399,652,27.67743651291917,76.58290504036636,27.6156042101708,76.6221884467623,7.8894783725627775
400,651,27.57667990839892,76.55123711450094,27.6156042101708,76.6221884467623,8.223116426982743
401,658,27.615784022189573,76.70631133019039,27.6156042101708,76.6221884467623,8.288418411764829
402,663,27.575638993117597,76.54897793529395,27.6156042101708,76.6221884467623,8.473384098545319
403,671,27.534237007175303,76.66562106948533,27.6156042101708,76.6221884467623,10.00926701510889
404,699,27.61918112577285,76.51738911119939,27.6156042101708,76.6221884467623,10.333085025512538
405,694,27.64639652728516,76.72280912194638,27.6156042101708,76.6221884467623,10.487177109496185
406,686,27.713766236763902,76.65075417881965,27.6156042101708,76.6221884467623,11.271830353417727
407,692,27.51784244009841,76.57964053424972,27.6156042101708,76.6221884467623,11.651603233008373
408,683,27.603958230579188,76.50133773255716,27.6156042101708,76.6221884467623,11.977935733515663
409,653,27.607849524108545,76.74678622897576,27.6156042101708,76.6221884467623,12.306962974892611
410,697,27.5316662714227,76.53589436645835,27.6156042101708,76.6221884467623,12.627690535451434
411,675,27.53708063849411,76.71735456188237,27.6156042101708,76.6221884467623,12.814786045619064
412,676,27.55699429050921,76.50953528185862,27.6156042101708,76.6221884467623,12.873840682456219
413,654,27.618089241653497,76.47071097145876,27.6156042101708,76.6221884467623,14.927055435706022
414,682,27.54149411323975,76.49392647150918,27.6156042101708,76.6221884467623,15.090330715147038
415,681,27.497631921311893,76.74205241091366,27.6156042101708,76.6221884467623,17.655111622169212
416,693,27.604540455892156,76.80806954879272,27.6156042101708,76.6221884467623,18.35655852376433
417,689,27.466559821350565,76.53956162935016,27.6156042101708,76.6221884467623,18.466985343341015
418,673,27.78150630329225,76.63788940497157,27.6156042101708,76.6221884467623,18.512122603488468
419,665,27.78085278906269,76.57725469534006,27.6156042101708,76.6221884467623,18.899838476205225
420,662,27.79005613923625,76.62872848548209,27.6156042101708,76.6221884467623,19.40885188202657
421,746,30.351991168656,76.76553928475262,30.34297527878087,76.75832457783709,1.218337843971917
422,710,30.343088426279337,76.77873273739844,30.34297527878087,76.75832457783709,1.9584695115550632
423,737,30.325118845274783,76.77015557836312,30.34297527878087,76.75832457783709,2.287273275016042
424,748,30.34823316380629,76.78390768192907,30.34297527878087,76.75832457783709,2.5236251033666615
425,732,30.34687802536121,76.78990627250117,30.34297527878087,76.75832457783709,3.0615297936940724
426,713,30.361413649540843,76.79056233001516,30.34297527878087,76.75832457783709,3.711106346270384
427,715,30.308228364093846,76.77093032606682,30.34297527878087,76.75832457783709,4.048689803329338
428,722,30.350297369036145,76.8019335879799,30.34297527878087,76.75832457783709,4.263167271917835
429,726,30.30534802166416,76.74209939790539,30.34297527878087,76.75832457783709,4.464388022987343
430,716,30.375509710014995,76.7900750347572,30.34297527878087,76.75832457783709,4.729464481928946
431,736,30.37071463575013,76.79842218546354,30.34297527878087,76.75832457783709,4.931131318739577
432,702,30.352568811418788,76.80920035379667,30.34297527878087,76.75832457783709,4.997146390267479
433,703,30.301904749942167,76.78291939099813,30.34297527878087,76.75832457783709,5.1408978998384285
434,701,30.31606607371457,76.71379422192199,30.34297527878087,76.75832457783709,5.217176158701222
435,743,30.31001951541819,76.79920726526724,30.34297527878087,76.75832457783709,5.368944934001991
436,711,30.36050336943593,76.81269115101337,30.34297527878087,76.75832457783709,5.568920764187311
437,709,30.300784567988124,76.79202765280735,30.34297527878087,76.75832457783709,5.698601401557119
438,744,30.29220111996767,76.74830588882315,30.34297527878087,76.75832457783709,5.727145866087844
439,733,30.34694024924871,76.81918548067958,30.34297527878087,76.75832457783709,5.856900079916555
440,708,30.36953737844339,76.81266071320648,30.34297527878087,76.75832457783709,5.992057052116634
441,731,30.388069566565772,76.79317228127921,30.34297527878087,76.75832457783709,6.026655051118411
442,750,30.38128024706324,76.80532528214496,30.34297527878087,76.75832457783709,6.202977710281929
443,707,30.35794148949546,76.82423056212858,30.34297527878087,76.75832457783709,6.539355503141016
444,706,30.321228006282173,76.69480435824786,30.34297527878087,76.75832457783709,6.558367334957148
445,727,30.28330572408634,76.74006639639657,30.34297527878087,76.75832457783709,6.8625323643272385
446,738,30.383073281154864,76.81328657768562,30.34297527878087,76.75832457783709,6.905580834662785
447,734,30.2802313851416,76.76173189611302,30.34297527878087,76.75832457783709,6.984465445394915
448,712,30.279385094688127,76.76364331111103,30.34297527878087,76.75832457783709,7.089315135209585
449,741,30.36868039423538,76.68172539952486,30.34297527878087,76.75832457783709,7.885953970458063
450,718,30.30672452696971,76.83325790885877,30.34297527878087,76.75832457783709,8.244719329384745
451,751,20.95562080878258,77.87851628172048,20.94869917289475,77.8694855939678,1.213167683363333
452,757,20.977520848566225,77.86539555096958,20.94869917289475,77.8694855939678,3.232840701170931
453,756,20.9548858592408,77.83648014103967,20.94869917289475,77.8694855939678,3.4957390722362445
454,777,20.89448857927361,77.87176390395776,20.94869917289475,77.8694855939678,6.032585866688602
455,798,20.90797573723259,77.82045410415122,20.94869917289475,77.8694855939678,6.814483065996948
456,761,20.94166154959542,77.80424263414758,20.94869917289475,77.8694855939678,6.820359669532481
457,759,20.89016615989026,77.84837107390094,20.94869917289475,77.8694855939678,6.868120404682092
458,764,20.92189589880955,77.80659949189943,20.94869917289475,77.8694855939678,7.178899846558249
459,788,20.957770629505244,77.79995207632425,20.94869917289475,77.8694855939678,7.29060936767631
460,784,20.88037839458584,77.85279132295146,20.94869917289475,77.8694855939678,7.792307283929376
461,758,20.94464640543965,77.79273411386357,20.94869917289475,77.8694855939678,7.983098415566441
462,769,20.909314854826995,77.7953017452256,20.94869917289475,77.8694855939678,8.862281494798331
463,772,20.91780052470388,77.77820266326181,20.94869917289475,77.8694855939678,10.08364148947151
464,753,20.970985737477942,77.77219692368026,20.94869917289475,77.8694855939678,10.401709390798963
465,792,20.994280008395695,77.78093250662614,20.94869917289475,77.8694855939678,10.498818976187222
466,762,20.931086660166866,77.76308781125331,20.94869917289475,77.8694855939678,11.221745835785752
467,765,20.931040693191303,77.76302504493,20.94869917289475,77.8694855939678,11.229058527809876
468,771,20.905034946188177,77.76898657820892,20.94869917289475,77.8694855939678,11.511819467352835
469,796,20.91377395568336,77.76338046063853,20.94869917289475,77.8694855939678,11.684053729960034
470,754,20.94532967925953,77.7540943802565,20.94869917289475,77.8694855939678,11.988796351322181
471,795,20.94329759957837,77.75325232062532,20.94869917289475,77.8694855939678,12.085401402278498
472,760,20.925142984551893,77.7544602334184,20.94869917289475,77.8694855939678,12.229550277782511
473,766,20.93574223111328,77.75101813113052,20.94869917289475,77.8694855939678,12.38686476579242
474,783,20.93729664946559,77.74896643924717,20.94869917289475,77.8694855939678,12.579851409339664
475,780,20.88070838478226,77.77249695671833,20.94869917289475,77.8694855939678,12.595398487810609
476,774,20.934048573796492,77.7459278886572,20.94869917289475,77.8694855939678,12.934482280820816
477,775,20.85796547113296,77.79105691455656,20.94869917289475,77.8694855939678,12.967743942386798
478,791,20.94551730740999,77.74320651407542,20.94869917289475,77.8694855939678,13.118367772800493
479,767,20.923821346271662,77.74044686094938,20.94869917289475,77.8694855939678,13.683678644500963
480,793,20.888222308556056,77.74530700623495,20.94869917289475,77.8694855939678,14.545740043282295
481,832,31.69640201437287,74.88639577838536,31.72242246490817,74.90286543077464,3.286136351260181
482,842,31.702004939630594,74.92881829483005,31.72242246490817,74.90286543077464,3.3438383881942966
483,848,31.692327466030942,74.935097261518,31.72242246490817,74.90286543077464,4.5271785298429705
484,807,31.681748387038663,74.91765775934047,31.72242246490817,74.90286543077464,4.734303024264356
485,812,31.689660610678978,74.93927900624183,31.72242246490817,74.90286543077464,5.013696486870653
486,820,31.67474737506856,74.91911700317559,31.72242246490817,74.90286543077464,5.5196902146093985
487,810,31.67184168544416,74.9448937584656,31.72242246490817,74.90286543077464,6.887931742206552
488,808,31.65987014585642,74.86179975984948,31.72242246490817,74.90286543077464,7.96715185684244
489,834,31.64780948889608,74.87629028171077,31.72242246490817,74.90286543077464,8.669277134065023
490,805,31.64469292061729,74.9363295628001,31.72242246490817,74.90286543077464,9.20490129267897
491,822,31.64742595927795,74.95614220962462,31.72242246490817,74.90286543077464,9.744516863350356
492,845,31.642284046386987,74.85810346399946,31.72242246490817,74.90286543077464,9.866384631726023
493,826,31.6452391629518,74.85012688385862,31.72242246490817,74.90286543077464,9.927738521896048
494,839,31.63515069277176,74.92812688291282,31.72242246490817,74.90286543077464,9.994259407807814
495,833,31.632788073508515,74.91363389912638,31.72242246490817,74.90286543077464,10.018845299928504
496,814,31.631951376800863,74.89336268292541,31.72242246490817,74.90286543077464,10.100036521344618
497,831,31.631750043724654,74.92834999696083,31.72242246490817,74.90286543077464,10.36671500280119
498,847,31.640963775285897,74.8421776091943,31.72242246490817,74.90286543077464,10.724764196885731
499,824,31.677988455361994,74.80170070818814,31.72242246490817,74.90286543077464,10.770850678311799
500,809,31.630821724268884,74.85759365727371,31.72242246490817,74.90286543077464,11.049809701355377
501,837,31.62170724742419,74.87597796166644,31.72242246490817,74.90286543077464,11.484443503376042
502,844,31.621842062506087,74.86212110772244,31.72242246490817,74.90286543077464,11.830038021744354
503,838,31.631868621890845,74.96855467773807,31.72242246490817,74.90286543077464,11.833319905273884
504,830,31.61776926370693,74.87608705446317,31.72242246490817,74.90286543077464,11.909650104266072
505,828,31.616101760296445,74.88115068212188,31.72242246490817,74.90286543077464,11.999601573953981
506,843,31.606820122222107,74.89145314857892,31.72242246490817,74.90286543077464,12.899690638982928
507,811,31.60927065314509,74.87172225991061,31.72242246490817,74.90286543077464,12.92252378104473
508,802,31.658244892122795,74.78697171172702,31.72242246490817,74.90286543077464,13.083001624802204
509,804,31.61276645980553,74.9539129148847,31.72242246490817,74.90286543077464,13.115381021221786
510,827,31.60349269356108,74.9227367660381,31.72242246490817,74.90286543077464,13.357448456892397
511,851,23.648970741885098,87.12039210786637,23.65684756806153,87.10414088905897,1.8726932173526374
512,866,23.61715171343645,87.10863425340271,23.65684756806153,87.10414088905897,4.437646636139571
513,886,23.69817826069429,87.07158970142432,23.65684756806153,87.10414088905897,5.666496140988593
514,853,23.71764520609157,87.09886183139378,23.65684756806153,87.10414088905897,6.781726815054391
515,852,23.666339470562413,87.1754038381006,23.65684756806153,87.10414088905897,7.33425623523457
516,869,23.72217959132811,87.06181185648882,23.65684756806153,87.10414088905897,8.446997153005503
517,882,23.70009219865378,87.02413394293353,23.65684756806153,87.10414088905897,9.460592479117413
518,867,23.60442525844412,87.01723416124925,23.65684756806153,87.10414088905897,10.599949265983508
519,896,23.581943483860723,87.03805914873914,23.65684756806153,87.10414088905897,10.709650394736427
520,880,23.752483289126108,87.12020733588268,23.65684756806153,87.10414088905897,10.759281196309868
521,894,23.68401101434962,87.0018226647386,23.65684756806153,87.10414088905897,10.849030195592093
522,871,23.559113846508595,87.06948857302434,23.65684756806153,87.10414088905897,11.426640561880756
523,899,23.67728119056027,86.99413383569807,23.65684756806153,87.10414088905897,11.43149329336513
524,897,23.67253001927697,86.99117130499995,23.65684756806153,87.10414088905897,11.636737355316104
525,878,23.68188630662224,86.9920830699635,23.65684756806153,87.10414088905897,11.746787469751563
526,854,23.689714741196084,86.99293735236088,23.65684756806153,87.10414088905897,11.899835249977338
527,881,23.67974224376404,86.98587927021082,23.65684756806153,87.10414088905897,12.310083888725746
528,875,23.68413560053902,86.98410461301484,23.65684756806153,87.10414088905897,12.595447057987435
529,891,23.687961946455395,86.98381862941395,23.65684756806153,87.10414088905897,12.732510764269783
530,858,23.68480292749641,86.9744970186839,23.65684756806153,87.10414088905897,13.563899592422315
531,861,23.67526903042059,86.97217075395206,23.65684756806153,87.10414088905897,13.595494537147166
532,900,23.654841253422237,86.96398111707437,23.65684756806153,87.10414088905897,14.277218385946858
533,883,23.69423031629561,86.96823864050533,23.65684756806153,87.10414088905897,14.450521494696309
534,874,23.537163259711715,87.04684852803139,23.65684756806153,87.10414088905897,14.532444929333431
535,876,23.544463063993355,87.02421390804575,23.65684756806153,87.10414088905897,14.916137928624016
536,893,23.673725728424003,86.95693252037661,23.65684756806153,87.10414088905897,15.109314312040107
537,870,23.65234928030672,86.95312769362621,23.65684756806153,87.10414088905897,15.389189366285327
538,890,23.74993668486806,86.99010106285877,23.65684756806153,87.10414088905897,15.554960964809998
539,885,23.80267135183088,87.1039637215318,23.65684756806153,87.10414088905897,16.21487496848433
540,860,23.621116549437517,86.9444099061173,23.65684756806153,87.10414088905897,16.748990053077517
541,924,19.82793257680534,75.36591363250614,19.81954184883411,75.37825503975058,1.5928369687898642
542,925,19.844047049774183,75.37033675802006,19.81954184883411,75.37825503975058,2.847952690502252
543,940,19.81261082489273,75.40786427193274,19.81954184883411,75.37825503975058,3.191880507829511
544,934,19.828099684228604,75.34558408843745,19.81954184883411,75.37825503975058,3.5475687209577234
545,919,19.84311765933924,75.4105061442331,19.81954184883411,75.37825503975058,4.272318796568457
546,920,19.832327565585608,75.42131097997192,19.81954184883411,75.37825503975058,4.722893049518427
547,941,19.83314292670962,75.33315673898483,19.81954184883411,75.37825503975058,4.9539530681665935
548,905,19.863539663819505,75.40490406480568,19.81954184883411,75.37825503975058,5.630639632868182
549,917,19.86877439140744,75.3583354526357,19.81954184883411,75.37825503975058,5.8574602278085885
550,921,19.86904946983748,75.35481856768622,19.81954184883411,75.37825503975058,6.026084784499036
551,914,19.76519751675205,75.36666650485702,19.81954184883411,75.37825503975058,6.163251617223146
552,930,19.85334813255958,75.32784740305576,19.81954184883411,75.37825503975058,6.475334802280772
553,908,19.827257510188467,75.44033277554101,19.81954184883411,75.37825503975058,6.550119943103207
554,929,19.861031097355177,75.33060158352495,19.81954184883411,75.37825503975058,6.791657988228346
555,907,19.88467763810533,75.36963084509242,19.81954184883411,75.37825503975058,7.298717050481553
556,902,19.88163082247637,75.34923256188493,19.81954184883411,75.37825503975058,7.541788334432333
557,937,19.88285041545053,75.40918167312955,19.81954184883411,75.37825503975058,7.747133934102361
558,949,19.87816921007055,75.33668118098134,19.81954184883411,75.37825503975058,7.836120219112653
559,904,19.867747541623928,75.43359927578288,19.81954184883411,75.37825503975058,7.889221066246439
560,916,19.877663424628917,75.33330784258526,19.81954184883411,75.37825503975058,7.991708656716405
561,927,19.875189634571825,75.32691311369771,19.81954184883411,75.37825503975058,8.192897689524617
562,938,19.89431665128615,75.40217400057708,19.81954184883411,75.37825503975058,8.682734921600213
563,922,19.89773948728581,75.36237238671293,19.81954184883411,75.37825503975058,8.852414848396831
564,901,19.859506911598324,75.30451654950011,19.81954184883411,75.37825503975058,8.901344061940769
565,906,19.90318083048588,75.3957671524153,19.81954184883411,75.37825503975058,9.478840744009368
566,913,19.89200831789397,75.32726483469236,19.81954184883411,75.37825503975058,9.662731379385475
567,947,19.88991102982917,75.32310356485428,19.81954184883411,75.37825503975058,9.720903843825393
568,903,19.905484712810583,75.40338644298295,19.81954184883411,75.37825503975058,9.91123791911281
569,943,19.7911845670774,75.28288193070092,19.81954184883411,75.37825503975058,10.464094220058067
570,948,19.789539893752643,75.28279382141848,19.81954184883411,75.37825503975058,10.52943864346434
571,996,24.72418445355194,84.39467436345645,24.72815197574958,84.39322291081679,0.4648873147492834
572,953,24.73341190289304,84.38981578668754,24.72815197574958,84.39322291081679,0.6785952075408622
573,951,24.736390080644437,84.39682747641605,24.72815197574958,84.39322291081679,0.985722671183459
574,977,24.73126277805874,84.38208340524585,24.72815197574958,84.39322291081679,1.177035650429744
575,957,24.715812206888145,84.38442772834829,24.72815197574958,84.39322291081679,1.6345857220365039
576,952,24.743465823222245,84.39005006972688,24.72815197574958,84.39322291081679,1.7327090196465784
577,955,24.732801631845387,84.37674538934867,24.72815197574958,84.39322291081679,1.742639102692701
578,960,24.72167204695176,84.37431518227538,24.72815197574958,84.39322291081679,2.041113399248396
579,989,24.744354673936115,84.38017714661211,24.72815197574958,84.39322291081679,2.232000646637581
580,970,24.74797749829052,84.38935466019915,24.72815197574958,84.39322291081679,2.2388439457569906
581,975,24.749689341764626,84.40329570992942,24.72815197574958,84.39322291081679,2.6019389646197557
582,999,24.74847325673065,84.3755589921856,24.72815197574958,84.39322291081679,2.8789143946937377
583,976,24.753358047404756,84.37927546884359,24.72815197574958,84.39322291081679,3.1368094943109592
584,962,24.699901696998143,84.3992856791746,24.72815197574958,84.39322291081679,3.200425469217944
585,979,24.75810574716517,84.38162708460072,24.72815197574958,84.39322291081679,3.5305670956363624
586,966,24.70743179935304,84.3628679649828,24.72815197574958,84.39322291081679,3.8352399394354406
587,992,24.73612426277751,84.4313936073847,24.72815197574958,84.39322291081679,3.9556761200684303
588,997,24.753421949310123,84.36562865714326,24.72815197574958,84.39322291081679,3.957422338403476
589,984,24.74844536685884,84.36099388787112,24.72815197574958,84.39322291081679,3.960525418660917
590,964,24.751158178624166,84.42319973708135,24.72815197574958,84.39322291081679,3.9634620977863144
591,973,24.72826692054485,84.35330441400006,24.72815197574958,84.39322291081679,4.031732981800529
592,998,24.7559892807191,84.42140131034495,24.72815197574958,84.39322291081679,4.204650944028738
593,954,24.765887542859357,84.37675021013317,24.72815197574958,84.39322291081679,4.513709428229811
594,995,24.77038161766432,84.3956344106292,24.72815197574958,84.39322291081679,4.702032003498984
595,971,24.766761552899144,84.41528307221522,24.72815197574958,84.39322291081679,4.836747184753387
596,958,24.77000192814955,84.41069580916606,24.72815197574958,84.39322291081679,4.9767801857038565
597,980,24.77052944864897,84.41744755918447,24.72815197574958,84.39322291081679,5.309288270564222
598,972,24.776572958202657,84.40482468665111,24.72815197574958,84.39322291081679,5.51015029815528
599,994,24.76916575068248,84.42613243075775,24.72815197574958,84.39322291081679,5.642915385852774
600,993,24.777720308620307,84.40921117456203,24.72815197574958,84.39322291081679,5.743332998548885
601,1015,25.88303945407021,80.80618552527486,25.87329661958514,80.79405162119619,1.627049477634071
602,1016,25.86787390942952,80.77472708890001,25.87329661958514,80.79405162119619,2.025285533935709
603,1044,25.893639679735983,80.78406630656268,25.87329661958514,80.79405162119619,2.4727952276081226
604,1012,25.89649488962647,80.79335446778624,25.87329661958514,80.79405162119619,2.5804725758390035
605,1008,25.896335279613957,80.78917548248084,25.87329661958514,80.79405162119619,2.607811530995759
606,1024,25.89764245318509,80.7945612242546,25.87329661958514,80.79405162119619,2.707613158795167
607,1038,25.9003791629396,80.79858164033294,25.87329661958514,80.79405162119619,3.0453478875613893
608,1025,25.90109089927293,80.80263112688553,25.87329661958514,80.79405162119619,3.207542400153571
609,1048,25.90332888921192,80.79242877271788,25.87329661958514,80.79405162119619,3.3433797784986727
610,1027,25.88245901213628,80.76212196482626,25.87329661958514,80.79405162119619,3.3529368459245124
611,1006,25.902018447101263,80.80821563822845,25.87329661958514,80.79405162119619,3.493926794290143
612,1047,25.84747567027883,80.81426450406703,25.87329661958514,80.79405162119619,3.511986198678666
613,1040,25.899023735319396,80.77258063049337,25.87329661958514,80.79405162119619,3.5773291384418764
614,1002,25.8456939184356,80.77441391266751,25.87329661958514,80.79405162119619,3.644386205178666
615,1022,25.852085689062164,80.76382641863299,25.87329661958514,80.79405162119619,3.835225235587915
616,1004,25.905043297786666,80.77888790793897,25.87329661958514,80.79405162119619,3.8421872739753566
617,1036,25.90670881948172,80.80713848669251,25.87329661958514,80.79405162119619,3.9391699789379526
618,1014,25.8763244071414,80.8340204601872,25.87329661958514,80.79405162119619,4.012934592232714
619,1019,25.832962124132557,80.7970955073818,25.87329661958514,80.79405162119619,4.495322160067162
620,1028,25.910951535039292,80.8124433996327,25.87329661958514,80.79405162119619,4.5734090471408555
621,1050,25.892858775451863,80.8401164140607,25.87329661958514,80.79405162119619,5.095923364881286
622,1039,25.917829996451665,80.78025463392581,25.87329661958514,80.79405162119619,5.140611082162328
623,1049,25.883622475290707,80.74003915977613,25.87329661958514,80.79405162119619,5.524288321378324
624,1010,25.82404125200084,80.80553576202168,25.87329661958514,80.79405162119619,5.596216855326512
625,1001,25.825418252687,80.81403655383482,25.87329661958514,80.79405162119619,5.6870627280326485
626,1046,25.919274655256537,80.76408153801383,25.87329661958514,80.79405162119619,5.926655610814851
627,1032,25.82055396475315,80.80535282569681,25.87329661958514,80.79405162119619,5.97276160242532
628,1045,25.906636491160214,80.7436974317149,25.87329661958514,80.79405162119619,6.254325645005211
629,1005,25.922079965893875,80.76253314159028,25.87329661958514,80.79405162119619,6.274115494219032
630,1041,25.83934923994431,80.84529343213573,25.87329661958514,80.79405162119619,6.367055593574449
631,1059,28.859756525009963,78.9692073546859,28.88783825089193,78.94250269496744,4.063464914383363
632,1068,28.84666900669909,78.98763769923131,28.88783825089193,78.94250269496744,6.346157696262473
633,1091,28.838668494223874,78.89419180950854,28.88783825089193,78.94250269496744,7.21290279753343
634,1100,28.821270179837924,78.93592476552419,28.88783825089193,78.94250269496744,7.429702049193437
635,1077,28.91018150054516,79.02783959436637,28.88783825089193,78.94250269496744,8.670941301738665
636,1083,28.80151537006457,78.94088006361088,28.88783825089193,78.94250269496744,9.599967405699363
637,1065,28.84301757290347,79.02762087468612,28.88783825089193,78.94250269496744,9.671731066904409
638,1058,28.83887492298208,79.03342042242167,28.88783825089193,78.94250269496744,10.39377060007254
639,1070,28.79159482917354,78.97770811061167,28.88783825089193,78.94250269496744,11.23775245786822
640,1089,28.79658885637035,79.00214792001613,28.88783825089193,78.94250269496744,11.691938614813099
641,1064,28.79020122055425,78.89050895277285,28.88783825089193,78.94250269496744,11.979864838795963
642,1086,28.86630177310333,79.06447521384071,28.88783825089193,78.94250269496744,12.11534021855047
643,1062,28.82073481277068,79.04067545729025,28.88783825089193,78.94250269496744,12.12800797443271
644,1082,28.77786490191347,78.98753530491545,28.88783825089193,78.94250269496744,12.991467067735044
645,1053,28.793622010915414,79.0237396296817,28.88783825089193,78.94250269496744,13.128788666028562
646,1051,28.77609551328692,78.98704669801756,28.88783825089193,78.94250269496744,13.161070598201807
647,1088,28.788930184689832,79.01752800145783,28.88783825089193,78.94250269496744,13.204624124902518
648,1099,28.8044242115006,79.0397224195318,28.88783825089193,78.94250269496744,13.254854232872278
649,1063,28.80440161690807,79.04066984741587,28.88783825089193,78.94250269496744,13.322681806537116
650,1085,28.838238797393867,79.06774849224563,28.88783825089193,78.94250269496744,13.385671872132374
651,1079,28.79860046290469,79.03685042977447,28.88783825089193,78.94250269496744,13.524377557875775
652,1084,28.81643429419506,79.0560892345968,28.88783825089193,78.94250269496744,13.616792435452057
653,1060,28.80416057880433,79.04597087094109,28.88783825089193,78.94250269496744,13.71611448603459
654,1071,28.79988033229365,79.04185976255229,28.88783825089193,78.94250269496744,13.7589588170339
655,1098,28.79713677855868,79.04426727965149,28.88783825089193,78.94250269496744,14.140917719786572
656,1056,28.796139759384207,79.0465700431505,28.88783825089193,78.94250269496744,14.377472690043502
657,1067,28.80307405506252,79.05627784118691,28.88783825089193,78.94250269496744,14.547748376481497
658,1052,28.803329113442484,79.05711008648468,28.88783825089193,78.94250269496744,14.591296789290988
659,1076,28.801990339114827,79.0613554248808,28.88783825089193,78.94250269496744,15.004323699304479
660,1073,28.75214206725401,78.92485301754753,28.88783825089193,78.94250269496744,15.186384084397282
661,1107,34.33392383164441,74.26867399282415,34.348704640919514,74.24879673220445,2.455978890995498
662,1150,34.35389352482933,74.28239168651116,34.348704640919514,74.24879673220445,3.137584348568037
663,1124,34.312960483783385,74.21543881424694,34.348704640919514,74.24879673220445,5.017923921226036
664,1126,34.35392887579457,74.18810759335797,34.348704640919514,74.24879673220445,5.601573725319728
665,1141,34.304518784851695,74.30109015228055,34.348704640919514,74.24879673220445,6.870194619784478
666,1131,34.4080023362988,74.2152440812072,34.348704640919514,74.24879673220445,7.277160537923288
667,1112,34.41547915231714,74.26826408205869,34.348704640919514,74.24879673220445,7.636880517474795
668,1148,34.422799278208274,74.28014613851215,34.348704640919514,74.24879673220445,8.726737073172407
669,1108,34.356633690414064,74.34753903423811,34.348704640919514,74.24879673220445,9.107349584781629
670,1122,34.278766462855984,74.16808231584777,34.348704640919514,74.24879673220445,10.743901114007494
671,1138,34.27536834106768,74.32837060327508,34.348704640919514,74.24879673220445,10.95039891738255
672,1125,34.273413219274445,74.34221027622509,34.348704640919514,74.24879673220445,11.98753842056479
673,1149,34.4203777722542,74.36563890493606,34.348704640919514,74.24879673220445,13.35958823807096
674,1137,34.23838531095869,74.31678176946156,34.348704640919514,74.24879673220445,13.765304734421802
675,1143,34.2309450473669,74.19460462965931,34.348704640919514,74.24879673220445,14.008786743701046
676,1115,34.24004034519236,74.36098451228501,34.348704640919514,74.24879673220445,15.88115415676089
677,1116,34.221378794193555,74.16402014962512,34.348704640919514,74.24879673220445,16.1590159581613
678,1135,34.21871194572499,74.33640393028502,34.348704640919514,74.24879673220445,16.544465854577005
679,1146,34.215786400304054,74.33879586964127,34.348704640919514,74.24879673220445,16.935696979760284
680,1111,34.22082992278984,74.35248293414006,34.348704640919514,74.24879673220445,17.115126069151884
681,1121,34.19734829118936,74.28937823051392,34.348704640919514,74.24879673220445,17.238206260322727
682,1145,34.2373776768489,74.39495329692494,34.348704640919514,74.24879673220445,18.2624481859811
683,1104,34.22186564974604,74.38198688271369,34.348704640919514,74.24879673220445,18.67232430501714
684,1110,34.29103252279624,74.43994072979547,34.348704640919514,74.24879673220445,18.688639232367933
685,1118,34.178279392815426,74.2756563542546,34.348704640919514,74.24879673220445,19.110500494079275
686,1139,34.18725464518958,74.32014889515028,34.348704640919514,74.24879673220445,19.11231108941529
687,1132,34.19315084568205,74.15996411739476,34.348704640919514,74.24879673220445,19.126168322011484
688,1106,34.17209368412697,74.25290522981334,34.348704640919514,74.24879673220445,19.6418717876273
689,1134,34.22288547475381,74.40092996724934,34.348704640919514,74.24879673220445,19.775978220739418
690,1123,34.16162964491646,74.2196212472381,34.348704640919514,74.24879673220445,20.97390129894768
691,1180,23.1797167353165,87.97203712665183,23.17982602477145,87.97450411952593,0.2524653190443126
692,1165,23.20315627012509,87.95276988371407,23.17982602477145,87.97450411952593,3.415367774062192
693,1183,23.13677504663113,87.96259847927664,23.17982602477145,87.97450411952593,4.93936864346418
694,1157,23.13378983551638,87.98526536791289,23.17982602477145,87.97450411952593,5.235883995191977
695,1173,23.179852067492828,87.90861698339799,23.17982602477145,87.97450411952593,6.734890979539066
696,1160,23.13834088002502,88.04366446627107,23.17982602477145,87.97450411952593,8.442282994964424
697,1197,23.15562545969997,87.88651527668137,23.17982602477145,87.97450411952593,9.388810974595035
698,1168,23.16339668688381,87.8820336844902,23.17982602477145,87.97450411952593,9.627691296867463
699,1194,23.26634182824983,87.9848302924936,23.17982602477145,87.97450411952593,9.677814549873075
700,1187,23.20099685681927,87.87407099518957,23.17982602477145,87.97450411952593,10.531787792557385
701,1162,23.084170924924194,87.95941450813119,23.17982602477145,87.97450411952593,10.74769785448603
702,1172,23.223014305977784,87.88010658501578,23.17982602477145,87.97450411952593,10.7767778012218
703,1195,23.21426165513068,88.07876493986413,23.17982602477145,87.97450411952593,11.32309975476885
704,1199,23.255598613106905,87.8972728224136,23.17982602477145,87.97450411952593,11.544562544513035
705,1192,23.288667559599173,87.9407423661401,23.17982602477145,87.97450411952593,12.584665834223387
706,1171,23.239719374301156,88.08264253578459,23.17982602477145,87.97450411952593,12.902877519142026
707,1191,23.165065264667508,87.84648402098816,23.17982602477145,87.97450411952593,13.189281382987756
708,1158,23.114029238441912,87.86256490185379,23.17982602477145,87.97450411952593,13.583727723456837
709,1163,23.276366973974906,88.065936319166,23.17982602477145,87.97450411952593,14.231066464309706
710,1186,23.242156290249,87.84753563347464,23.17982602477145,87.97450411952593,14.710544346996945
711,1174,23.261061593450894,87.85883014597528,23.17982602477145,87.97450411952593,14.876744983953875
712,1159,23.25661088541118,87.85147298359695,23.17982602477145,87.97450411952593,15.197553407922047
713,1170,23.252883690173075,87.84766326375414,23.17982602477145,87.97450411952593,15.297246102191147
714,1153,23.27804783305059,87.86922032046103,23.17982602477145,87.97450411952593,15.3303523054255
715,1169,23.138538200265632,87.83056665111305,23.17982602477145,87.97450411952593,15.414892797080741
716,1151,23.26044271722309,87.85147645127373,23.17982602477145,87.97450411952593,15.44051637350957
717,1200,23.275225599083484,87.86105030085028,23.17982602477145,87.97450411952593,15.713849847480374
718,1156,23.313154380118064,87.90696512177131,23.17982602477145,87.97450411952593,16.352603797850133
719,1189,23.345412616212297,87.99430889905078,23.17982602477145,87.97450411952593,18.52320829531335
720,1196,23.30121928520386,87.84975476079794,23.17982602477145,87.97450411952593,18.56509407415319
721,1235,28.34312594081882,79.37249978869127,28.343341803735385,79.38108186468348,0.8402261409414042
722,1202,28.35384066679668,79.37177884614567,28.343341803735385,79.38108186468348,1.4804337664173404
723,1226,28.346220001426687,79.40405447249846,28.343341803735385,79.38108186468348,2.270842703537058
724,1249,28.364335239948296,79.37943428068816,28.343341803735385,79.38108186468348,2.339924511506924
725,1218,28.330536225101547,79.4007548730928,28.343341803735385,79.38108186468348,2.3947308623597956
726,1236,28.330885976946742,79.40640291469869,28.343341803735385,79.38108186468348,2.8389578849065757
727,1241,28.359813912983867,79.40349706363766,28.343341803735385,79.38108186468348,2.8576559864613804
728,1208,28.331492102544058,79.41839403183279,28.343341803735385,79.38108186468348,3.882190572765058
729,1247,28.3465114196055,79.42167283316617,28.343341803735385,79.38108186468348,3.987968611051586
730,1215,28.34692167525039,79.4222280222824,28.343341803735385,79.38108186468348,4.0463165745740195
731,1237,28.313125797505585,79.34948415194714,28.343341803735385,79.38108186468348,4.566590424701549
732,1224,28.328821016889155,79.42556659090125,28.343341803735385,79.38108186468348,4.643541273542664
733,1201,28.34919253445756,79.428531954773,28.343341803735385,79.38108186468348,4.688913011932244
734,1212,28.30121755643664,79.39578202556679,28.343341803735385,79.38108186468348,4.900035532813691
735,1242,28.34702176793348,79.43292619592013,28.343341803735385,79.38108186468348,5.090116605063117
736,1209,28.31274922314698,79.42234726536022,28.343341803735385,79.38108186468348,5.280664446679285
737,1228,28.32194498281486,79.43000076921857,28.343341803735385,79.38108186468348,5.34647747558721
738,1248,28.30890495023536,79.4201589236376,28.343341803735385,79.38108186468348,5.4122584234268905
739,1222,28.39008943771849,79.40526792991328,28.343341803735385,79.38108186468348,5.711416992501016
740,1225,28.332767006047945,79.44143345500807,28.343341803735385,79.38108186468348,6.022491106408334
741,1211,28.385396007718537,79.4251927076729,28.343341803735385,79.38108186468348,6.363582134556697
742,1210,28.39490789190849,79.34477443185294,28.343341803735385,79.38108186468348,6.745122553349238
743,1223,28.31295360669698,79.44539010320487,28.343341803735385,79.38108186468348,7.144038727082361
744,1243,28.350287864486667,79.4568704882921,28.343341803735385,79.38108186468348,7.456896715160951
745,1234,28.365630307304585,79.45352515080077,28.343341803735385,79.38108186468348,7.509645175363382
746,1239,28.33060791926542,79.46299113508249,28.343341803735385,79.38108186468348,8.140594767138204
747,1250,28.382481514288106,79.45195383802456,28.343341803735385,79.38108186468348,8.187159905325393
748,1240,28.41735225590389,79.39052943364928,28.343341803735385,79.38108186468348,8.28132583492832
749,1205,28.408208184104623,79.4252873300387,28.343341803735385,79.38108186468348,8.410044128854144
750,1217,28.35065881023279,79.46699530602353,28.343341803735385,79.38108186468348,8.446879615928268
